title,company,location,description,category,created,salary_min,salary_max
Data Analyst,University of Houston,"New York City, New York","The University of Houston is seeking a dynamic and detail-oriented Data Analyst to join our innovative team. In this role, you will be responsible for taking data from multiple sources and transforming it into actionable insights that drive decision-making across our institution. You will work closely with various departments to identify their data needs, analyze trends, and present your findings in an accessible manner. This position calls for a highly analytical mind with a strong aptitude fo…",IT Jobs,2025-03-15T18:37:53Z,77573.32,77573.32
Data Analyst,ManpowerGroup,"Hoboken, Hudson County","Our client, a leader in the Health and Beauty industry, is seeking a Data Analyst to join their team. As a Data Analyst, you will be part of the Portfolio Operations team supporting various internal initiatives. The ideal candidate will have strong analytical skills, attention to detail, and the ability to communicate insights effectively, which will align successfully in the organization. Job Title: Data Analyst Location: Hoboken, NJ (100% onsite) Pay Range: $25 to $32 per hour W-2 What's the …",IT Jobs,2025-04-10T12:23:19Z,90466.08,90466.08
Data Analyst,Wind Turbine And Energy Cables,"Hasbrouck Heights, Bergen County","COMPANY PROFILE: At WTEC Energy, we help bring power to millions of people and businesses across the United States. Headquartered in Hasbrouck Heights, NJ, we are a leading manufacturer servicing the energy market with locations in 4 states. WTEC Energy is a privately held company committed to providing innovative, sustainable energy products and solutions for today and tomorrow. We service and support diverse markets including: Renewables (Solar and Wind), Electric Utility (Transmission, Subst…","Energy, Oil & Gas Jobs",2024-08-07T08:34:52Z,104004.44,104004.44
Data Analyst,Project Hospitality,"Stapleton and St. George, Staten Island","Job Details 211 Canal Street - Staten Island, NY Part Time High School/GED $34,000.00 - $36,000.00 Salary Day Description The Data Entry Analyst will be responsible for the entry of all deliverables into the system as well as conducting quality assurance on client-level data elements. This position will enter payments into HIMM and update assignments as advised by the Program Director. They will also assist the Program Director with the accuracy of Rent Worksheets and ensure that all encounters…",Admin Jobs,2025-02-27T20:40:24Z,34000.0,36000.0
Data Analyst,BGB Group,"New York City, New York","BGB Group Data Analyst Our Agency BGB Group is a healthcare communications agency that offers a wide range of services, including traditional pharmaceutical advertising, promotional medical education, payer marketing, and consulting services. Known for excellence and professionalism, we’re hired as strategic and creative partners by our biopharmaceutical clients to drive category/brand awareness and growth. Data Analyst Job Overview The Data Analyst will play a critical role in uncovering actio…",Scientific & QA Jobs,2025-02-05T13:48:36Z,70000.0,90000.0
Data Analyst,BGB Group,"New York City, New York","Job Description Job Description BGB Group Data Analyst Our Agency BGB Group is a healthcare communications agency that offers a wide range of services, including traditional pharmaceutical advertising, promotional medical education, payer marketing, and consulting services. Known for excellence and professionalism, we're hired as strategic and creative partners by our biopharmaceutical clients to drive category/brand awareness and growth. Data Analyst Job Overview The Data Analyst will play a c…",Scientific & QA Jobs,2025-04-03T01:37:09Z,101399.46,101399.46
Data Analyst,Fund For Public Health,"Astoria, Queens","The Fund for Public Health in New York City (FPHNYC) is a 501(c)3 non-profit organization that is dedicated to the advancement of the health and well-being of all New Yorkers. To this end, in partnership with the New York City Department of Health and Mental Hygiene (DOHMH), FPHNYC incubates innovative public health initiatives implemented by DOHMH to advance community health throughout the city. It facilitates partnerships, often new and unconventional, between government and the private secto…",Admin Jobs,2024-09-20T06:16:45Z,78272.53,78272.53
Data Analyst,netx,"New York City, New York","Data Analyst – part time Netx is a great place to work – we think you’re going to love it here. We pride ourselves on having a great team and fun work environment while doing great work for our industry leading clients like Dick’s Sporting Goods, Conde Nast, Audible.com and others. We’ve been doing this for more than 10 years and we plan to be around for a long time. If you visit our site you’ll see we’re “Results Obsessed”. Clients hire us because we get them quality customers through the inte…","PR, Advertising & Marketing Jobs",2024-08-07T08:42:40Z,73059.6,73059.6
Data Analyst,Stratford Solutions Inc.,"Jersey City, Hudson County","Job Description Job Description Job Title: Data Analyst (On-Site – Jersey City, NJ) Location: Jersey City, NJ Type: Full-time, On-site Schedule: Monday – Friday, 40 hrs/week Duration: 3-Year Contract Pay Rate: $35/hour Position Overview: The Port Authority of New York and New Jersey (PANYNJ) is seeking a detail-oriented and analytical Data Analyst to support operational, financial, and law enforcement reporting functions. This role is based on-site in Jersey City and involves close collaboratio…",IT Jobs,2025-04-14T14:43:43Z,74423.95,74423.95
Data Analyst,Ferry Machine Corporation,"Little Ferry, Bergen County","Job purpose We are currently seeking a Data Analytics & Resource Planning Specialist to support the People & Culture Department in making data-driven decisions. . Duties and responsibilities The Data Analyst will maintain data storage; assess database design; and gather, organize, and interpret statistical information based on the data in the database. Perform industry research using publically available data sources Requisition and purchase private data sources to provide research and analysis…",IT Jobs,2024-08-07T08:32:42Z,66133.84,66133.84
Data Analyst,Public Health Solutions,"Astoria, Queens","Company Overview : The New York City Department of Health and Mental Hygiene (DOHMH) is a world-renowned agency with a long tradition of protecting and promoting health in the nation’s most culturally and linguistically diverse city. Our 7,000-plus team members bring an extraordinary array of languages, cultures, and experiences to bear on the work of public health. Our diversity fuels creativity because all perspectives are heard and valued. DOHMH aims to improve the health outcomes of all New…",IT Jobs,2025-02-19T18:11:59Z,95000.0,95000.0
Data Analyst,Public Health Solutions,"New York City, New York","Job Description Job Description Company Overview : The New York City Department of Health and Mental Hygiene (DOHMH) is a world-renowned agency with a long tradition of protecting and promoting health in the nation’s most culturally and linguistically diverse city. Our 7,000-plus team members bring an extraordinary array of languages, cultures, and experiences to bear on the work of public health. Our diversity fuels creativity because all perspectives are heard and valued. DOHMH aims to improv…",IT Jobs,2025-04-15T11:18:09Z,95449.3,95449.3
Data Analyst,SourcePro Search,"New York City, New York","SourcePro Search has a fantastic opportunity for an experienced Data Analyst in the New York office of one of our top global clients. This role will support the production of financial management & client reports, analysis of monthly financial performance, and assistance with the analysis of departmental metrics. The successful candidate will have a degree in finance and at least 2-years of experience in an Analyst role within a mid to large sized company. This role offers a highly competitive …",Accounting & Finance Jobs,2024-08-01T10:59:28Z,95345.05,95345.05
Data Analyst,joberie USA,"East New York and New Lots, Brooklyn","Job Brief: As a Data Analyst I is responsible for the implementation of processes and daily duties which ensure the control and mitigation of risk to operational functions based on experience and specific duty delegation in accordance with applicable regulatory compliance requirements. Responsibilities: Assist with items processing including proof work, Fed adjustments, fraudulent items as applicable Communicate with vendors and make recommendations on hardware/software pertinent to current pro…",IT Jobs,2024-08-04T05:49:35Z,68150.49,68150.49
Data Analyst,Downtown Music,"New York City, New York","Job Description Job Description Downtown Music is a modern global music company committed to building a more equitable music industry. As the preferred partner for some of the world's most beloved songwriters, storied music catalogs, and emerging artists at the forefront of pop culture, we offer bespoke distribution, publishing administration, creative marketing and finance solutions to entrepreneurial creators and their partners. Downtown Music is owned and operated by Downtown Music Holdings.…",IT Jobs,2025-04-20T00:22:46Z,124507.88,124507.88
Data Analyst,Downtown Music,"New York City, New York","Downtown Music is a modern global music company committed to building a more equitable music industry. As the preferred partner for some of the world’s most beloved songwriters, storied music catalogs, and emerging artists at the forefront of pop culture, we offer bespoke distribution, publishing administration, creative marketing and finance solutions to entrepreneurial creators and their partners. Downtown Music is owned and operated by Downtown Music Holdings. THE ROLE Working alongside othe…",IT Jobs,2025-03-23T22:10:54Z,70000.0,90000.0
Data Analyst,Nesco Resource,"Queens, New York City","A major medical leader in healthcare practice management solutions has a need for a Healthcare Data Analyst . This is an onsite, full-time position located in Richmond Hill, NY. Overview/Position Summary This individual works in close collaboration with the Anesthesia leadership team, and under the direction of the Chairperson. They will be responsible for managing, analyzing, and interpreting large datasets within the department to help improve patient care, optimize anesthesia services, and s…",IT Jobs,2025-04-11T02:14:44Z,70710.5,70710.5
Data Analyst,Alloy,"New York City, New York","Alloy is where you belong Alloy helps solve the identity risk problem for companies that offer financial products by enabling them to outpace fraud and confidently serve more people around the world. Over 600 of the world’s largest financial institutions and fintechs turn to Alloy to take control of fraud, credit, and compliance risk, and grow with the clearest picture of their customers. Through our values: Be Bold, Get Scrappy, Collaborate, and Celebrate Our Differences, we are creating a wor…",Accounting & Finance Jobs,2025-01-12T06:33:58Z,105000.0,125000.0
Data Analyst,Manhattan University,"Bronx, New York City","Position Summary: Reporting to the Executive Director of Institutional Research with a dotted line to the Title V Project Director/Executive Director of Advising, the Data Analyst is responsible for supporting the data and reporting related to the centralized advising office and first-year experience. This is a grant-funded position that involves collecting and analyzing data to enable effective reporting to the U.S. Department of Education and the campus community. This is an on-site position.…",Teaching Jobs,2025-04-06T06:16:00Z,70000.0,75000.0
Data Analyst,Jun Group,"New York City, New York","Jun Group is a technology company building a world where consumers are in control of their data and advertisers can reach them directly. Intelligent advertising that inspires trust is our guiding principle. We’re passionate about making advertising better for everyone through our consent-based approach that empowers the world’s largest publishers, brands, and agencies to achieve their goals with integrity, transparency, and peace-of-mind. We are looking for a Data Analyst to join our engineerin…",IT Jobs,2025-04-10T21:44:55Z,80000.0,100000.0
Data Analyst,Meta,"Grand Central, Manhattan","Summary: The Social Measurement team is a growing team with high-visibility within the Communications organization that is being tasked with measuring the efficacy and impact of our social-first Communications and Marketing efforts. You'll play a unique role in shaping the way we approach reporting, define success, and leverage our own data to support the Communications team. In this role, you will employ data mining techniques to evaluate the success and efficacy of our social-first Communicat…",IT Jobs,2025-03-19T10:40:51Z,77958.6,77958.6
Data Analyst,Fortune Society,"Astoria, Queens","Job Details Long Island City - Long Island City, NY Full-Time Exempt $63000.00 - $68000.00 Salary/year Description Title: Data Analyst Unit: Employment Services Reports to: Program Manager, Data – Education and Employment Services Status: Full-Time; Regular; Exempt Salary range: $63,000 - $68,000 annually Location: Long Island City, NY 11101 Days/Hours: Monday through Friday, 9:00am to 5:00pm Organization Overview: The Fortune Society, Inc. (Fortune) has been working for over 57 years in servic…",IT Jobs,2025-04-14T23:08:51Z,63000.0,68000.0
Data Analyst,Fortune Society,"Hamilton Grange, Manhattan","Job Details Castle Gardens (West Harlem) - New York, NY Full-Time Non-Exempt $58000.00 - $65000.00 Salary/year Description Title: Data Analyst Unit: Housing Salary: $31.87 to $35.72 hourly (approximately $58,000 to $65,000 annually) Reporting To: VP of Housing Status: Full Time; Regular; Non-Exempt Location: Harlem Days/Hours: Monday-Friday 9am-5pm Position Summary: The Fortune Society’s Housing division provides supportive services to men, women and others impacted by mental health, substance …",Healthcare & Nursing Jobs,2025-03-18T21:04:44Z,58000.0,65000.0
Data Analyst,Endurance Services,"New York City, New York","As a leading provider of insurance and reinsurance with worldwide operations and employees in Bermuda, U.S., U.K., Continental Europe and Asia, we recognize that our success is derived directly from those who matter the most: our people . At Sompo International, our values of integrity, collaboration, agility, execution and excellence underpin our culture and our commitment to providing an employee experience that attracts and engages the best talent in the industry. As we continue to grow, we …",IT Jobs,2024-09-11T15:44:36Z,85000.0,130000.0
Data Analyst,FanDuel,"New York City, New York","ABOUT FANDUEL FanDuel Group is the premier mobile gaming company in the United States and Canada. FanDuel Group consists of a portfolio of leading brands across mobile wagering including: America’s 1 Sportsbook, FanDuel Sportsbook; its leading iGaming platform, FanDuel Casino; the industry’s unquestioned leader in horse racing and advance-deposit wagering, FanDuel Racing; and its daily fantasy sports product. In addition, FanDuel Group operates FanDuel TV, its broadly distributed linear cable t…",IT Jobs,2025-04-17T20:31:37Z,100000.0,130000.0
Data Analyst,Online River,"New York City, New York","Department Technical Employment Type Part Time Location New York Workplace type Fully remote Compensation $30.00 - $34.00 / hour Key Responsibilities Skills, Knowledge and Expertise About Online River We specialize in delivering innovative solutions and exceptional services to meet the diverse needs of our clients. With a strong commitment to quality and customer satisfaction, we strive to exceed expectations and drive success in every project we undertake.",Maintenance Jobs,2024-12-15T10:13:56Z,62400.0,70720.0
Data Analyst,US Tech Solutions,"Grand Central, Manhattan","Job summary - Required skills: SQL, DBT, Dashboarding with Looker. - Familiarity with Python, R, Amplitude, A/B testing, and Github - Pulling data from dashboards and our database using SQL, creating weekly reports for the exec team - Opportunity sizing for roadmapping and prioritization of projects, communicating with stakeholders - Identifying and fixing any reporting issues (e.g., able to diagnose where in the pipeline an issue occurred About US Tech Solutions: US Tech Solutions is a global …",IT Jobs,2025-01-07T18:44:56Z,64467.81,64467.81
Market Data Analyst,S4 Market Data,"New York City, New York","Summary: PLEASE NOTE - This is NOT a technical role for a Data Analyst, Data Scientist or someone with an IT background. Candidates MUST have experience in the Market Data realm and be able to administer Market Data contracts. Please read the description before you apply The Market Data Analyst at S4 Market Data will oversee client projects and be responsible for the overall service delivery of our managed services with respective clients. This position will manage market data service inquiries…",IT Jobs,2025-03-05T21:18:13Z,77910.29,77910.29
Business Data Analyst,TrekRecruit LLC,"Jersey City, Hudson County","Job Title: Business Data Analyst Location: Jersey City, NJ (Hybrid) Duration: Full Time The IT Business Lead Analyst is a senior-level position responsible for liaising between business users and technologists to exchange information in a concise, logical and understandable way in coordination with the Technology team. The overall objective of this role is to contribute to continuous iterative exploration and investigation of business performance and other measures to gain insight and drive bus…",IT Jobs,2025-04-17T07:45:38Z,120000.0,160000.0
Data Analyst - P2,United Nations Development Programme,"New York City, New York","United Nations Development Programme Background Hosted by the UN Development Programme (UNDP), the Multi-Partner Trust Fund Office (MPTF Office) is the only United Nations unit exclusively dedicated to the design and administration of multi-stakeholder pooled financing instruments. Since 2003, it has supported over 200 UN-implemented pooled funds, providing an integrated platform of inter-agency pooled fund services to help UN organizations and partners make fast and efficient progress towards …",IT Jobs,2025-04-16T04:52:17Z,99531.58,99531.58
Data Analyst - Hybrid,Credibly,"Gramercy Park and Murray Hill, Manhattan","Data Analyst Full-Time Hybrid, New York City Who We Are: We believe in small businesses and the people who grow them. At Credibly, we leverage cutting-edge data science, technology, partner relations, and customer support to provide business owners with accelerated access to right-sized capital solutions. From working capital loans and merchant cash advances to lines of credit and business expansion loans, we offer a suite of financing products that can accommodate nearly any stage of business …",IT Jobs,2025-02-01T08:31:59Z,94852.58,94852.58
Data Analyst Intern,targetspot,"Gramercy Park and Murray Hill, Manhattan","Description Targetspot is seeking a Data Analyst Intern to join our team for an exciting opportunity to work in the digital advertising industry. As a Data Analyst Intern, you will be responsible for analyzing large data sets and making data-driven recommendations to improve business performance. You will gain hands-on experience in data analysis, visualization tools, and business strategy. Responsibilities Analyze data sets to identify trends, insights, and opportunities for improvement Collec…",IT Jobs,2024-08-08T09:56:24Z,50127.82,50127.82
Data Analyst Intern,Avaya,"Franklin D Roosevelt, Manhattan","Description: Avaya is a leading internet company seeking a highly motivated and detail-oriented Data Analyst Intern to join our dynamic team. As a Data Analyst Intern, you will have the opportunity to work closely with the Data Analytics team and gain valuable experience in the field. You will be responsible for supporting the team in the collection, analysis, and visualization of data to drive strategic decision-making. Responsibilities Collect, cleanse, and transform data from various sources…",IT Jobs,2024-08-07T08:10:31Z,59174.95,59174.95
Restructuring Data Analyst,Mergermarket  Limited,"New York City, New York","Mergermarket (U.S.) Limited seeks Restructuring Data Analyst in New York, NY to analyze the financial data of the companies which are undergoing restructuring to generate insights. Apply  .",IT Jobs,2025-04-05T11:06:08Z,98223.51,98223.51
"Data Analyst, Empowerment",Riseboro Community Partnership,"East New York and New Lots, Brooklyn","Job Details 1875 BROADWAY - BROOKLYN, NY Full Time Associates $31.00 - $35.00 Hourly None Description ESSENTIAL DUTIES AND RESPONSIBILITIES The Data Analyst will report to the Director of Operations and support the overall project management responsibilities associated with the Home 4 Good. The Data Analyst will play a critical role in tracking, analyzing, and maintaining data related to client referrals, program activities, outcome metrics, and achievement. The Data Analyst will be responsible…",IT Jobs,2025-04-12T04:11:35Z,64480.0,72800.0
Marketing Data Analyst,US Tech Solutions,"Grand Central, Manhattan","Job Description: · As a Marketing Data Analyst, you will work providing insights, measurement expertise and strategic recommendations to some of the most digitally savvy global brands in the world in the FBR, HPC and Beauty verticals. · This is a data-oriented yet creative position that requires a sharp, analytical mind and an entrepreneurial spirit. Your knowledge of our internal and third party tools, as well as deep measurement expertise, combined with your curiosity to play with data combin…",IT Jobs,2024-05-10T15:34:40Z,78489.9,78489.9
Cubist Data Analyst,Point72,"New York City, New York","ROLE We are passionate about data. We collaborate to build elegant, effective, scalable and highly reliable solutions to empower predictive modelling in finance. Cubist’s data services group is looking for a Data Analyst to join our dedicated team. Our group is responsible for the timely delivery of comprehensive and error-free data to some of the most demanding and successful systematic Portfolio Managers in the world. This exceptional individual will be a member of a small team of Data Scient…",Accounting & Finance Jobs,2024-08-13T14:22:05Z,102785.89,102785.89
Senior Data Analyst,Workforce Opportunity Services,"Meadows, Hudson County","Workforce Opportunity Services (WOS) is a leading 501(c)(3) nonprofit dedicated to developing the skills of high-potential individuals who may not have access to career opportunities. Through strategic partnerships, WOS connects motivated talent with organizations seeking to expand their workforce with skilled professionals. Utilizing a scientifically-based model derived from research conducted at Columbia University, we recruit, educate, train, and place high-potential talent with leading orga…",IT Jobs,2025-03-19T08:22:24Z,104403.94,104403.94
Senior Data Analyst,S3,"New York City, New York","Job Description Senior Data Analyst – Cloud Data & Practice Development DIRECT HIRE/ PERMANENT OPPORTUNITY New York City, NY – hybrid onsite Salary range $200K - $300K – hybrid role in office/home Qualifications: • Proven experience in data architecture, cloud data modernization, and modern data stack technologies. • Strong hands-on skills with Snowflake, Kafka, Databricks, and familiarity with cloud platforms (AWS, Azure, GCP) and integration tools. • Demonstrated success in leading technical …",IT Jobs,2025-03-26T23:36:11Z,200000.0,300000.0
Data Analyst II,Rendr,"New York City, New York","Discover Better Health Careers with Rendr Who We Are Rendr is the leading primary care focused, multi-specialty medical group dedicated to serving the Asian community in New York City. We strive to provide world-class, value-based health care with kindness at more than 100 clinical offices throughout Brooklyn, Manhattan, Queens, Staten Island, and Nassau County. Why Join Rendr? Opportunities for professional growth and development. Competitive salary and benefits package. (Salary is based on pr…",Healthcare & Nursing Jobs,2025-02-16T08:04:34Z,67925.53,67925.53
Data Analyst III,West Coast Consulting,"New York City, New York","Job Description Onsite in New York, NY heavily preferred Data Analysts drive how the UX Research function is powered by empowering Research leaders to integrate business data into their daily decisions as well as longer-term investments. The Data Analyst role in the Research Operations Insights team will work alongside UX Researchers, Research Program Managers, and Research leaders to identify, track, and solve issues that advance the efficiency and efficacy of our UX Research ecosystem. This r…",IT Jobs,2025-04-07T20:57:49Z,149760.0,162323.0
Investment Data Analyst,AllianceBernstein LP,"New York City, New York","About Us: We are a leading global investment management firm offering high-quality research and diversified investment services to institutional clients, retail investors, and private-wealth clients in major markets around the globe. With over 4,000 employees across 57 locations operating in 26 countries and jurisdictions, our ambition is simple: to be the most trusted investment firm in the world. We realize that it's our people who give us a competitive advantage and drive success in the mark…",IT Jobs,2025-03-21T19:58:48Z,150000.0,250000.0
Data Analyst Intern,BM Wemple pools,"East Harlem, Manhattan","As a Data Analyst Intern, you will be responsible for collecting, organizing, and analyzing large datasets to derive meaningful insights and provide strategic recommendations to our investment team. You will work closely with senior analysts and investment professionals to identify trends, evaluate market opportunities, and assess the performance of potential and existing investments. This internship will provide a unique opportunity to learn about the venture capital and private equity industr…",Accounting & Finance Jobs,2024-08-08T09:39:13Z,74768.55,74768.55
Data Analyst Intern,CityWonders,"Franklin D Roosevelt, Manhattan","About : City Wonders is a dynamic and innovative company. We are committed to excellence and offer exciting opportunities for interns to gain valuable experience in the field of data analysis. Position Overview: Are you a detail-oriented and analytical individual with a passion for data? Wonders is seeking a talented Data Analyst Intern to join our team. This internship provides a unique opportunity to work closely with our data professionals, learn valuable skills, and contribute to meaningful…",IT Jobs,2024-08-04T05:55:47Z,42300.03,42300.03
"Data Analyst, Risk",Current,"New York City, New York","Data Analyst, Risk Current is a leading consumer fintech platform transforming financial access for everyday Americans with over five million members. We provide access to financial solutions that seamlessly work together to solve the needs of our members and enable all Americans to build better financial futures. Based in NYC, our results-driven environment drives us to build better products, grow faster and empower everyone on our team to have an impact on our business and mission to improve …",Accounting & Finance Jobs,2025-04-15T21:03:16Z,130000.0,175000.0
Sr. Data Analyst,Argo Group,"New York City, New York","Argo Group is a leader in specialty insurance with a vibrant culture built on respect, equality, wellness and opportunity. We’re an innovative organization that’s small enough to be agile and big enough to make a difference in our industry. Our collaborative workplace is continuously evolving to ensure all employees feel: Comfortable bringing their whole selves to work. Confident that they will be treated respectfully. Recognized for their performance and provided with equal opportunities to su…",IT Jobs,2025-04-12T20:12:12Z,136000.0,163000.0
Data Analyst II,,"New York City, New York","Duties: Use experience with financial concepts to work with financial data. Work with loan-level servicing data and securitizations. Identify key metrics and transactional details on financial statements, investor reports, and securitization trustee. Develop logical frameworks to align data with the Company's comprehensive data dictionary. Collaborate with the engineering team to implement automation in the data review process. Craft data quality rules that systematically validate incoming data…",IT Jobs,2025-03-11T08:25:50Z,91014.46,91014.46
Product Data Analyst,Material Bank,"New York City, New York","Job Description Job Description Material Bank is a fast-paced, high-growth technology company and created the world's largest material marketplace for the Architecture and Design industry , providing the fastest and most powerful way to start and manage a design project. Learn more about us at www.materialbank.com or see below.  Material Bank is seeking a Product Data Analyst to expand and enhance our product catalog which powers several eCommerce platforms. As part of our experienced and colla…",Creative & Design Jobs,2025-04-05T02:01:45Z,50191.3,50191.3
Business Data Analyst,TrekRecruit LLC,"Jersey City, Hudson County","Job Description Job Description Job Title: Business Data Analyst Location: Jersey City, NJ (Hybrid) Duration: Full Time The IT Business Lead Analyst is a senior-level position responsible for liaising between business users and technologists to exchange information in a concise, logical and understandable way in coordination with the Technology team. The overall objective of this role is to contribute to continuous iterative exploration and investigation of business performance and other measur…",IT Jobs,2025-04-17T23:50:46Z,100577.74,100577.74
Senior Data Analyst,DLA Piper,"Grand Central, Manhattan","DLA Piper is, at its core, bold, exceptional, collaborative and supportive. Our people are the backbone, heart and soul of our firm. Wherever you are in your professional journey, DLA Piper is a place you can engage in meaningful work and grow your career. Let's see what we can achieve. Together. Summary ??? The Senior Data Analyst in the Data Analytics group is responsible for managing data analytics projects, assisting in driving firm data strategy and innovation, and utilizing advanced analy…",IT Jobs,2025-02-14T09:28:54Z,136865.97,136865.97
Data Analyst Intern,Syntax,"New York City, New York","About Syntax Data Syntax LLC is a financial data and technology company that codifies business models into a relational system we call Affinity Data™. Syntax operates through three segments: Affinity Data™, Syntax Direct™, and Syntax Indices™. Using its patented FIS® technology inspired by systems sciences, the Affinity Data™ segment offers the most comprehensive, granular, and accurate product line revenue data available on the market. The Syntax Direct™ segment then uses this abundance of dat…",IT Jobs,2025-04-19T23:00:50Z,60248.0,60248.0
Data Analyst Intern,Visionary,"Franklin D Roosevelt, Manhattan","As a Data Analyst Intern, you will support the company's data-driven decision-making process by analyzing large amounts of data related to consumer behavior, trends and patterns. You will have the opportunity to work with a team of experts and gain valuable insights into the retail industry while developing your skills and knowledge in data analytics. This is a part-time internship position that requires excellent attention to detail, critical thinking and problem solving skills and the ability…",IT Jobs,2024-08-08T09:59:13Z,59922.75,59922.75
Sr Data Analyst,Disney,"New York City, New York","About The Role & Team Join Disney’s Platform Analytics team as a Senior Data Analyst. You will be a key player in improving and measuring the performance of Disney’s streaming services, including Disney, Hulu, and ESPN. This role involves working with product, engineering, and business strategy partners through comprehensive data analysis and insight generation. You will collaborate closely with data engineering and product management to tackle data challenges and improve insights into the qual…",IT Jobs,2025-04-15T14:24:35Z,122090.84,122090.84
Data Analyst Intern,Paul Bednar,"Cooper, Manhattan","Description We are seeking an ambitious, self-starter to join our team as a Data Analyst Intern. You will be responsible for collecting, analyzing, and reporting on client data. This is a unique opportunity to gain invaluable experience working directly with the senior management to build out the Portfolio Optimization department in a rapidly growing company. Successful interns are given a clear path to full time employment postgraduation. Responsibilities Capture, clean and prepare data and an…",IT Jobs,2024-08-04T06:03:41Z,49531.62,49531.62
Restructuring Data Analyst,ION Group,"New York City, New York","The Role: Mergermarket (U.S.) Limited seeks a Restructuring Data Analyst in New York, NY. Key Responsibilities: Analyzing the financial data of the companies which are undergoing restructuring to generate insights. Consolidating information and producing reports and dashboards using Power BI for the stakeholders for monthly publications. Performing ad hoc analysis for data requests coming from the clients when required in addition to weekly and monthly data reporting. Compiling current business…",IT Jobs,2025-04-08T23:48:26Z,146141.0,155000.0
Market Data Analyst,Insight Global,"Grand Central, Manhattan","Job Description Insight Global is seeking a Market Data Analyst. This person is primarily responsible for ensuring compliance with market data subscriptions, reviewing and processing addendums, new order schedules, etc., and implementing cost-saving initiatives. Compensation: $50-$57 per hour. Exact compensation may vary based on several factors, including skills, experience, and education. We are a company committed to creating diverse and inclusive environments where people can bring their fu…",IT Jobs,2025-04-10T12:05:44Z,73800.64,73800.64
Music Data Analyst,"Yoh, A Day & Zimmermann Company","New York City, New York","Music Data Analyst needed for a contract opportunity with Yoh’s Entertainment client located in New York City. Job Details Contract duration : 6 months Location : New York City 10010 Pay: $35-41 per hour (Depending on experience) Schedule: M-TH On site (Friday remote) Hours: 10AM-6PM Job Description As an Analyst, you will have a central role on our team by using data-driven efforts to support artist discovery & promotion strategy, to generate daily/weekly reporting, and to improve the label’s …",IT Jobs,2025-04-12T16:39:31Z,70459.35,70459.35
Sr Data Analyst,The Walt Disney Company,"Grand Central, Manhattan","About The Role & Team Join Disney's Platform Analytics team as a Senior Data Analyst. You will be a key player in improving and measuring the performance of Disney's streaming services, including Disney, Hulu, and ESPN. This role involves working with product, engineering, and business strategy partners through comprehensive data analysis and insight generation. You will collaborate closely with data engineering and product management to tackle data challenges and improve insights into the qual…","Energy, Oil & Gas Jobs",2025-04-16T10:55:19Z,141574.78,141574.78
Senior Data Analyst,alice + olivia,"Church Street, Manhattan","POSITION SUMMARY: Alice  Olivia is seeking a highly skilled and driven Senior Data Analyst to unlock the full potential of customer data and deliver actionable insights across all marketing and product channels. This role will play a critical part in scaling the alice  olivia DTC team, building robust reporting structures, and fueling data-driven decision-making at every level of the business. You will work closely with our Senior Director of Performance Marketing and cross-functional teams to …",IT Jobs,2025-03-26T22:28:44Z,100000.0,115000.0
Mapping & Data Analyst,Via,"New York City, New York","Via is using technology to transform transportation around the world. From changing a single person’s daily commute to reducing humanity’s collective environmental footprint — we’ve got huge goals. As a Mapping & Data Analyst at Via, you will be managing the mapping layers, data collection and validation process that is the backbone of Via's navigational tools. Your work directly impacts our rider, driver and operator experience, and is the difference between a driver making the right turn or a…",Engineering Jobs,2024-11-29T10:35:14Z,65000.0,75000.0
Senior Data Analyst,Robert Half,"Grand Central, Manhattan","Description We are offering a permanent employment opportunity for a Senior Data Analyst in New York. This role will primarily focus on data management and strategic business activities. You will be required to perform in-depth data analysis, create datasets from various sources, perform data mining, consult with business stakeholders, and present reports for business review and planning. This position is within the data management industry and will be based in our New York office. Responsibili…",IT Jobs,2025-03-14T10:39:37Z,72004.13,72004.13
Data Analyst III,RTA US,"New York City, New York","Job Description Job Description Job Title: Data Analyst III Location: Onsite – New York, NY Duration: April 28, 2025 – December 31, 2025 Pay Rate: $70/hr to $80/hr W2 Client: Fortune 10 Company Job Description: The ideal candidate will have strong consultative, communication, analytical, data/dashboard building, and storytelling skills and will thrive managing concurrent projects while working with a cross-functional team to drive outcomes. We are looking for someone who enjoys building, figuri…",IT Jobs,2025-03-30T23:30:56Z,86575.04,86575.04
Music Data Analyst,"Yoh, A Day & Zimmermann Company","New York City, New York","Job Description Job Description Music Data Analyst needed for a contract opportunity with Yoh’s Entertainment client located in New York City. Job Details Contract duration : 6 months Location : New York City 10010 Pay: $35-41 per hour (Depending on experience) Schedule: M-TH On site (Friday remote) Hours: 10AM-6PM Job Description As an Analyst, you will have a central role on our team by using data-driven efforts to support artist discovery & promotion strategy, to generate daily/weekly report…",IT Jobs,2025-04-16T11:11:26Z,78489.16,78489.16
Senior Data Analyst,Tremendous,"New York City, New York","Tremendous is the fast, free, flexible way to send bulk payouts to people in over 200 countries. 10,000 companies ranging from mom-and-pops to Google, MIT, and United Way have sent over $1 billion, saving 15 hours a month on average. In both our product and our workplace, we’re intentional about making work more efficient, flexible, and fulfilling. Tremendous is a fully remote, high-documentation, low-meeting culture, which means more time for what matters in both your professional and personal…",IT Jobs,2024-08-08T09:50:00Z,160000.0,210000.0
Business & Data Analyst,New York City Housing Development Corporation,"New York City, New York","Description Area of Talent: Asset Management/Affordable Housing Position Type: Full Time/Exempt Salary Range: $80,000-$90,000 annually Location: NYC/Financial District Position Summary : The Business & Data Analyst plays an important role in managing financial and operational data to support HDC's Asset Management team. This role involves supporting NYCHA PACT reporting, overseeing quarterly rent roll reporting, and assisting with loan delinquency monitoring to provide actionable insights for p…",Accounting & Finance Jobs,2025-01-10T13:47:00Z,80000.0,90000.0
Health Data Analyst,Bldg Svc 32 B-J,"Cooper, Manhattan","About Us: Building Services 32BJ Benefit Funds (“the Funds”) is the umbrella organization responsible for administering Health, Pension, Retirement Savings, Training, and Legal Services benefits to over 100,000 SEIU 32BJ members. Our mission is to make significant contributions to the lives of our members by providing high quality benefits and services. Through our commitment, we embody five core values: F lexibility, I nitiative, R espect, S ustainability, and T eamwork ( FIRST). By following …",IT Jobs,2025-02-22T20:09:12Z,95000.0,105000.0
Marketing Data Analyst,Municipal Credit Union,"Church Street, Manhattan","About MCU: At Municipal Credit Union, we believe that an incredible culture helps create a happy and motivated team that works hard to achieve the best results for themselves and their members. For more than 100 years, MCU has provided affordable financial products and convenient services to a membership base that is now comprised of over 600,000 individuals. With each new generation we have the pleasure of interacting with, we maintain the credit union promise of people helping people. Our Mis…","PR, Advertising & Marketing Jobs",2025-03-09T21:15:13Z,80000.0,90000.0
Marketing Data Analyst,Municipal Credit Union,"New York City, New York","Job Description Job Description About MCU: At Municipal Credit Union, we believe that an incredible culture helps create a happy and motivated team that works hard to achieve the best results for themselves and their members. For more than 100 years, MCU has provided affordable financial products and convenient services to a membership base that is now comprised of over 600,000 individuals. With each new generation we have the pleasure of interacting with, we maintain the credit union promise o…","PR, Advertising & Marketing Jobs",2025-04-16T11:15:16Z,79934.38,79934.38
Data analyst (product),Writer,"New York City, New York"," About this role We are looking for a Data Analyst to spearhead our product analytics initiatives. In this role, you will collaborate closely with our EPD team to develop analytical rigor, establish key metrics, and provide recommendations for product improvements. You will lead growth initiatives and present insights that will directly impact our product roadmap. As an early member of the team, you’ll play a key role in shaping the future of data at Writer. You’ll help define our metrics layer…","PR, Advertising & Marketing Jobs",2025-02-17T22:08:03Z,132461.62,132461.62
Tableau Data Analyst,Tradeweb,"Grand Central, Manhattan","Tradeweb Markets is a world leader in the evolution of electronic trading. A fintech company serving approximately 2,500 clients - including the world's largest banks, asset managers, hedge funds, insurance companies, wealth managers and retail clients  in more than 65 countries across the globe. Since our first trade in 1998, we have helped transform and electronify the fixed income markets. Tradeweb is a culture built on innovation, creativity and collaboration. Through a combination of very …",IT Jobs,2025-02-26T09:34:05Z,139861.08,139861.08
Marketing Data Analyst,Block USA,"New York City, New York","It all started with an idea at Block in 2013. Initially built to take the pain out of peer-to-peer payments, Cash App has gone from a simple product with a single purpose to a dynamic ecosystem, developing unique financial products, including Afterpay/Clearpay, to provide a better way to send, spend, invest, borrow and save to our 50 million monthly active customers. We want to redefine the world's relationship with money to make it more relatable, instantly available, and universally accessibl…","PR, Advertising & Marketing Jobs",2025-04-20T15:30:34Z,142613.19,142613.19
Senior Data Analyst,Liftoff,"New York City, New York","Liftoff is the leading growth acceleration platform for the mobile industry, helping advertisers, publishers, game developers and DSPs scale revenue growth with solutions to market and monetize mobile apps. Liftoff’s solutions, including Accelerate , Direct , Influence , Monetize , Intelligence , and Vungle Exchange , support over 6,600 mobile businesses across 74 countries in sectors such as gaming, social, finance, ecommerce, and entertainment. Founded in 2012 and headquartered in Redwood Cit…",IT Jobs,2025-02-23T23:35:29Z,100000.0,120000.0
Senior Data Analyst,Fora Travel,"New York City, New York","About Fora Fora is the modern travel agency, redefining what it means to be a travel advisor in today’s world. We’re a next-generation platform that provides a comprehensive, business-in-a-box solution —combining cutting-edge technology , personalized training , a vibrant community , and exclusive industry partnerships —all designed to empower anyone with a passion for travel to turn that passion into a thriving business. Whether you're a travel enthusiast or an experienced professional, Fora e…",IT Jobs,2025-04-18T02:09:30Z,120000.0,140000.0
Data Analyst - Marketing,FanDuel,"New York City, New York","ABOUT FANDUEL FanDuel Group is the premier mobile gaming company in the United States. FanDuel Group consists of a portfolio of leading brands across mobile wagering including, America’s 1 Sportsbook FanDuel Sportsbook, its leading iGaming platform FanDuel Casino, the industry’s unquestioned leader in horse racing and advance-deposit wagering, FanDuel Racing and its daily fantasy sports product. In addition, FanDuel Group operates FanDuel TV, its broadly distributed linear cable television netw…",IT Jobs,2025-03-02T21:14:18Z,74000.0,101200.0
Pharmacy Data Analyst,MJHS,"Wall Street, Manhattan","The challenges of affordable healthcare continue to create new opportunities. Elderplan and HomeFirst, our Medicare and Medicaid managed care health plans, are outstanding examples of how we are expanding services in response to our patients' and members' needs. These high-quality healthcare plans are designed to help keep people independent and living life on their own terms. When you work with us you will receive comprehensive and affordable health and financial benefits, in addition to gener…",Healthcare & Nursing Jobs,2025-04-10T22:25:25Z,77099.0,92519.0
Hydrographic Data Analyst,Bedrock Ocean Exploration,"Brooklyn, New York City","About Bedrock Bedrock is operationalizing the largest Earth-exploration mission in human history. We’re doing that by developing AUVs, robotics, & software to explore, map, and classify the entirety of Earth's ocean floor. The oceans are a critical component of climate stabilization. Our hope is to provide critical subsea data and infrastructure to further understand and predict the fundamental forces that support harmonious human existence on this planet. About You and The Role Does spending y…",IT Jobs,2025-04-10T03:57:42Z,76797.7,76797.7
Sr Data Analyst,Crossmedia,"New York City, New York","WHO WE ARE Crossmedia is the global media independent. We’re committed to doing media and business the right way, guided by the principles of TRUST, REASON and the pursuit of HAPPINESS. Crossmedia US was founded in NY in 2000 and is one of the largest minority-owned full-service media planning & buying agencies in the nation. We are 500 Crossmedians worldwide with big ambitions to continue to grow with soul. We focus on what media agencies should do: create innovative connections between brands…",Creative & Design Jobs,2024-08-21T15:16:48Z,98002.03,98002.03
Business Data Analyst,Genesis Corp. ,"New York City, New York","Location: New York, NY and various unanticipated locations throughout the US; Salary: $131,040 per year (standard benefits apply); Education: Masters Degree in Computer and Information Science, Computer Engineering, Electrical Engineering, Electronic Engineering, or in a related field of study (will accept equivalent foreign degree); Experience: Two (2) years in the position above, as a Software Developer, as a Software Engineer, or in a related occupation; Other Requirements: Experience must i…",IT Jobs,2025-04-17T10:56:12Z,112215.64,112215.64
Technical Data Analyst,Flourish,"New York City, New York","Since 2017, Flourish has been on a mission to help financial advisors better secure the financial futures of their clients. We focus on independent Registered Investment Advisors (RIAs), delivering financial products that advisors can’t easily access today through beautiful, scalable, and easy-to-use technology. Today, we work with over 900 RIAs that collectively represent more than $1.6T in assets under management across two products: Flourish Annuities and Flourish Cash. Headquartered in New …",IT Jobs,2025-02-18T16:19:35Z,124800.0,163800.0
Pharmacy Data Analyst,MJHS,"Fort George, Manhattan","The challenges of affordable healthcare continue to create new opportunities. Elderplan and HomeFirst, our Medicare and Medicaid managed care health plans, are outstanding examples of how we are expanding services in response to our patients' and members' needs. These high-quality healthcare plans are designed to help keep people independent and living life on their own terms. Perform duties to support the efforts to meet the Pharmacy Department goals and initiatives, which include improvement …",Healthcare & Nursing Jobs,2025-04-10T04:57:12Z,77671.26,77671.26
INTERN - DATA ANALYST,The UN Office of the Special Adviser on Africa,"New York City, New York","The internship position in the Office of the Special Adviser on Africa is for a period of two months, subject to extension based on the needs of the Office. Responsibilities The programme is normally full-time, i.e. an intern is expected to work five days per week (9:00 a.m. - 5:00 p.m.) in the department or office of the Secretariat to which he/she is assigned, carrying out his/her tasks under the supervision of a staff member - the supervisor. Daily responsibilities will include: Support team…",IT Jobs,2024-10-16T13:16:08Z,44493.24,44493.24
Data Analyst-CC552501,ICL,"East New York and New Lots, Brooklyn","Ensure program quality and compliance through data-driven decisions. Conduct data collection and program performance evaluation for both the CCBHC project and the Highland Park Clinic; Prepare detailed reports for analysis, visualizations, and refreshed dashboards. This is a full-time 40-hour week exempt salaried position, utilizing a flex schedule. ESSENTIAL JOB FUNCTIONS: Conduct data collection and program performance evaluation at several different levels to ensure operational fidelity and …",Admin Jobs,2025-04-16T22:13:59Z,66980.31,66980.31
Senior Data Analyst,Rokt US Corp,"New York City, New York","s in Marketing Science, Statistics, or Mathematics and 3 years experience as Analyst, Senior Analyst, Associate or related. The position requires 2 years experience with each of the following: (1) Tableau; (2) Google Analytics; (3) Building reporting and dashboarding process to track and optimize campaign performance; (4) Designing and coordinating ETLs for large volumes of data; (5) Analyzing performance metrics and optimizing campaigns in real time to enhance outcomes, identify opportunities,…",IT Jobs,2025-04-16T10:55:50Z,137386.19,137386.19
Sr Data Analyst,Hamilton Porter,"New York City, New York",Job Description Job Description The story: This is a very long standing client relationship. This company is private and growing and leads with innovative strategies. They are picky and want the best of the best. This role will require you to be comfortable being client facing and not just reading a spreadsheet or PPP slide. They want you to tell a story and what does this data really mean. This is a hybrid role (in office Tuesday to Thursday) in their centrally located Soho office. As a key vo…,"PR, Advertising & Marketing Jobs",2025-04-16T23:57:53Z,107508.09,107508.09
Sr Data Analyst,Crossmedia Inc,"New York City, New York","Job Description Job Description WHO WE ARE Crossmedia is the global media independent. We're committed to doing media and business the right way, guided by the principles of TRUST, REASON and the pursuit of HAPPINESS. Crossmedia US was founded in NY in 2000 and is one of the largest minority-owned full-service media planning & buying agencies in the nation. We are 500 Crossmedians worldwide with big ambitions to continue to grow with soul. We focus on what media agencies should do: create innov…",Creative & Design Jobs,2025-04-15T23:22:41Z,92192.84,92192.84
"Data Analyst, Data & Analytics COE",United Nations Federal Credit Union,"Astoria, Queens","We are seeking a highly skilled and motivated Data Analyst to join our Center of Excellence for Data & Analytics. The ideal candidate will have a strong analytical background, excellent problem-solving skills, expertise in technical documentation and the ability to translate complex data into actionable insights. As a Data Analyst, you will work closely with cross-functional teams to establish best practices, drive data governance, support data-driven decision-making and drive continuous improv…",IT Jobs,2025-04-10T02:32:59Z,126280.59,126280.59
"Senior Data Analyst, Data Analytics",Current,"New York City, New York","Senior Data Analyst Current is a leading consumer fintech platform transforming financial access for everyday Americans with over five million members. We provide access to financial solutions that seamlessly work together to solve the needs of our members and enable all Americans to build better financial futures. Based in NYC, our results-driven environment drives us to build better products, grow faster and empower everyone on our team to have an impact on our business and mission to improve…",IT Jobs,2025-02-14T07:30:25Z,150000.0,200000.0
Sr. Quant Data Analyst,Quanta Search,"Prince, Manhattan","Our client, a global Asset Management firm, is looking for a senior Quant Data Analyst to work closely with research PM to lead the research efforts required for the Strategy. Candidate will gather the high level requirements from the PM, conduct the research ideas independently and provide the results to the PM. Role will drive the requirements for the firm-wide investment data team and help implement the data for the strategy. Requirements: Experience with Futures, FX or options market data i…",IT Jobs,2024-08-05T11:02:06Z,115462.39,115462.39
Technical - Senior Data Analyst,Dutech Systems,"New York City, New York",Experience Data Analyst Experience in supporting both short- and long-term data management and strategic business activities through data analysis. Ability to conduct in-depth data analysis for projects and ongoing data quality initiatives. Expertise in creating datasets from various disparate sources to enhance data management initiatives and processes. Proficiency in data mining on large datasets to support data quality improvement initiatives. Experience consulting with business stakeholders…,IT Jobs,2025-03-04T20:47:54Z,78386.97,78386.97
Data Analyst - Machine Learning,Equation Staffing,"New York City, New York","Job Description Job Description Does getting in on the ground floor as an initial stakeholder, and building a solution that has never been built before, get you excited? Do you want to be the person, when people are talking about some awesome innovation in awe, to be able to proudly say you were instrumental in building it? If so then this could be an exciting opportunity for you. My client partners with companies ranging from fortune 500 to start-ups across all industries to solve their most c…",IT Jobs,2025-04-11T14:39:21Z,109605.92,109605.92
Data Analyst Lead (Citymapper),Via,"New York City, New York","At Citymapper (powered by Via), we’re on a mission to help make complex cities more accessible to everyday users. Our application transports millions of people in hundreds of cities around the world by giving them access to the most current and sophisticated transportation options available. We make getting around your favourite city easy, so that you can enjoy the ride. As a Data Analyst Lead at Citymapper, you will be responsible for the data and the team that is the backbone of our applicati…",IT Jobs,2024-12-03T10:52:14Z,85000.0,115000.0
Sr. Financial Data Analyst,Nextdeavor,"New York City, New York","Sr. Financial Data Analyst Full-Time Employment New York, NY Here’s how you'll become a key player with this opportunity: As the Sr. Financial Data Analyst, you'll support key strategic initiatives through financial modeling, prepare high-impact reports and presentations, and help lead the firm's budget process and variance reporting. You'll work cross-functionally to analyze firm performance, guide department initiatives, and contribute to projects that shape the firm's financial decision-maki…",IT Jobs,2025-04-12T23:03:07Z,140000.0,170000.0
Internal Audit Data Analyst,Touro University,"Greeley Square, Manhattan","The Internal Audit Data Analyst will be responsible for the planning and overseeing of compliance and operational audits, investigations, and special projects. This position will participate in the risk assessment process to identify the key areas requiring review and review and perform the planning, fieldwork and reporting phases of an audit engagement. The Internal Audit Data Analyst will evaluate the adequacy of internal controls and operational effectiveness, accuracy in compliance with all…",IT Jobs,2024-12-04T11:05:18Z,80000.0,100000.0
Data Analyst III - GIPHY,Giphy,"New York City, New York","Data Analyst III Step into a leadership role as a Data Analyst III, where you will drive the strategic direction of our analytics and insights capabilities. In this senior position, you are expected to lead complex projects, mentor a team of data analysts, and collaborate with cross-functional teams to align analytical solutions and data product deliverables with business goals. With a deep understanding of the business context in which you operate and advanced analytical techniques, you will b…",IT Jobs,2025-04-14T20:24:15Z,123022.83,123022.83
Structured Product Data Analyst,Motion Recruitment Partners,"Grand Central, Manhattan","Structured Product Data Analyst New York, New York Hybrid Contract $60/hr - $64/hr Grow your career as a Structured Product Data Analyst with an innovative global bank in New York, NY. Contract role with strong possibility of extension. Will require working a hybrid schedule 3 days onsite per week. Join one of the world's most renowned global banks and trusted brand with over 200 years of continuously evolving financial services worldwide. Will develop and deliver key Prime Finance Margin busin…",IT Jobs,2025-04-16T10:56:31Z,84677.1,84677.1
Senior SEO Data Analyst,Hearst,"Meadows, Hudson County","Description Senior SEO Data Analyst Hearst Newspapers is looking for a sharp, curious, and highly skilled Senior SEO Data Analyst to join our Business Intelligence team and help power the next generation of organic search growth across our wide portfolio of media brands. If you’re passionate about SEO, data, and the future of digital journalism, this is your chance to make an outsized impact. You’ll be embedded in our Business Intelligence team, and in lock step with the Performance Content Tea…",IT Jobs,2025-03-27T00:18:19Z,100000.0,120000.0
Financial Intelligence Data Analyst,DLA Piper,"Grand Central, Manhattan","DLA Piper is, at its core, bold, exceptional, collaborative and supportive. Our people are the backbone, heart and soul of our firm. Wherever you are in your professional journey, DLA Piper is a place you can engage in meaningful work and grow your career. Let's see what we can achieve. Together. Summary ??? The Financial Intelligence Data Analyst in the Data Analytics group is responsible for managing data analytics projects, is a key contributor in firm data strategy and driving innovation, u…",Accounting & Finance Jobs,2025-03-05T09:45:51Z,118787.67,118787.67
"Staff Data Analyst, Product",Vercel,"Grand Central, Manhattan","Vercel’s Frontend Cloud provides the developer experience and infrastructure to build, scale, and secure a faster, more personalized web. Customers like Under Armour, eBay, The Washington Post, Johnson & Johnson, and Zapier use Vercel to build dynamic user experiences on the web. At Vercel, our mission is to enable the world to ship the best products and that goes hand in hand with creating an environment where you can do the best work of your life. About the Role: As a Staff Data Analyst at Ve…",IT Jobs,2025-03-19T12:19:18Z,110485.59,110485.59
"Senior Data Analyst, Sends",Wunderkind,"New York City, New York","Who You Are: We are currently looking to add a Senior Data Analyst, Sends to our growing team. This seasoned data analyst to become a key player in our Data Product team, working with our product & engineering teams to support product development. Successful candidates will be responsible for empowering our team with meaningful data, validating new products and features, identifying optimization opportunities, and utilizing automation techniques to improve team efficiency. The candidate will be…",IT Jobs,2025-03-23T00:10:24Z,110000.0,140000.0
Data Analyst I - Urology,Mount Sinai Health System,"Grand Central, Manhattan","Description The Milton and Carroll Petrie Department of Urology has long been a leader in clinical practice, education, and research. Faculty in our Department, which is housed within the Icahn School of Medicine at Mount Sinai, perform complex procedures using robotics, laparoscopy, and endoscopy, all as a part of our minimally invasive urologic surgery program. We remain equally committed to engaging in breakthrough research while training the next generation of leaders in the field. The Data…",Scientific & QA Jobs,2025-04-08T04:19:51Z,71074.3,71074.3
"Senior Data Analyst, CRM",David Yurman Enterprises,"New York City, New York","About Us David Yurman is a celebrated American jewelry company founded in New York by David Yurman, a sculptor, and his wife, Sybil, a painter and ceramicist. When the artists began collaborating, their goal was simply to make beautiful objects to wear. Led today by their son Evan, David Yurman creates timeless, yet contemporary collections for women and men defined by inspiration, innovation, consummate craftsmanship and cable – the brand’s artistic signature. David Yurman collections are avai…","PR, Advertising & Marketing Jobs",2025-03-30T22:58:56Z,110000.0,120000.0
Data Analyst - Business Insights,MetTel,"New York City, New York","Data Analyst – Business Insights MetTel is a global communications solutions provider with the most complete suite of fully managed services that focus on secure connectivity, and network and mobility services. We simplify communications and networking for business and government agencies. Our customers include many of the Fortune 500, and Gartner recognizes us as an industry leader. We have the broadest portfolio of technology and integrated partnerships, as well as our private network, which …",IT Jobs,2024-11-29T10:47:09Z,113511.01,113511.01
Business data analyst - NYC,ManpowerGroup,"Grand Central, Manhattan","Role: Business data analyst Location: NYC, NY (HYBRID 3 DAYS ONSITE) Position type: 12 months with high possible extension/conversion Job description: - Assist with setup and on-going support for bank loan, warehouse and repo facility reconciliation and position reporting o Monthly and quarterly ABS and CLO processing and related automation o Cash and loan transaction account reconciliation and related automation o Daily reconciliation report and position statement review and related automation…",IT Jobs,2025-04-15T10:54:19Z,72771.37,72771.37
Data Analyst/Report Writer,Prime Finance,"Meadows, Hudson County","About the company: Founded in 2008, Prime Finance is a fast growing, diversified commercial real estate credit investment platform. It seeks to deliver attractive returns to investors with a range of duration and risk/return options. Prime Finance has reached an inflection point in its growth trajectory which presents an immediate opportunity to accelerate that growth through further expansion of existing and new credit strategies as well as extensive investment in internal processes, systems, …",IT Jobs,2025-04-18T01:56:25Z,74000.0,115000.0
Data Analyst Summer Intern,Authentic Brands Group,"New York City, New York","Who We Are Authentic is a unified platform that integrates M&A, brand strategy, creativity and digital innovation to unlock the power of its global Lifestyle and Entertainment portfolio. As the world’s largest sports and entertainment licensing company, Authentic connects strong brands with best-in-class partners to optimize long-term value in the marketplace. Its brands generate more than $32 billion in global annual retail sales and have an expansive retail footprint in more than 150 countrie…","PR, Advertising & Marketing Jobs",2025-04-11T23:47:24Z,57305.72,57305.72
"Senior Data Analyst, Marketing",Tremendous,"New York City, New York","Tremendous is the fast, free, flexible way to send bulk payouts to people in over 200 countries. 10,000 companies ranging from mom-and-pops to Google, MIT, and United Way have sent over $1 billion, saving 15 hours a month on average. In both our product and our workplace, we’re intentional about making work more efficient, flexible, and fulfilling. Tremendous is a fully remote, high-documentation, low-meeting culture, which means more time for what matters in both your professional and personal…",IT Jobs,2024-12-16T07:39:52Z,160000.0,210000.0
Senior Data Analyst (Hybrid),,"Chelsea and Clinton, Manhattan","About Empassion Empassion is a Management Services Organization (MSO) focused on improving the quality of care and costs on an often neglected “Advanced illness/ end of life” patient population, representing 4 percent of the Medicare population but 25 percent of its costs. The impact is driven deeper by families who are left with minimal options and decreased time with their loved ones. Empassion enables increased access to tech-enabled proactive care while delivering superior outcomes for pati…",IT Jobs,2025-04-01T16:13:47Z,135982.31,135982.31
Senior Data Analyst (Hybrid),Empassion,"New York City, New York","About Empassion Empassion is a Management Services Organization (MSO) focused on improving the quality of care and costs on an often neglected “Advanced illness/ end of life” patient population, representing 4 percent of the Medicare population but 25 percent of its costs. The impact is driven deeper by families who are left with minimal options and decreased time with their loved ones. Empassion enables increased access to tech-enabled proactive care while delivering superior outcomes for pati…",IT Jobs,2025-04-02T20:56:03Z,146458.16,146458.16
Lead GTM Data Analyst,Dashlane,"New York City, New York","About Dashlane Dashlane’s mission is to deliver the credential security every business and employee needs to thrive. Our top-rated platform pairs enterprise-grade security with consumer-grade design, empowering everyone to be part of the credential security solution. More than 24,000 organizations and millions of individuals globally use Dashlane to secure and manage their credentials while building toward a passwordless future. At Dashlane, we drive innovation and value learning, strive for ex…","PR, Advertising & Marketing Jobs",2025-03-18T20:31:16Z,165000.0,195000.0
Senior Marketing Data Analyst,Abridge,"New York City, New York","Abridge was founded in 2018 with the mission of powering deeper understanding in healthcare. Our AI-powered platform was purpose-built for medical conversations, improving clinical documentation efficiencies while enabling clinicians to focus on what matters most—their patients. Our enterprise-grade technology transforms patient-clinician conversations into structured clinical notes in real-time, with deep EMR integrations. Powered by Linked Evidence and our purpose-built, auditable AI, we are …","PR, Advertising & Marketing Jobs",2025-03-21T19:26:03Z,150842.45,150842.45
"Senior Data Analyst, Media",Microsoft Corporation,"Grand Central, Manhattan","Microsoft's Global Media and Partnerships team is a diverse, collaborative, solutions-oriented team committed to planning, activating and fiscally managing all paid media/advertising, strategic partnerships and agency relationships across Microsoft. The team works across business groups to tie objectives, insights and innovation together to drive business impact through world-class media investment and measurement strategies. The Senior Data Analyst, Media will play a critical role in identifyi…",IT Jobs,2025-04-18T10:56:52Z,116585.02,116585.02
"Senior Data Analyst, Media",Microsoft Corporation,"New York City, New York","Microsoft’s Global Media and Partnerships team is a diverse, collaborative, solutions-oriented team committed to planning, activating and fiscally managing all paid media/advertising, strategic partnerships and agency relationships across Microsoft. The team works across business groups to tie objectives, insights and innovation together to drive business impact through world-class media investment and measurement strategies. The Senior Data Analyst, Media will play a critical role in identifyi…",IT Jobs,2025-04-20T15:30:53Z,127009.36,127009.36
Senior Principal Data Analyst,OneTrust,"New York City, New York","Job Description Job Description Strength in Trust OneTrust's mission is to enable organizations to use data and AI responsibly. Our platform simplifies the collection of data with consent and preferences, automates the governance of data with integrated risk management across privacy, security, IT/tech, third-party, and AI risk, and activates the responsible use of data by applying and enforcing data policies across the entire data estate and lifecycle. OneTrust supports seamless collaboration …",IT Jobs,2025-04-20T12:16:46Z,74035.45,74035.45
Senior Product Data Analyst,Abnormal,"Grand Central, Manhattan","We are looking for a Product Analyst to join our product team at Abnormal Security. As a Product Analyst, you’ll partner closely with the product teams to help make better decisions that power our business. You will shape strategy for critical product areas through data, and will guide product development with relevant insights based on analysis. You will be the subject matter expert on metrics and success measurement, experiment design and visual storytelling via data. You are focused on impac…",IT Jobs,2025-04-18T09:36:52Z,111124.27,111124.27
Senior Product Data Analyst,Abnormal,"New York City, New York","Your Impact on our Mission We are looking for a Product Analyst to join our product team at Abnormal Security. As a Product Analyst, you’ll partner closely with the product teams to help make better decisions that power our business. You will shape strategy for critical product areas through data, and will guide product development with relevant insights based on analysis. You will be the subject matter expert on metrics and success measurement, experiment design and visual storytelling via dat…",IT Jobs,2025-03-18T20:50:07Z,118401.55,118401.55
Senior Product Data Analyst,Abnormal,"New York City, New York","Job Description Job Description Your Impact on our Mission We are looking for a Product Analyst to join our product team at Abnormal Security. As a Product Analyst, you'll partner closely with the product teams to help make better decisions that power our business. You will shape strategy for critical product areas through data, and will guide product development with relevant insights based on analysis. You will be the subject matter expert on metrics and success measurement, experiment design…",IT Jobs,2025-04-14T23:20:58Z,129576.05,129576.05
Health Educator/Data Analyst,Morris Heights Health Center,"Central Bronx, Bronx","Job Details Bronx, NY Full Time $21.00 - $22.22 Hourly Description Conducts group and individual sessions on reproductive health topics Provides education and information on reproductive health topics to community professionals Conducts community surveys and collaborates with other health specialists and civic groups to ascertain health needs, develop desirable health goals, and determine availability of professional health services with a focus on Heath Education. Develops and maintains cooper…",Teaching Jobs,2025-01-27T13:59:27Z,43680.0,46217.0
"Data Analyst, Clinical Operations",VNS Health,"New York City, New York","Overview Analyzes, queries, and reports based on member data in order to provide support with clinical decisions. Provides analytical and technical support for the integration of multiple data sources used to prepare internal and external reporting for the clinical operations teams and business stakeholders. Collaborates with the Business Intelligence, Information Technology, and clinical/business operations in reporting on key performance indicators and driving efficiencies through better data…",IT Jobs,2025-02-08T11:07:45Z,77200.0,96500.0
Data Analyst (Construction Management),Pear VC,"New York City, New York","We are a product focused organization that dreams big and achieves those dreams. Our customers are large construction industry players and our product is used on large multi billion dollar projects as well as smaller $50M projects and programs. This is an opportunity to be part of a nimble team where every individual on the team becomes an expert in their area. We work fast, iterate and create a product that impacts how our customers do work through AI. We identified the biggest challenge in th…",IT Jobs,2024-09-11T09:39:47Z,152731.05,152731.05
Senior Editorial Data Analyst,Hearst,"Meadows, Hudson County","Description Why Hearst Magazines Hearst Magazines is one of the largest publishers in the world, with more than 25 brands, including Cosmopolitan, ELLE, Esquire, Good Housekeeping, Harper’s BAZAAR, Popular Mechanics, and O the Oprah Magazine. We reach more than 150 million people every month in the United States alone. But we’re more than just our magazines. We engage our audience across all mediums and channels - print, digital, video, and social – with sophisticated content creation, distribu…","PR, Advertising & Marketing Jobs",2024-10-11T09:43:22Z,85000.0,100000.0
Data Analyst and IT Administrator,Arc Fund Manager LLC,"Grand Central, Manhattan","The Arc Companies We are seeking a highly motivated an d detail-oriented Da ta Analyst and IT Administrator for the Arc Companies’ real estate, venture and family office activities. Arc is an entrepreneur led firm where bright, creative thinkers have joined together to do venture capital , opportunistic real estate , and portfolio investing. We foster learning from each other and growing personally and professionally. Join the Team Our new team mem ber will use you w ill be responsible for inte…",IT Jobs,2025-01-30T08:41:33Z,80000.0,100000.0
"Senior Data Analyst, Data Product Development",Hearst,"Meadows, Hudson County","Description Key Responsibilities • Lead the development and execution of complex data analyses, providing a comprehensive understanding of performance and user engagement across all touchpoints to empower strategic decision-making. • Design and execute advanced data models and integrations, leveraging first-party and third-party datasets to provide meaningful insights. • Build and maintain sophisticated reports and dashboards to measure KPIs related to identity resolution, consumer engagement, …",IT Jobs,2025-02-01T11:15:17Z,135000.0,145000.0
Legal Operation Manager (Data Analyst),MW Partner,"Greeley Square, Manhattan","MW Partners is currently seeking a Legal Operation Manager (Data Analyst) to work for our client who is a leader in the media and entertainment industry. Responsibilities and duties: Legal Spend Management: Oversee invoice review and approval processes to ensure accuracy, compliance with billing guidelines, and proper allocation to cost centers. Manage law firm and vendor rate cards; review and approve rate changes and new rate proposals in alignment with internal policies. Assist in budget tra…",Legal Jobs,2025-04-18T07:45:36Z,97760.0,
Talent Management Solutions Data Analyst,SourcePro Search,"Prince, Manhattan","SourcePro Search is conducting a search for a Data Analyst. The Data Analyst conducts analysis and reporting in support of business operations, special projects/initiatives and strategic and operation planning activities of the Talent Management department, as well as contributes to development of new processes or procedures for required analytics and applies processes to gather, organize and review key business data and metrics. The Data Analyst is responsible for gathering, validating, synthe…",IT Jobs,2024-08-05T10:48:27Z,142330.86,142330.86
Legal Operations Manager - Data Analyst,Avispa Technology,"Meadows, Hudson County","Legal Operation Manager - Data Analyst VIAJP00001297 A leading digital streaming network seeks a Legal Operations Manager - Data Analysis . The successful candidate will support the legal team through data-driven insights and operational support, and be responsible for rate analysis, rate approvals, and invoice review and approval. The Manager will track key legal metrics, develop reports and dashboards, and identify opportunities to improve efficiency. The ideal candidate has a strong analytic…",IT Jobs,2025-04-18T13:11:51Z,4500.0,4500.0
Lead Global Growth Data Analyst,,"New York City, New York","Global Growth Data Team Heetch The main goal of the Global Growth Data team is to provide data-driven insights and flows to optimize Heetch’s expansion efforts. Our focus is on understanding and enhancing growth performance across all markets through data visualisations, flow management, and strategic recommendations. What will be your role As the Lead Growth Data Analyst, you will be responsible for overseeing and managing the Growth Data team. You will ensure the effective management of data …","PR, Advertising & Marketing Jobs",2025-04-11T13:55:17Z,110953.14,110953.14
"Data Analyst, Global Partnerships & Content",Meta,"Grand Central, Manhattan",Summary: The Global Partnerships & Content organization at Meta works closely with the leading content creators and media entities in the world to build and grow innovative and meaningful content and community engagement experiences across a variety of product areas. The Strategy & Operations team within the Global Partnerships & Content organization is seeking a Data Analyst to join the Strategy & Operations team. This role will be responsible for providing critical data analysis and business …,IT Jobs,2025-03-20T10:41:55Z,88774.11,88774.11
Senior System Reinsurance Data Analyst,Starr Insurance,"New York City, New York","Starr Insurance Companies is a leading insurance and investment organization, providing commercial property and casualty insurance, including travel and accident coverage, to almost every imaginable business and industry in virtually every part of the world. Cornelius Vander Starr established his first insurance company in Shanghai, China in 1919. Today, we are one of the world’s fastest growing insurance organizations, capable of writing in 128 countries on 6 continents. Starr Companies is see…",IT Jobs,2025-04-08T01:58:38Z,94041.58,94041.58
"Data Analyst, Global Partnerships & Content",META,"New York City, New York",The Global Partnerships & Content organization at Meta works closely with the leading content creators and media entities in the world to build and grow innovative and meaningful content and community engagement experiences across a variety of product areas. The Strategy & Operations team within the Global Partnerships & Content organization is seeking a Data Analyst to join the Strategy & Operations team. This role will be responsible for providing critical data analysis and business insights …,IT Jobs,2025-04-14T15:34:25Z,96016.36,96016.36
Marketing Analytics - Data Analyst - ADP,Veeva Systems,"New York City, New York","Veeva Systems is a mission-driven organization and pioneer in industry cloud, helping life sciences companies bring therapies to patients faster. As one of the fastest-growing SaaS companies in history, we surpassed $2B in revenue in our last fiscal year with extensive growth potential ahead. At the heart of Veeva are our values: Do the Right Thing, Customer Success, Employee Success, and Speed. We're not just any public company – we made history in 2021 by becoming a public benefit corporation…","PR, Advertising & Marketing Jobs",2024-08-19T15:29:38Z,60000.0,75000.0
Data Analyst I - Medical Education,Mount Sinai Health System,"East Harlem, Manhattan","Description The primary role of the Data Analyst position in the Department of Medical Education is to create, monitor, analyze, and report on performance indicators used to evaluate the Medical Degree (MD) Program curriculum and other major elements of the medical education program. This role supports projects related to medical education program evaluation and continuous quality improvement required by the Liaison Committee on Medical Education. This position reports to the Associate Dean for…",Scientific & QA Jobs,2025-02-08T09:30:20Z,82567.63,82567.63
CPS Model Coordinator/Data Analyst,SCO Family of Services,"Jamaica, Queens","PURPOSE OF THE POSITION : The Collaborative Problem-Solving (CPS) Coordinator/Data Analyst will be embedded within AOBH’s. The CPS Coordinator will work directly with all AOBH program staff to ensure model fidelity. They will facilitate, track, report on, and follow-up all areas of compliance to the CPS evidence-based model. REPORTS TO : Vice President of Residential and Youth Justice Services SUPERVISES : N/A SPECIFIC RESPONSIBILITIES Work side by side with CPS Coach and/or Consultant to coord…",Teaching Jobs,2024-09-29T11:17:08Z,85960.14,85960.14
Senior Data Analyst - Business Intelligence,Maven Clinic,"New York City, New York","Job Description Job Description Maven is the world's largest virtual clinic for women and families on a mission to make healthcare work for all of us. Maven's award-winning digital programs provide clinical, emotional, and financial support all in one platform, spanning fertility & family building, maternity & newborn care, parenting & pediatrics, and menopause & midlife. More than 2,000 employers and health plans trust Maven's end-to-end platform to improve clinical outcomes, reduce healthcare…",IT Jobs,2025-04-11T02:20:41Z,127518.5,127518.5
"Data Analyst, Emerging Talent Intern",Metropolitan Transportation Authority,"New York City, New York","Description Position at New York City Transit Departments: Service Delivery-Power Control Center Location: 333 West 53rd Street, New York, NY Position Title: Data Analyst, Emerging Talent Intern Hourly Rate: $21.00 (Graduate), $22.00 (Post-Graduate) Overview of Department: NYCT provides safe, efficient, and reliable service to nearly 6 million customers a day. Our Field Operations team includes train operators and conductors, train service supervisors, tower operators, dispatchers, and many oth…",IT Jobs,2025-04-08T01:20:08Z,56729.12,56729.12
Data Analyst III (Care Navigation),Rightway,"New York City, New York","ABOUT THE ROLE: We are seeking a full-time Data Analyst III to join our Data & Insights team. In this role, you’ll be responsible for carrying out data analysis that demonstrates our company’s impact to clients and strategic partners in the care navigation space. You will support the development and execution of analytics, provide data-driven strategic insights, and create customized analytic approaches in a care navigation setting. This role supports Rightway’s management, operations, and othe…",Consultancy Jobs,2025-03-29T23:45:02Z,90000.0,140000.0
"Data Analyst, Emerging Talent Intern",Metropolitan Transportation Authority,"New York City, New York","Description Position at New York City Transit Department: Rail Control Center Location: 354 West 54th Street, New York, NY 10019 Position Title: Data Analyst, Emerging Talent Intern Hourly Rate: $21.00 (Graduate) Overview of Department: NYCT provides safe, efficient, and reliable service to nearly 6 million customers a day. Our Field Operations team includes train operators and conductors, train service supervisors, tower operators, dispatchers, and many others who keep the trains moving. The t…",Admin Jobs,2025-04-13T05:23:16Z,84716.44,84716.44
Entry Level Jr. Data Analyst,"Yoh, A Day & Zimmermann Company","New York City, New York","Job Description Job Description Entry Level Jr. Data Analyst with Large Media Company 2.5 Month Assignment Starting (6/2/25-8/22/25) Fully Onsite Daily in NYC- Madison Ave. Job Description: Work alongside analytics team members to provide support to various global digital business teams Be directly responsible for transforming data and trends into custom insights by using internal data systems, analytics tools of digital partners, and 3rd party data sources Perform deep dive analyses from large…",IT Jobs,2025-04-11T11:20:39Z,64977.27,64977.27
"Data Analyst, Global Partnerships & Content",Meta,"Grand Central, Manhattan",Summary: The Global Partnerships & Content organization at Meta works closely with the leading content creators and media entities in the world to build and grow innovative and meaningful content and community engagement experiences across a variety of product areas. The Strategy & Operations team within the Global Partnerships & Content organization is searching for an analyst to understand and quantify opportunities for delivering value to creators. This individual will leverage internal and …,IT Jobs,2025-04-17T10:52:42Z,92308.53,92308.53
Legal Operation Manager (Data Analyst),MW Partner,"New York City, New York","Job Description Job Description MW Partners is currently seeking a Legal Operation Manager (Data Analyst) to work for our client who is a leader in the media and entertainment industry. Responsibilities and duties: Legal Spend Management: Oversee invoice review and approval processes to ensure accuracy, compliance with billing guidelines, and proper allocation to cost centers. Manage law firm and vendor rate cards; review and approve rate changes and new rate proposals in alignment with interna…",Legal Jobs,2025-04-19T12:05:54Z,94105.64,94105.64
"Data Analyst, Global Partnerships & Content",META,"New York City, New York",Summary: The Global Partnerships & Content organization at Meta works closely with the leading content creators and media entities in the world to build and grow innovative and meaningful content and community engagement experiences across a variety of product areas. The Strategy & Operations team within the Global Partnerships & Content organization is searching for an analyst to understand and quantify opportunities for delivering value to creators. This individual will leverage internal and …,IT Jobs,2025-04-19T15:42:20Z,100562.21,100562.21
"Marketing Data Analyst, Global Partnerships",Google,"New York City, New York","info_outline X Note: By applying to this position you will have an opportunity to share your preferred working location from the following: New York, NY, USA; San Francisco, CA, USA . Minimum qualifications: Bachelor's degree or equivalent practical experience. 2 years of experience in Business Intelligence or Data Analytics. 2 years of experience in SQL and Data Visualization (e.g., Looker, Tableau, Power BI, Qlik, or similar technologies). Preferred qualifications: Experience with data wareho…","PR, Advertising & Marketing Jobs",2025-04-14T00:22:34Z,96000.0,138000.0
Tableau Data Analyst Summer Intern,Authentic Brands Group,"New York City, New York","Who We Are Authentic is a unified platform that integrates M&A, brand strategy, creativity and digital innovation to unlock the power of its global Lifestyle and Entertainment portfolio. As the world’s largest sports and entertainment licensing company, Authentic connects strong brands with best-in-class partners to optimize long-term value in the marketplace. Its brands generate more than $32 billion in global annual retail sales and have an expansive retail footprint in more than 150 countrie…",Creative & Design Jobs,2025-04-07T00:56:47Z,52137.41,52137.41
"Marketing Data Analyst, Global Partnerships",Google,"Grand Central, Manhattan","Minimum qualifications: - Bachelor's degree or equivalent practical experience. - 2 years of experience in Business Intelligence or Data Analytics. - 2 years of experience in SQL and Data Visualization (e.g., Looker, Tableau, Power BI, Qlik, or similar technologies). Preferred qualifications: - Experience with data warehousing or data modeling concepts. - Experience with big data technologies (e.g., Hadoop, Spark, Python, or R). - Experience with translating business requirements to BI solution…","PR, Advertising & Marketing Jobs",2025-04-08T11:41:00Z,128097.34,128097.34
Internship: Data Analyst Summer Associate,M13,"New York City, New York","Founded in 2016 with offices in Los Angeles (HQ), New York, and San Francisco, M13 is an early-stage (seed and Series A) venture capital firm that invests in visionary founders building technology - AI and web3 - that powers the future of work, health, commerce, and money. We are a full-stack partner with a deep bench of full-time operators to help founding teams scale efficiently and build category-defining companies. Messier 13 (or M13) is one of the brightest star clusters in the Northern sk…",IT Jobs,2025-03-26T23:28:43Z,98930.74,98930.74
Senior Data Analyst - Payment Success,Checkout.com,"New York City, New York","Important note: Please submit CVs in English The role We empower businesses in the digital economy, and we know that every payment counts. Our Payment Performance team’s mission is to manage and optimise merchants’ payment flow, to achieve optimal conversion, compliance and cost. Checkout.com is looking for a Senior Data Analyst to join our Payment Success team to craft an all-encompassing payments strategy tailored specifically for our Tier-1 merchants. You will be the main point of contact fo…",IT Jobs,2025-04-06T12:43:35Z,90798.07,90798.07
"Geospatial Data Analyst, Remote Sensing",Floodbase,"Brooklyn, New York City","ABOUT FLOOD BASE Floodbase is changing the way businesses and communities adapt to increasing risk of climate change impacts from flooding. Last year, we launched a solution enabling re/insurers and public sector organizations to profitably design, underwrite, and monitor parametric flood insurance products, extending coverage to historically uninsurable locations and risks. Built on nearly a decade of industry-leading and peer-reviewed science, our proprietary solution continuously monitors fl…",IT Jobs,2025-01-17T06:29:30Z,63945.62,63945.62
Data Analyst II- Patient Experience,"Weight loss, better sex, fuller hair, improved skin and more online","New York City, New York","Ro is a direct-to-patient healthcare company with a mission of helping patients achieve their health goals by delivering the easiest, most effective care possible. Ro is the only company to offer nationwide telehealth, labs, and pharmacy services. This is enabled by Ro's vertically integrated platform that helps patients achieve their goals through a convenient, end-to-end healthcare experience spanning from diagnosis, to delivery of medication, to ongoing care. Since 2017, Ro has helped millio…",IT Jobs,2024-10-20T08:36:32Z,132000.0,155000.0
"Senior Data Analyst, Channel Science",Known,"New York City, New York","WE HAVE CREATED A WORLD WHERE ART AND SCIENCE ARE BEST FRIENDS Known is a modern marketing company engineered for the unprecedented opportunities and challenges facing marketers today. We are about 200 people strong, pairing PhD data scientists with award-winning creatives, strategists, engineers and expert research teams to produce some of the most innovative and cutting-edge creative work in culture. We believe that when creative truly collaborates with science, strategy, and technology, amaz…","PR, Advertising & Marketing Jobs",2025-02-20T20:17:20Z,90000.0,110000.0
Data Analyst I - Medical Education,Mount Sinai Health System,"Grand Central, Manhattan","Job Description The primary role of the Data Analyst position in the Department of Medical Education is to create, monitor, analyze, and report on performance indicators used to evaluate the Medical Degree (MD) Program curriculum and other major elements of the medical education program. This role supports projects related to medical education program evaluation and continuous quality improvement required by the Liaison Committee on Medical Education. This position reports to the Associate Dean…",Healthcare & Nursing Jobs,2025-02-23T09:39:19Z,72427.55,72427.55
"Senior Data Analyst, Revenue Analytics",Navan,"New York City, New York","Navan is looking for a Senior Analyst, Revenue Analytics that is comfortable in high-growth and highly dynamic environments. This individual will work closely with our Revenue leadership team, as well as Finance, Marketing, and Data functions on ad-hoc and ongoing initiatives. We are looking for someone passionate about how data can inform and guide business decisions. You must have a bias towards action, eagerness to take ownership, and an entrepreneurial spirit. What You’ll Do: Design and bui…",IT Jobs,2024-12-29T11:14:10Z,98119.96,98119.96
Global AML and Sanctions Data Analyst,United Nations Federal Credit Union,"Astoria, Queens","At UNFCU, you will be part of a vibrant community dedicated to making a meaningful impact. Driven by a mission to serve our members, colleagues, and the broader United Nations community, we uphold core values of integrity, service excellence, learning and development, and global impact and inclusion. This position is hybrid. NYC Salary Range - $88,190 - $93,000 annually; compensation is commensurate to geographic location. Regardless of seniority or role, uphold UNFCU’s mission, core values, an…",IT Jobs,2025-02-07T12:02:44Z,80192.09,80192.09
Lead Data Analyst (Medicare Stars),Molina Healthcare,"New York City, New York","Job Description Job Summary Designs and implements processes and solutions associated with a wide variety of data sets used for data/text mining, analysis, modeling, and predicting (Power BI and Databricks) to enable informed business decisions. Gains insight into key business problems and deliverables by applying statistical analysis techniques to examine structured and unstructured data from multiple disparate sources. Collaborates across departments and with customers to define requirements …",IT Jobs,2025-03-20T10:47:07Z,96568.91,96568.91
IT DevOps – Data Analyst Developer,Natixis,"Grand Central, Manhattan","Description The Global Markets Pre-Trade IT team is committed to delivering innovative and reliable IT solutions tailored for our Global Macro (Rates, FX), Equity/Securities Lending, and Credit businesses. Our primary mission is to develop customized solutions that effectively enhance our operational capabilities. To achieve this, we are focused on advancing our DevOps practices for streamlined delivery and expanding our expertise in data analysis solutions. We are currently seeking a skilled I…",IT Jobs,2025-04-11T23:14:17Z,145000.0,180000.0
Lead Data Analyst (Medicare Stars),Molina Healthcare,"Grand Central, Manhattan","Job Description Job Summary Designs and implements processes and solutions associated with a wide variety of data sets used for data/text mining, analysis, modeling, and predicting (Power BI and Databricks) to enable informed business decisions. Gains insight into key business problems and deliverables by applying statistical analysis techniques to examine structured and unstructured data from multiple disparate sources. Collaborates across departments and with customers to define requirements …",IT Jobs,2025-03-20T10:47:07Z,94479.18,94479.18
Algorithmic Trading Data Analyst/Engineer,Quanta Search,"New York City, New York","Our client is a global financial technology company, provider of advanced algorithms and data-driven analytics for clients in Futures and US Cash Treasury markets. They are looking for a highly analytical, motivated, and self-driven data engineer with a strong background in designing and constructing highly scalable and flexible data management systems to join our algorithmic trading data analytics/infrastructure team in NYC. You will have the opportunity to make significant contributions to ou…",IT Jobs,2024-08-01T05:02:08Z,121802.19,121802.19
"Data Analyst, E-Commerce Membership",Bespoke Post,"New York City, New York","Bespoke Post is a lifestyle brand driven by the spirit of discovery. We’re all about finding under-the-radar goods and guides that enrich the lives of our customers. Through our e-commerce shop, editorial content, and award-winning subscription program, we shine a light on quality products, small brands, and interesting people that spark curiosity and inspire new, richer experiences. We’re looking for someone who loves mining troves of data and figuring out what it all means. You will support o…",IT Jobs,2025-03-07T20:44:51Z,88284.93,88284.93
Licensed Practical Nurse (LPN),Atlas Search,"New York City, New York","Job Description Job Description We are seeking a dedicated and compassionate Licensed Practical Nurses (LPN - $35-$45/hour) to join our healthcare team. This is a full-time, contract role offering varied scheduling. The LPN will provide essential patient care in an outpatient setting under the supervision of registered nurses and physicians, ensuring the highest standards of health and safety. Referral bonus of $500 available for placed referral that works 100 hours. LPN responsibilities will i…",IT Jobs,2025-04-17T23:25:12Z,95358.69,95358.69
Licensed Practical Nurse (LPN),Atlas Search,"New York City, New York","Job Description Job Description We are seeking a dedicated and compassionate Licensed Practical Nurses (LPN - $30-$35/hour) to join our healthcare team at a renowned skilled nursing facility in Brooklyn, NY. This is a full-time, contract role offering varied scheduling. The LPN will provide essential patient care in a Long Term Care setting under the supervision of registered nurses and physicians, ensuring the highest standards of health and safety. Referral bonus of $500 available for placed …",IT Jobs,2025-04-18T11:48:57Z,93051.15,93051.15
Senior Data Analyst - Financial Crimes / AML,K2 Integrity,"New York City, New York","We are seeking a highly skilled Senior Data Analyst to join our Financial Crimes / Anti-Money Laundering (AML) team. This is a contract role. The ideal candidate will have a strong technical background and extensive experience in the financial crimes and AML space. This role involves analyzing and interpreting transactions, accounts, customers, alerts, and third-party data using advanced statistical and analytical tools to identify potential suspicious patterns, anomalies, and risks. Responsibi…",Accounting & Finance Jobs,2025-01-28T00:30:30Z,78378.15,78378.15
AML Business/Data Analyst -NYC / Tampa,Matrix Global,"Jersey City, Hudson County","We are seeking a highly experienced Data Analyst with over 7 years of expertise in the AML domain. The ideal candidate will have a strong background in both business and data analysis, with hands-on experience in AML in Transaction Monitoring projects. This role requires a deep understanding of data analysis, data mapping, and the ability to work closely with development teams to ensure accurate implementation of business requirements. Key Responsibilities: Analyze source system data and map da…",IT Jobs,2025-04-08T18:47:59Z,103902.92,103902.92
Business Data Analyst (Swap Dealer Regulation),Pierce Technology Corp,"New York City, New York","Evaluate and analyze business processes for compliance with swap dealer regulations Gather, document, and clarify business requirements from stakeholders regarding swap regulations Utilize SQL to perform data analysis, ensuring data quality and integrity for regulatory reporting Translate business requirements into technical specifications for the development team Collaborate with legal and compliance teams to ensure regulations are correctly interpreted and implemented Develop and maintain pro…",IT Jobs,2025-04-02T11:52:01Z,82749.73,82749.73
"Sr. Data Analyst, Data Steward Team - Vice President",Bank of America,"Tyler Park, Hudson County","Sr. Data Analyst, Data Steward Team - Vice President New York, New York;Jersey City, New Jersey Job Description: Job Description Global Corporate & Investment Banking (GCIB) is enhancing its data management capabilities. Its teams in Data Steward and Data Architecture areas will play a pivotal part in driving the enhancement and its ongoing sustainment of the data management program. This role requires a structured execution approach to managing the risk and business enablement priorities from …",IT Jobs,2025-03-19T11:57:21Z,80289.19,80289.19
"Sr. Data Analyst, Data Steward Team - Vice President",Bank of America,"Grand Central, Manhattan","Sr. Data Analyst, Data Steward Team - Vice President New York, New York;Jersey City, New Jersey Job Description: Job Description Global Corporate & Investment Banking (GCIB) is enhancing its data management capabilities. Its teams in Data Steward and Data Architecture areas will play a pivotal part in driving the enhancement and its ongoing sustainment of the data management program. This role requires a structured execution approach to managing the risk and business enablement priorities from …",IT Jobs,2025-03-19T10:42:47Z,77317.26,77317.26
"Sr. Data Analyst, Data Steward Team - Vice President",Bank of America,"New York City, New York","Job Description: Job Description Global Corporate & Investment Banking (GCIB) is enhancing its data management capabilities. Its teams in Data Steward and Data Architecture areas will play a pivotal part in driving the enhancement and its ongoing sustainment of the data management program. This role requires a structured execution approach to managing the risk and business enablement priorities from data perspective, combining global and regional requirements. It also requires partnering with s…",IT Jobs,2025-03-20T12:46:41Z,99862.45,99862.45
Lead Credit Risk BA and Data Analyst,Brains Workgroup,"Grand Central, Manhattan","Our client, a major bank in New York City, is looking for talented Lead Credit Risk Business Analyst and Data Analyst Permanent position with competitive compensation package (base is 170-210K), excellent benefits, and target bonus. Must be 2-3 days per week in New York City Office. Seeking a highly skilled and motivated Lead Credit Risk Business Analyst and Data Analyst (BA/DA) to lead the development and management of one credit risk product. The ideal candidate will have a strong background …",IT Jobs,2025-01-11T07:04:55Z,137459.72,137459.72
"Paratransit Data Analyst, Emerging Talent Internship",Metropolitan Transportation Authority,"Long Island, Queens","Description Position at MABSTOA Departments: Paratransit Operations Analytics Location: 33-00 Northern Blvd., Long Island City, NY 11101 Position Title: Paratransit Data Analyst, Emerging Talent Internship Hourly Rate: $19.00 (Undergraduate), $21.00 (Graduate), $22.00 (Post-Graduate) Overview of Department: New York City Transit, Department of Paratransit operates the largest paratransit operation in the world, with an operating budget of $692 million. We oversee the operations of New York City…",IT Jobs,2025-04-07T17:01:16Z,57196.74,57196.74
Senior Data Analyst - Financial Crimes / AML,K2 Integrity,"Grand Central, Manhattan","We are seeking a highly skilled Senior Data Analyst to join our Financial Crimes / Anti-Money Laundering (AML) team. This is a contract role. The ideal candidate will have a strong technical background and extensive experience in the financial crimes and AML space. This role involves analyzing and interpreting transactions, accounts, customers, alerts, and third-party data using advanced statistical and analytical tools to identify potential suspicious patterns, anomalies, and risks. Responsibi…",Accounting & Finance Jobs,2025-04-14T01:11:26Z,76524.41,76524.41
Senior Data Analyst - Financial Crimes / AML,K2 Integrity,"New York City, New York","Job Description Job Description We are seeking a highly skilled Senior Data Analyst to join our Financial Crimes / Anti-Money Laundering (AML) team. This is a contract role. The ideal candidate will have a strong technical background and extensive experience in the financial crimes and AML space. This role involves analyzing and interpreting transactions, accounts, customers, alerts, and third-party data using advanced statistical and analytical tools to identify potential suspicious patterns, …",Accounting & Finance Jobs,2025-03-31T13:25:50Z,78687.84,78687.84
Senior Programmer Analyst / Clinical Data Analyst,SUNY Downstate Health Sciences University,"Brooklyn, New York City","Are you looking to take your career to new heights with a leader in healthcare? SUNY Downstate Health Sciences University is one of the nation's leading metropolitan medical centers. As the only academic medical center in Brooklyn, we serve a large population that is among the most diverse in the world. We are also highly-ranked by Castle Connolly Medical, a healthcare rating company for consumers, among the top 5 leading U.S. medical schools for training doctors. Bargaining Unit: UUP Job Summa…",IT Jobs,2025-01-10T09:11:43Z,94474.5,94474.5
Electronic Market Data Analyst M/F,Crédit Agricole CIB,"New York City, New York","Informations générales Entité A propos de Crédit Agricole Corporate and Investment Bank (Crédit Agricole CIB) Crédit Agricole CIB est la banque de financement et d'investissement du groupe Crédit Agricole, 10ème groupe bancaire mondial en taille de bilan 2021 (The Banker, juillet 2022). Près de 8600 collaborateurs répartis dans plus de 30 implantations en Europe, Amériques, Asie-Pacifique, Moyen-Orient et Afrique du Nord, accompagnent les clients de la Banque dans la couverture de leurs besoins…",Accounting & Finance Jobs,2025-03-08T21:23:57Z,107907.16,107907.16
"VP, Business Lead Data Analyst (Hybrid)",Citigroup,"Grand Central, Manhattan",The Business Data Analyst role is responsible for ensuring timely and accurate definition and execution of Risk requirements according to the Citi Data Governance Policy (CDGP) and Standard (CDGS). The role reports into the Enterprise Risk Management Data & Technology ERM Data Governance Lead. This is an opportunity to start at the inception of a data program initiative driving the development and creation of the data management and data governance model within ERM. The Business Data Analyst po…,IT Jobs,2025-01-26T18:44:45Z,97249.48,97249.48
Bordereau Management Data Analyst - A&H Programs,SiriusPoint,"New York City, New York","Description r Bordereau Management Data Analyst – A&H Programs New York/Connecticut - Hybrid Who We Are SiriusPoint is a global insurance and reinsurance company created from the merger of Third Point Re and Sirius International Insurance Group. We are a top global (re)insurer writing a worldwide portfolio of businesses including Accident & Health, Liability, Property and Specialty. Bermuda-headquartered and listed on the New York Stock Exchange (NYSE: SPNT), we are looking at ways to grow inte…",IT Jobs,2025-03-12T21:18:41Z,100000.0,120000.0
"Sr. Media Data Analyst, Amazon MODE",Amazon,"Grand Central, Manhattan","Description Do you have a passion for enabling proprietary measurement and reporting solutions that will drive critical business decisions? Do you want to help drive data strategy for a highly visible tool that generates long term value for one of the largest brands globally? Do you thrive in an extremely fast-paced and ambiguous start up environment backed by a large complex advertiser? If yes, then the Amazon MODE (Media Operations, Data and Execution) team is right for you. As a Sr. Media Da…","PR, Advertising & Marketing Jobs",2025-03-11T10:39:13Z,96366.33,96366.33
"(USA) Senior, Data Analyst, Market Research",Walmart,"Hoboken, Hudson County","Position Summary What you'll do Data Ventures exists to unlock the full value of Walmart's data by developing and?productizing B2B data?initiatives?that empowers merchants and clients to make better, faster decisions for the business.? We are seeking a Senior Data Analyst to join our Research Team. In this role, you will support a wide range of survey research initiatives throughout the entire project lifecycle, from proposal to report and insights delivery. You will handle daily survey data pr…",IT Jobs,2025-04-05T12:21:01Z,116436.02,116436.02
"Sr Data Analyst, Talent Acquisition Operations",Abnormal,"New York City, New York","About the role Nothing exceptional was ever normal. At Abnormal, people are our greatest asset, and the Recruiting team is on the frontlines, helping to build and scale the organization with outstanding new team members to help us achieve our business goals. This position requires a blend of creativity, problem solving, conceptual thinking abilities in addition to strong mathematical, analytical, and data modeling skills to develop and implement effective reporting across our global recruiting …",IT Jobs,2025-04-20T01:19:23Z,98733.28,98733.28
"Data Analyst Intern, application via RippleMatch",RippleMatch Internships,"New York City, New York","This role is with RippleMatch's partner companies. RippleMatch partners with hundreds of companies looking to hire top talent. About RippleMatch RippleMatch is your AI-powered job matchmaker. Our platform brings opportunities directly to you by matching you with top employers and jobs you are qualified for. Tell us about your strengths and goals - we’ll get you interviews Leading employers such as eBay and Teach For America leverage RippleMatch to build diverse, high-performing teams and Gen Z …",IT Jobs,2025-04-14T01:37:54Z,53360.12,53360.12
Analyst | Quality Assurance Data Analyst I,Verisk Analytics,"Jersey City, Hudson County","Description Verisk’s Underwriting Operations group has a keen focus on creating superior customer and employee experiences to deliver best in class financial results. You can be a part of the Center of Excellence model of the Data Operations team helping to streamline and standardize processes, develop consistent metrics, and implement best practices. The Public Records Intelligence group of the Data Operations team is a dedicate group supporting Driving History Solutions products with the visi…",IT Jobs,2025-04-15T22:09:45Z,92059.91,92059.91
"Data Analyst II, Revenue Cycle Management",Spring Health,"New York City, New York","Job Description Job Description Our mission: to eliminate every barrier to mental health. At Spring Health, we're on a mission to revolutionize mental healthcare by removing every barrier that prevents people from getting the help they need, when they need it. Our clinically validated technology, Precision Mental Healthcare , empowers us to deliver the right care at the right time—whether it's therapy, coaching, medication, or beyond—tailored to each individual's needs. We proudly partner with …",HR & Recruitment Jobs,2025-04-09T02:18:02Z,90130.23,90130.23
"Sr Data Analyst, Talent Acquisition Operations",Abnormal,"New York City, New York","Job Description Job Description About the role Nothing exceptional was ever normal. At Abnormal, people are our greatest asset, and the Recruiting team is on the frontlines, helping to build and scale the organization with outstanding new team members to help us achieve our business goals. This position requires a blend of creativity, problem solving, conceptual thinking abilities in addition to strong mathematical, analytical, and data modeling skills to develop and implement effective reporti…",IT Jobs,2025-04-18T11:55:12Z,115395.46,115395.46
Business Consultant and Data Analyst - Bilingual (English/Korean),"Woongjin, Inc","Ridgefield Park, Bergen County","Job Description Support company-wide system implementation and business process improvement projects through evaluation of current work processes and execution of improvement strategies Analyze, visualize and automate data processes working independently or with cross functional teams Evaluate business needs and initiate quantitative and qualitative analysis to support project proposal or evaluation results Lead business requirement gathering and manage comprehensive project documentation Devel…",IT Jobs,2025-04-01T08:49:39Z,107468.32,107468.32
Data Analyst II - Population Health Science & Policy,Mount Sinai Health System,"East Harlem, Manhattan","Description The Department of Population Health Science and Policy is seeking a full-time Data Analyst II to work directly with Dr. Katharine McCarthy on projects related to adolescence, lifecourse cardiometabolic disease, school policy, and maternal health research. The Data Analyst II will be an integral member of the research team, and will collaborate with study investigators (including epidemiologists, NYC Office of School Health researchers), and other research team members on projects re…",Scientific & QA Jobs,2025-03-24T23:59:33Z,89581.71,89581.71
Senior Data Analyst - Financial Crimes / AML - 2973655,"AMS Staffing, Inc.","New York City, New York","Job Description Job Description Job Title: Senior Data Analyst - Financial Crimes / AML Location: New York City, NY 10017 Salary: $130K-$150K or $90/hr (1099) Benefits Work Environment: HYBRID Term: Contract Bachelors degree required: REQUIRED Referral Fee: $500 - should your referral start with our client Job Description: LI-RC1 We are seeking a highly skilled and experienced Senior Data Analyst to join our clients Financial Crimes / Anti-Money Laundering (AML) team. The ideal candidate will h…",Accounting & Finance Jobs,2025-03-31T01:33:36Z,119257.26,119257.26
Clinical Informatics Analyst (Data Analyst Experience) - REMOTE,Molina Healthcare,"New York City, New York","JOB DESCRIPTION Job Description Reporting to the Director of Clinical Informatics for Analytics & Interfaces, the Clinical Informatics Data Analyst is responsible for the development, design, and maintenance of critical business reports based on data stored in multiple sources. This role will involve supporting the Care Connections team by extracting, validating, and analyzing data to measure and monitor department initiatives. Additionally, the Clinical Informatics Data Analyst will actively p…",IT Jobs,2025-04-03T12:03:50Z,100012.46,100012.46
Clinical Informatics Analyst (Data Analyst Experience) - REMOTE,Molina Healthcare,"Grand Central, Manhattan","JOB DESCRIPTION Job Description Reporting to the Director of Clinical Informatics for Analytics & Interfaces, the Clinical Informatics Data Analyst is responsible for the development, design, and maintenance of critical business reports based on data stored in multiple sources. This role will involve supporting the Care Connections team by extracting, validating, and analyzing data to measure and monitor department initiatives. Additionally, the Clinical Informatics Data Analyst will actively p…",IT Jobs,2025-04-15T10:54:34Z,97847.94,97847.94
Senior SEO Data Analyst Job at Hearst in New York,Hearst,"New York City, New York","Job Description Senior SEO Data Analyst Hearst Newspapers is looking for a sharp, curious, and highly skilled Senior SEO Data Analyst to join our Business Intelligence team and help power the next generation of organic search growth across our wide portfolio of media brands. If you're passionate about SEO, data, and the future of digital journalism, this is your chance to make an outsized impact. You'll be embedded in our Business Intelligence team, and in lock step with the Performance Content…",IT Jobs,2025-03-28T15:24:49Z,117198.59,117198.59
Business Lead Data Analyst - C13 - NEW YORK,Citigroup,"New York City, New York",The Business Data Analyst role is responsible for ensuring timely and accurate definition and execution of Risk requirements according to the Citi Data Governance Policy (CDGP) and Standard (CDGS). The role reports into the Enterprise Risk Management Data & Technology ERM Data Governance Lead. This is an opportunity to start at the inception of a data program initiative driving the development and creation of the data management and data governance model within ERM. The Business Data Analyst po…,IT Jobs,2025-01-25T15:42:33Z,100391.07,100391.07
"Senior Associate Data Analyst, HR Vendor Management",JPMorganChase,"Jersey City, Hudson County","Description ﻿ Are you a detail-oriented analyst with a passion for transforming data into strategic insights? Join our Human Resources team, where we leverage data analytics to drive impactful business decisions. Collaborating closely with the Global Head of Vendor Management, you will play a crucial role in shaping our data-driven strategies and enhancing our Human Resources (HR) operations. If you're ready to lead with vision and drive meaningful change, we invite you to join our team and hel…",IT Jobs,2025-04-16T22:38:56Z,104500.0,145000.0
Business Consultant and Data Analyst - Bilingual (English/Korean),"Woongjin, Inc","Ridgefield Park, Bergen County","Job Description Job Description Company Description For More Open Positions Visit us at: http://recruiting.woongjininc.com/ Our Mission WOONGJIN, Inc. is a rapidly growing team who provides a range of unique, exceptional, and enhanced services to our clients. We have a strong moral code that includes the service of goodness without expectations of reward. We are motivated by the sense of responsibility and servant leadership. Job Description Support company-wide system implementation and busine…",IT Jobs,2025-04-02T14:06:32Z,95478.44,95478.44
"Entry Level Data Analyst, application via RippleMatch",RippleMatch,"New York City, New York","This role is with RippleMatch's partner companies. RippleMatch partners with hundreds of companies looking to hire top talent. About RippleMatch RippleMatch is your AI-powered job matchmaker. Our platform brings opportunities directly to you by matching you with top employers and jobs you are qualified for. Tell us about your strengths and goals - we’ll get you interviews Leading employers such as eBay and Teach For America leverage RippleMatch to build diverse, high-performing teams and Gen Z …",IT Jobs,2024-12-28T07:03:36Z,63720.5,63720.5
Capital Management Data Analyst - C11 - NEW YORK,Citigroup,"New York City, New York","Capital Planning and Management is a division that (i) owns the enterprise-wide capital planning and management processes for Citigroup and its legal entities, and (ii) ensures integrity and efficiency of Citigroup and CBNA capital profiles, on both an actual and forecasted basis, across the capital continuum ranging from BAU through simulated stress environments consistent with CCAR and QMMF (Quarterly Multi-Year Multi-Scenario Forecasting) assumptions. Capital Planning and Management organize…",Accounting & Finance Jobs,2025-03-27T11:58:32Z,92449.84,92449.84
"Data Analyst Consultant - DSNY10 (August 4, 2025)",The Information Lab,"New York City, New York","Final Application Deadline: June 11, 2025 You must submit your application by May 30 to receive feedback on your application. The Information Lab has a simple mission: to help people make sense of data. We believe that companies that use data well will have better futures than those that don’t. We have helped clients such as The Vanguard Group, JPMorgan Chase, PwC, JLL, and Paramount Global do just that through specializing in and consulting on the leading products for data visualization and da…",IT Jobs,2025-03-23T20:53:33Z,48879.69,48879.69
Capital Management Data Analyst - C11 - NEW YORK,Citigroup,"Grand Central, Manhattan","Capital Planning and Management is a division that (i) owns the enterprise-wide capital planning and management processes for Citigroup and its legal entities, and (ii) ensures integrity and efficiency of Citigroup and CBNA capital profiles, on both an actual and forecasted basis, across the capital continuum ranging from BAU through simulated stress environments consistent with CCAR and QMMF (Quarterly Multi-Year Multi-Scenario Forecasting) assumptions. Capital Planning and Management organize…",Accounting & Finance Jobs,2025-03-28T11:05:12Z,79278.76,79278.76
Economic Data Analyst - HYBRID - Statistics Experience a MUST,CAFCO Group,"New York City, New York","Job Description Job Description If you're an upbeat, organized, tech savvy, with a degree in Finance who can successfully multi-task AND you have experience in economics, transportation, or statistical analysis., please apply You will be an integral member of a multi-disciplinary multi-project team performing qualitative and quantitative research to examine market and industry behavior, . You'll have the opportunity to grow professionally and learn new skills at this position and with CAFCO Gro…",Consultancy Jobs,2025-04-14T23:21:51Z,75376.46,75376.46
Economic Data Analyst - HYBRID - Statistics Experience a MUST,CAFCO Group,"New York City, New York","Job Description Job Description Benefits: 401(k) Dental insurance Health insurance Paid time off Vision insurance If you're an upbeat, organized, tech savvy, with a degree in Finance who can successfully multi-task AND you have experience in economics, transportation, or statistical analysis., please apply You will be an integral member of a multi-disciplinary multi-project team performing qualitative and quantitative research to examine market and industry behavior, . You'll have the opportuni…",Consultancy Jobs,2025-04-17T23:57:18Z,75445.43,75445.43
Data Labeling Analyst,Jobs for Humanity,"New York City, New York","Job Description Data Labeling Analyst This is a contract position. This is a remote opportunity. About this Position Are you interested in working with large datasets and helping ensure data quality for key product decisions? If so, this Data Labeling Analyst position is perfect for you In this role, you’ll play an integral part in data labeling processes while ensuring compliance with all regulations and delivering actionable insights. Job Responsibilities Create and modify data labels to ensu…",Admin Jobs,2025-04-05T03:09:38Z,62242.46,62242.46
Data Entry Analyst,Adne Group,"New York City, New York","Job Description: We are seeking a detail-oriented and organized Data Entry Analyst to join our remote team. In this role, you will be responsible for accurately inputting, updating, and maintaining data while ensuring high levels of efficiency and accuracy. You will also assist in customer service-related tasks, handle scheduling, and support various administrative functions. This is a great opportunity for someone who thrives in a dynamic and remote work environment. Key Responsibilities: • Ac…",Admin Jobs,2025-04-01T19:38:40Z,43638.07,43638.07
"Data Analyst II, Enterprise Data Management - Business Intelligence & Analytics",Neuberger Berman Services,"New York City, New York","The Enterprise Data Management (EDM) organization is comprised of multiple teams that are responsible for developing, executing, and delivering data products across a new cloud platform at Neuberger Berman. The Business Intelligence & Reporting team within EDM is responsible for delivering reporting and analytics solutions that enable our stakeholders to make data-driven decisions. We are an extension of the EDM team and work closely with front office groups and the technology teams that suppor…",IT Jobs,2025-03-18T19:24:28Z,80000.0,110000.0
"Data Analyst II, Enterprise Data Management - Business Intelligence & Analytics",Neuberger Berman,"Grand Central, Manhattan","The Enterprise Data Management (EDM) organization is comprised of multiple teams that are responsible for developing, executing, and delivering data products across a new cloud platform at Neuberger Berman. The Business Intelligence & Reporting team within EDM is responsible for delivering reporting and analytics solutions that enable our stakeholders to make data-driven decisions. We are an extension of the EDM team and work closely with front office groups and the technology teams that suppor…",Accounting & Finance Jobs,2025-03-14T10:44:38Z,111757.69,111757.69
Data Operations Analyst - Reference Data,Point72,"New York City, New York","We are passionate about data. We collaborate to build elegant, effective, scalable and highly reliable solutions to empower predictive modelling in finance. Cubist’s data services group is looking for Data Operations Analyst to join our dedicated team. Our group is responsible for the timely delivery of comprehensive and error-free data to some of the most demanding and successful systematic Portfolio Managers in the world. This exceptional individual will join a global team of analysts who mon…",IT Jobs,2025-01-25T06:41:32Z,86342.84,86342.84
"Agility Talent, LLC is hiring: Data Analyst- Advertising Data in New York","Agility Talent, LLC","New York City, New York","About our client: Our client is a high growth startup offering a digital technology, advertising, consumer relationship management, and big data platform for enterprise brand names across multiple industries. They are well-funded offering options, competitive base, bonus and full health benefits and creative/collaborative atmosphere About the role: Our client is seeking an energetic, self-starter that combines an analytical mind with creative problem-solving skills to use advertising data to dr…",IT Jobs,2025-01-09T06:29:27Z,92731.7,92731.7
Data Management Analyst,Pearson,"Hoboken, Hudson County","Job Title : Data Analyst Location : Remote Join Pearson's Higher Education Data and Reporting CoE as a Data Analyst and play a pivotal role in shaping our data journey and business analytics. In this role, you'll proactively pursue opportunities to use data to support business analytics, identifying ways to connect data from multiple technology- stacks such as Salesforce, In-Product, and Financial metrics. You'll create intuitive datasets and data dictionaries for business users, find efficienc…",IT Jobs,2025-04-19T11:55:33Z,83057.91,83057.91
Data Quality Analyst,Natixis,"Grand Central, Manhattan","Description The Data Quality Analyst (VP level) will play a pivotal role in coordinate the integrity, accuracy, and reliability of data across Natixis CIB Americas businesses and in line with Head Office processes. This position is responsible for developing, implementing, and overseeing technical data quality frameworks, methodologies, and tools to enhance our data assets, re-using Head Office solution where possible. The Data Quality Analyst will collaborate with the businesses to assist on i…",IT Jobs,2025-01-29T16:04:39Z,140000.0,175000.0
Data Operations Analyst,Point72,"New York City, New York","Job Description: We are passionate about data. We collaborate to build elegant, effective, scalable and highly reliable solutions to empower predictive modelling in finance. Cubist’s data services group is looking for Data Operations Analyst to join our dedicated team. Our group is responsible for the timely delivery of comprehensive and error-free data to some of the most demanding and successful systematic Portfolio Managers in the world. This exceptional individual will join a global team of…",IT Jobs,2025-01-25T06:14:10Z,80362.88,80362.88
Data Privacy Analyst,Brains Workgroup,"Grand Central, Manhattan","Our client, a major bank in New York City, is looking for talented Data Privacy Analyst . Permanent position with competitive compensation package (base is 130-150K), excellent benefits, and target bonus. This is hybrid commute position with up to 2/3 days per week in the office. Data Privacy Analyst Responsibilities: Work closely with the EDMO and security team to implement and monitor data security measures. Identify and mitigate information risks related to data handling and storage in the c…",IT Jobs,2025-02-10T14:15:19Z,135319.44,135319.44
Data Visualization Analyst,Public Health Solutions,"Astoria, Queens","Company Overview: With an annual budget of $2.3 billion and more than 7,000 employees throughout the five boroughs, the New York City Department of Health and Mental Hygiene (NYC DOHMH) is one of the largest public health agencies in the world, serving 8 million New Yorkers from diverse ethnic and cultural backgrounds. We're tackling a broad range of public health issues with innovative policies and programs and getting exceptional results, but our work is never finished. The breadth of our inn…",IT Jobs,2025-03-26T22:54:53Z,110042.0,110042.0
Data & Business Analyst,FP,"New York City, New York","The Free Press is seeking a Data & Business Analyst to serve as the primary point person for all data-related needs across the organization. This is a unique opportunity for a driven individual to join a rapidly growing independent media company and make a meaningful impact. As the sole data professional, you will play a vital role in empowering teams across Editorial, Audience Development, Product, Marketing, and Business Leadership with actionable insights and tools. If you’re a strategic thi…",IT Jobs,2025-02-09T13:52:27Z,72604.3,72604.3
Data Governance Analyst,Amadan Recruitment,"Chelsea and Clinton, Manhattan","DATA GOVERNANCE ANALYST Requirements: Education—Bachelor’s degree or equivalent years of experience. Professional experience will be considered in lieu of education. Skills People Skills: ·Excellent interpersonal skills and the ability to successfully interact with a variety of stakeholders, from senior management to hands-on specialists. ·A patient & adaptable approach to training colleagues of varying experience levels. ·Confidence in raising opportunities for improvement to management for ac…",IT Jobs,2025-03-23T00:00:21Z,123984.63,123984.63
Data Reporting Analyst,Robert Half,"Grand Central, Manhattan","Description We are in search of a Data Reporting Analyst in the legal industry, located in New York. The role involves handling and analyzing data, identifying trends, and supporting legal strategies and decision-making. The successful candidate will be expected to collaborate with various stakeholders, ensure data accuracy, and adapt to changing priorities. Responsibilities: - Handle and analyze medium to large datasets, extracting valuable insights to support legal strategies and decisions. -…",IT Jobs,2025-01-23T18:39:32Z,61520.54,61520.54
Data Development Analyst,Meta,"Grand Central, Manhattan","Summary: Meta Platforms, Inc. (Meta), formerly known as Facebook Inc., builds technologies that help people connect, find communities, and grow businesses. When Facebook launched in 2004, it changed the way people connect. Apps and services like Messenger, Instagram, and WhatsApp further empowered billions around the world. Now, Meta is moving beyond 2D screens toward immersive experiences like augmented and virtual reality to help build the next evolution in social technology. To apply, click …",IT Jobs,2025-03-20T10:41:55Z,94876.83,94876.83
Data Operations Analyst,Division,"New York City, New York","Description Position at Everyday Health - Division Everyday Health Group (EHG) is a recognized leader in patient and provider education and services attracting an engaged audience of over 74 million health consumers and over 890,000 U.S. practicing physicians and clinicians. Our mission is to drive better clinical and health outcomes through decision-making informed by highly relevant information, data, and analytics. We empower healthcare providers, consumers and payers with trusted content an…","PR, Advertising & Marketing Jobs",2025-03-04T18:09:32Z,70000.0,85000.0
Data Operations Analyst,Division,"New York City, New York","Description Everyday Health Group (EHG) is a recognized leader in patient and provider education and services attracting an engaged audience of over 74 million health consumers and over 890,000 U.S. practicing physicians and clinicians. Our mission is to drive better clinical and health outcomes through decision-making informed by highly relevant information, data, and analytics. We empower healthcare providers, consumers and payers with trusted content and services delivered through Everyday H…","PR, Advertising & Marketing Jobs",2025-02-25T15:07:39Z,70000.0,85000.0
Data Science Analyst,Greater New York Mutual Insurance Company,"Gramercy Park and Murray Hill, Manhattan","Job Details NEW YORK HEADQUARTERS - NEW YORK, NY Hybrid Insurance Description Position Summary : The purpose of this job is to assist in developing and maintaining advanced analytics tools by utilizing machine learning and predictive analytics techniques. It results in pricing enhancement, early fraud detection, loss control efficiency, customer experience improvement, better broker selection, and better claims reserving. Essential Duties and Responsibilities: Collect, examine, and clean up lar…",Scientific & QA Jobs,2024-12-09T13:33:51Z,70200.0,128100.0
Data Privacy Analyst,The New York Times,"New York City, New York","The mission of The New York Times is to seek the truth and help people understand the world. That means independent journalism is at the heart of all we do as a company. It’s why we have a world-renowned newsroom that sends journalists to report on the ground from nearly 160 countries. It’s why we focus deeply on how our readers will experience our journalism, from print to audio to a world-class digital and app destination. And it’s why our business strategy centers on making journalism so goo…",IT Jobs,2025-04-06T02:11:53Z,85000.0,100000.0
Data Analyst for FinTech (Excel Power Pivot expert) - Connecticut,Captura Search,"New York City, New York",Captura Search has already successfully partnered with this NY based FinTech (offering Fund Administration solutions and services) to hire key members of their US team. As they expand the breadth of their data & analytics offering they are now looking to hire one or two Data Analysts who are experts in Excel Power Pivot. In this position you will partner with various team members to understand client needs and identify how their solutions can meet those needs. You'll play a key role in helping …,IT Jobs,2024-08-07T06:36:43Z,90609.15,90609.15
Vulnerabilities Data Analyst and Business Intelligence Summer 2025 Analyst,Crédit Agricole CIB,"New York City, New York","General information Entity About Crédit Agricole Corporate and Investment Bank (Crédit Agricole CIB) Crédit Agricole CIB is the corporate and investment banking arm of Crédit Agricole Group, the 10th largest banking group worldwide in terms of balance sheet size (The Banker, July 2022). 8,600 employees in more than 30 countries across Europe, the Americas, Asia-Pacific, the Middle-East and North Africa, support the Bank's clients, meeting their financial needs throughout the world. Crédit Agric…",Accounting & Finance Jobs,2025-04-17T00:32:12Z,104971.91,104971.91
"US News is hiring: Data Analyst, Advertising in New York",US News,"New York City, New York","Description U.S. News & World Report is a multifaceted digital media company dedicated to helping citizens, consumers, business leaders and policy officials make important decisions in their lives. We publish independent reporting, rankings, data journalism and advice that has earned the trust of our readers and users for nearly 90 years. Our platforms on usnews.com include Education, Health, Money, Travel, Cars, News and 360 Reviews. We reach more than 40 million people monthly during moments …",IT Jobs,2025-03-28T15:25:01Z,69933.1,69933.1
Data Operations Analyst - Systematic Data Platform,Millennium,"New York City, New York","Data Operations Analyst - Systematic Data Platform We are building a world class systematic data platform which will power the next generation of our systematic portfolio engines. The systematic data group is looking for Data Operations Analyst to join our growing team. The team consists of content specialists, data scientists, analysts and engineers who are responsible for discovering, maintaining and analyzing sources of alpha for our portfolio managers. This is an opportunity for individuals…",IT Jobs,2025-02-17T11:02:13Z,100000.0,175000.0
"Business Data Analyst (Query, Report Writing and Maintenance) (Finance) (Hybrid)",Nycm,"New York City, New York","The Business Data Analyst (Hybrid) will perform day-to-day tasks associated with hardware/software use and maintenance within Financial Services. They will also assist with technical support and user requests for data and reports. Duties & Responsibilities: Develop queries, code and data transformation scripts for financial applications using MS SQL, AQT, etc. Perform system and report testing for new and existing applications. Acquire data from a variety of sources including but not limited to…",IT Jobs,2025-04-15T15:34:24Z,57207.87,57207.87
"Music Data Analyst Job at Yoh, A Day & Zimmermann Company in New York","Yoh, A Day & Zimmermann Company","New York City, New York","Music Data Analyst needed for a contract opportunity with Yoh’s Entertainment client located in New York City. Job Details Contract duration : 6 months Location : New York City 10010 Pay: $35-41 per hour (Depending on experience) Schedule: M-TH On site (Friday remote) Hours: 10AM-6PM Job Description As an Analyst, you will have a central role on our team by using data-driven efforts to support artist discovery & promotion strategy, to generate daily/weekly reporting, and to improve the label’s …",IT Jobs,2025-04-05T15:23:15Z,68574.33,68574.33
"Music Data Analyst Job at Yoh, A Day & Zimmermann Company in New York","Yoh, A Day & Zimmermann Company","New York City, New York","Job Description Job Description Music Data Analyst needed for a contract opportunity with Yoh’s Entertainment client located in New York City. Job Details Contract duration : 6 months Location : New York City 10010 Pay: $35-41 per hour (Depending on experience) Schedule: M-TH On site (Friday remote) Hours: 10AM-6PM Job Description As an Analyst, you will have a central role on our team by using data-driven efforts to support artist discovery & promotion strategy, to generate daily/weekly report…",IT Jobs,2025-04-17T15:36:44Z,76389.3,76389.3
Jr. Data & BI Analyst,A Place For Mom,"New York City, New York","Job Description We are seeking a Jr. Data and BI Analyst who is data driven and enjoys creating new solutions to complex reporting problems. This role will take point on creating dashboards, reports, and data architecture mainly impacting the call center and sales organizations. This individual will use data and insightful analyses to support, inform, and where applicable, challenge decisions to help hone and serve APFM’s business goals. Success in this role will help stakeholders increase conv…",IT Jobs,2025-04-16T08:14:12Z,66207.42,66207.42
", Lead Data Analyst & Technical Product Manager for Customer & Compliance, VP",MUFG Bank,"Jersey City, Hudson County","Do you want your voice heard and your actions to count? Discover your opportunity with Mitsubishi UFJ Financial Group (MUFG), one of the world’s leading financial groups. Across the globe, we’re 120,000 colleagues, striving to make a difference for every client, organization, and community we serve. We stand for our values, building long-term relationships, serving society, and fostering shared and sustainable growth for a better world. With a vision to be the world’s most trusted financial gro…",IT Jobs,2024-11-29T10:38:06Z,133000.0,164000.0
", Lead Data Analyst & Technical Product Manager for Customer & Compliance, VP",MUFG,"Tyler Park, Hudson County","Do you want your voice heard and your actions to count? Discover your opportunity with Mitsubishi UFJ Financial Group (MUFG), one of the world's leading financial groups. Across the globe, we're 120,000 colleagues, striving to make a difference for every client, organization, and community we serve. We stand for our values, building long-term relationships, serving society, and fostering shared and sustainable growth for a better world. With a vision to be the world's most trusted financial gro…",IT Jobs,2024-10-30T16:32:10Z,152421.7,152421.7
"Lead Data Analyst & Technical Product Manager for Risk & Finance , VP",MUFG,"Tyler Park, Hudson County","Do you want your voice heard and your actions to count? Discover your opportunity with Mitsubishi UFJ Financial Group (MUFG), one of the world's leading financial groups. Across the globe, we're 120,000 colleagues, striving to make a difference for every client, organization, and community we serve. We stand for our values, building long-term relationships, serving society, and fostering shared and sustainable growth for a better world. With a vision to be the world's most trusted financial gro…",IT Jobs,2024-10-29T16:32:08Z,147979.64,147979.64
"Lead Data Analyst & Technical Product Manager for Risk & Finance , VP",MUFG,"Grand Central, Manhattan","Do you want your voice heard and your actions to count? Discover your opportunity with Mitsubishi UFJ Financial Group (MUFG), one of the world's leading financial groups. Across the globe, we're 120,000 colleagues, striving to make a difference for every client, organization, and community we serve. We stand for our values, building long-term relationships, serving society, and fostering shared and sustainable growth for a better world. With a vision to be the world's most trusted financial gro…",IT Jobs,2025-02-21T09:42:42Z,139493.3,139493.3
", Lead Data Analyst & Technical Product Manager for Customer & Compliance, VP",MUFG,"Grand Central, Manhattan","Do you want your voice heard and your actions to count? Discover your opportunity with Mitsubishi UFJ Financial Group (MUFG), one of the world's leading financial groups. Across the globe, we're 120,000 colleagues, striving to make a difference for every client, organization, and community we serve. We stand for our values, building long-term relationships, serving society, and fostering shared and sustainable growth for a better world. With a vision to be the world's most trusted financial gro…",IT Jobs,2025-02-21T09:42:42Z,143681.3,143681.3
"Music Data Analyst Job at Yoh, A Day & Zimmermann Company in New York","Yoh, A Day & Zimmermann Company","New York City, New York","Job Description Analyst (Music) needed for a contract opportunity with Yoh’s Entertainment client located in New York City. Job Details Contract duration : 6 months Schedule : 30-39 hours per week. Location : New York City 10010 Start Date: Estimated January 2025 Pay: $35-40 per hour (Depending on experience) Job Description As an Analyst, you will have a central role on our team by using data-driven efforts to support artist discovery & promotion strategy, to generate daily/weekly reporting, a…",IT Jobs,2025-04-09T15:47:56Z,67863.89,67863.89
"Analyst, Data",Molina Healthcare,"New York City, New York","Job Summary Analyzes complex business problems and issues using data from internal and external sources to provide insight to decision-makers. Identifies and interprets trends and patterns in datasets to locate influences. Constructs forecasts, recommendations and strategic/tactical plans based on business data and market knowledge. Creates specifications for reports and analysis based on business needs and required or available data elements. Collaborates with clients to modify or tailor exist…",IT Jobs,2025-04-17T10:56:16Z,76299.75,76299.75
"Analyst, Data",Molina Healthcare,"Grand Central, Manhattan","Job Summary Analyzes complex business problems and issues using data from internal and external sources to provide insight to decision-makers. Identifies and interprets trends and patterns in datasets to locate influences. Constructs forecasts, recommendations and strategic/tactical plans based on business data and market knowledge. Creates specifications for reports and analysis based on business needs and required or available data elements. Collaborates with clients to modify or tailor exist…",IT Jobs,2025-04-17T10:56:16Z,74648.58,74648.58
Staff Data Governance Analyst,FanDuel,"New York City, New York","ABOUT FANDUEL FanDuel Group is the premier mobile gaming company in the United States. FanDuel Group consists of a portfolio of leading brands across mobile wagering including: America’s 1 Sportsbook, FanDuel Sportsbook; its leading iGaming platform, FanDuel Casino; the industry’s unquestioned leader in horse racing and advance-deposit wagering, FanDuel Racing; and its daily fantasy sports product. In addition, FanDuel Group operates FanDuel TV, its broadly distributed linear cable television n…",IT Jobs,2025-03-08T21:47:22Z,146000.0,191000.0
Data Integrity Analyst (Remote),Neptune Retail Solutions,"Jersey City, Hudson County","Headquartered in Jersey City, NJ, Neptune Retail Solutions is the nation’s premier retail marketing services company. We are experts at influencing buying behaviors through disruptive, innovative, and results-oriented solutions, including in-store, home-delivered, and digital media tactics. Our powerful advertising and promotional programs are supported through rich data and insights. The country’s largest consumer packaged goods manufacturers rely on NRS for unparalleled consumer reach and eng…","PR, Advertising & Marketing Jobs",2024-08-07T08:40:44Z,78754.13,78754.13
Data Content Analyst LV1,City of New York,"New York City, New York","Job Description The Office of the Bronx District Attorney is seeking a well-qualified staff whose diverse backgrounds reflect an ability to relate to the over 1.3 million members of the Bronx County community. Candidates should exhibit a strong interest in criminal law and public service. The Information Technology Unit is seeking a Data Content Analyst who, under supervision, will perform time-sensitive case-tracking functions. JOB RESPONSIBILITIES: Record details of court adjournments and dis…",Legal Jobs,2025-03-29T15:26:03Z,67539.65,67539.65
Lead Data Engineer/Analyst,NYC Criminal Justice Agency,"New York City, New York","Job Description Job Description LEAD ENGINEER/ANALYST INFORMATION TECHNOLOGY DEPARTMENT POSTED:3/10/2025 Program Summary NYCJA's Information technology team provides strategic vision, leadership, and innovative solutions so that our 300 staff at 13 locations have the trusted data and applications they need to provide high quality pretrial services and research. IT staff have strong customer focus, partnering with business units and stakeholders to pilot new programs, and create custom applicati…",IT Jobs,2025-04-11T02:20:09Z,126620.54,126620.54
Senior Data Governance Analyst,Uber,"Grand Central, Manhattan","About the Role As we build Uber's Delivery Commercial Operations team, we are looking for a Senior Data Governance/Quality Analyst to break down complex problems cross-functionally and drive incremental & strategic value to business teams. The focus of the role will be on expanding a Data Governance program to establish a more unified data strategy as we execute digital transformations to improve systems scalability & sustainability. In the role, you will focus on the global business priorities…",IT Jobs,2025-04-10T11:26:57Z,99867.3,99867.3
Jr. Data & BI Analyst,A Place For Mom,"New York City, New York","Job Description Job Description Company Description A Place for Mom is the leading online resource connecting families searching for senior care with a team of expert advisors providing insight-driven, personalized solutions. As the nation’s largest senior care advisory service, A Place for Mom helps hundreds of thousands of families every year navigate the complexities of finding the right senior care solution for their loved ones across home care, independent living, memory care, assisted liv…",IT Jobs,2025-04-19T00:08:47Z,72214.15,72214.15
Senior Data Science Analyst,Greater New York Mutual Insurance Company,"Gramercy Park and Murray Hill, Manhattan","Job Details NEW YORK HEADQUARTERS - NEW YORK, NY Hybrid Description Position Summary : The purpose of this job is to assist in developing and maintaining advanced analytics tools by utilizing machine learning and predictive analytics techniques. It results in pricing enhancement, early fraud detection, loss control efficiency, customer experience improvement, better broker selection, and better claims reserving. Essential Duties and Responsibilities: Collect, examine, and clean up large sets of…",Scientific & QA Jobs,2025-02-26T23:59:30Z,78700.0,145500.0
"Nycm is hiring: Business Data Analyst (Query, Report Writing and Maintenance) (F",Nycm,"New York City, New York","The Business Data Analyst (Hybrid) will perform day-to-day tasks associated with hardware/software use and maintenance within Financial Services. They will also assist with technical support and user requests for data and reports. Duties & Responsibilities: Develop queries, code and data transformation scripts for financial applications using MS SQL, AQT, etc. Perform system and report testing for new and existing applications. Acquire data from a variety of sources including but not limited to…",IT Jobs,2025-04-16T15:38:06Z,58285.09,58285.09
"Yoh, A Day & Zimmermann Company is hiring: Music Data Analyst in New York","Yoh, A Day & Zimmermann Company","New York City, New York","Music Data Analyst needed for a contract opportunity with Yoh's Entertainment client located in New York City.Job DetailsContract duration6 monthsLocationNew York City 10010Pay: $35-41 per hour (Depending on experience)Schedule: M-TH On site (Friday remote)Hours: 10AM-6PMJob DescriptionAs an Analyst, you will have a central role on our team by using data-driven efforts to support artist discovery & promotion strategy, to generate daily/weekly reporting, and to improve the label's understanding …",IT Jobs,2025-04-15T15:34:50Z,67710.55,67710.55
"Yoh, A Day & Zimmermann Company is hiring: Music Data Analyst in New York","Yoh, A Day & Zimmermann Company","New York City, New York","Job Description Job Description Analyst (Music) needed for a contract opportunity with Yoh’s Entertainment client located in New York City. Job Details Contract duration : 6 months Schedule : 30-39 hours per week. Location : New York City 10010 Start Date: Estimated January 2025 Pay: $35-40 per hour (Depending on experience) Job Description As an Analyst, you will have a central role on our team by using data-driven efforts to support artist discovery & promotion strategy, to generate daily/wee…",IT Jobs,2025-04-05T15:23:15Z,80236.07,80236.07
"PT Data Analyst, The Brooklyn YAS (Youth against Substance Misuse) (NaviGAYte Brooklyn)",CAMBA,"Brooklyn, New York City","Who We Are: CAMBA is a community of staff, volunteers, clients, donors, neighbors and partners who work together to build an inclusive New York City, where all children and adults have access to the resources and supports they need to thrive. We take a comprehensive approach by offering more than 160 integrated programs in: Education & Youth Development, Family Support, Job Training & Employment Support Services, Health, Housing, and Legal Services. We reach more than 65,000 individuals and fam…",Healthcare & Nursing Jobs,2025-03-19T16:23:28Z,67542.99,67542.99
Population Health & Policy Data Analyst II - Institute for Health Equity Research (Hybrid),Mount Sinai Health System,"East Harlem, Manhattan","Description The Population Health & Policy Data Analyst II oversees activities related to data integrity, security and enhancement of the value of data. The Data Analyst II may direct the movement of data across multiple systems; oversee its validation and organization and make sure that data is available to appropriate people and systems within an organization. The Data Analyst II will also develop and execute reports that will be important assets of the practice as they continue to develop an…",Scientific & QA Jobs,2025-01-04T08:39:47Z,87734.42,87734.42
Population Health & Policy Data Analyst II - Institute for Health Equity Research (Hybrid),Mount Sinai Health System,"Grand Central, Manhattan","Job Description The Population Health & Policy Data Analyst II oversees activities related to data integrity, security and enhancement of the value of data. The Data Analyst II may direct the movement of data across multiple systems; oversee its validation and organization and make sure that data is available to appropriate people and systems within an organization. The Data Analyst II will also develop and execute reports that will be important assets of the practice as they continue to develo…",IT Jobs,2025-02-23T09:39:15Z,80568.08,80568.08
"PT Data Analyst, The Brooklyn YAS (Youth against Substance Misuse) (NaviGAYte Brooklyn)",Camba,"Flatbush, Brooklyn","Who We Are: CAMBA is a community of staff, volunteers, clients, donors, neighbors and partners who work together to build an inclusive New York City, where all children and adults have access to the resources and supports they need to thrive. We take a comprehensive approach by offering more than 160 integrated programs in: Education & Youth Development, Family Support, Job Training & Employment Support Services, Health, Housing, and Legal Services. We reach more than 65,000 individuals and fam…",Healthcare & Nursing Jobs,2025-03-21T23:25:01Z,70765.28,70765.28
"PT Data Analyst, The Brooklyn YAS (Youth against Substance Misuse) (NaviGAYte Brooklyn)",CAMBA,"New York City, New York","Job Description Job Description Who We Are: CAMBA is a community of staff, volunteers, clients, donors, neighbors and partners who work together to build an inclusive New York City, where all children and adults have access to the resources and supports they need to thrive. We take a comprehensive approach by offering more than 160 integrated programs in: Education & Youth Development, Family Support, Job Training & Employment Support Services, Health, Housing, and Legal Services. We reach more…",Healthcare & Nursing Jobs,2025-04-19T12:05:59Z,66407.18,66407.18
Senior Data Ops Analyst- MEDIA,Human,"New York City, New York","HUMAN was founded in 2012 in a Brooklyn sci-fi bookstore by Tamer Hassan, Michael Tiffany, Dan Kaminsky, and Ash Kalb. Our humble beginnings led to the creation of the Human Defense Platform, the backbone of all our products that safeguards enterprises from sophisticated bots, fraud, and account abuse. Today we verify the humanity of more than 20 trillion interactions per week for some of the largest companies and internet platforms. Our hacker roots still permeate everything we do. You will be…",HR & Recruitment Jobs,2024-09-28T10:37:54Z,130000.0,150000.0
Senior Data Analyst - Operating Room - Mount Sinai West - Full Time - Day Shift,Mount Sinai Health System,"Meadows, Hudson County","Description Job Title: Senior Data Analyst - Operating Room - Mount Sinai West - Full Time - Day Shift The Perioperative Data Analyst should be able to gather and analyze Perioperative data from multiple sources (e.g. budget department, clinical operations, and patient satisfaction) to extract trends and business insights. This role requires that one should be analytical and resourceful, as well as be an excellent communicator who’s able to tell the story behind raw data to non-technical audien…",IT Jobs,2025-03-04T19:00:21Z,112567.2,112567.2
Senior Data Analyst - Operating Room - Mount Sinai West - Full Time - Day Shift,Mount Sinai Health System,"Grand Central, Manhattan","Job Description Job Title: Senior Data Analyst - Operating Room - Mount Sinai West - Full Time - Day Shift The Perioperative Data Analyst should be able to gather and analyze Perioperative data from multiple sources (e.g. budget department, clinical operations, and patient satisfaction) to extract trends and business insights. This role requires that one should be analytical and resourceful, as well as be an excellent communicator who's able to tell the story behind raw data to non-technical au…",Healthcare & Nursing Jobs,2025-03-05T09:48:42Z,83502.12,83502.12
Tax Data Analyst - Business Tax Advisory - Quant Services - Manager - Multiple Positions - 1599312,EY,"Grand Central, Manhattan","At EY, you'll have the chance to build a career as unique as you are, with the global scale, support, inclusive culture and technology to become the best version of you. And we're counting on your unique voice and perspective to help EY become even better. Join us and build an exceptional experience for yourself, and a better working world for all. The exceptional EY experience. It's yours to build. EY focuses on high-ethical standards and integrity among its employees and expects all candidate…",Accounting & Finance Jobs,2025-04-15T10:56:09Z,98369.37,98369.37
"Analyst, Data Exchange",Capital Rx,"New York City, New York","Location: Remote (For Non-Local) or Hybrid (Local to NYC area) Position Summary: The Data Exchange Analyst at Capital Rx is a critical player in ensuring the accuracy, reliability, and smooth operation of data feeds essential to our pharmacy benefit services. This role collaborates with both internal teams and external partners to develop, maintain, and troubleshoot these data connections, ensuring the seamless flow of information such as claims, vaccine reimbursements, and eligibility data. Th…",IT Jobs,2025-02-21T21:28:07Z,85000.0,100000.0
"Analyst, Data & Analytics",The Estee Lauder Companies,"Long Island City, Queens","Description Qualifications Equal Opportunity Employer It is Company's policy not to discriminate against any employee or applicant for employment on the basis of race, color, creed, religion, national origin, ancestry, citizenship status, age, sex or gender (including pregnancy, childbirth and related medical conditions), gender identity or gender expression (including transgender status), sexual orientation, marital status, military service and veteran status, physical or mental disability, pr…",Healthcare & Nursing Jobs,2025-02-07T18:50:19Z,64071.86,64071.86
Data Analyst II (Center for Child Health Services Research) - Mindich Child Health & Dev. Institute,Mount Sinai Health System,"East Harlem, Manhattan","Description The Data Analyst II oversees activities related to data integrity, security and enhancement of the value of data. The Data Analyst II will also develop and execute reports that will be important assets of the practice as they continue to develop and evaluate a new model of care. Your duties include, but are not limited to the following: In your role as Data Analyst II at the Center for Child Health Services Research, you will be expected to collaborate with Center faculty and staff,…",Scientific & QA Jobs,2025-01-02T12:36:48Z,83400.09,83400.09
"Senior Analyst, Data Operations",NBCUniversal,"New York City, New York","Job Description NBCUniversal’s Data Operations team is looking for enthusiastic, goal-driven, proactive, and resourceful individuals to support innovation in our Ad Platforms and Operations One-Platform group. One-Platform is the collection of all NBCU’s data-driven, advanced advertising products, including data-driven linear, addressable, OTT and digital channel advertising products. Within our group we promote a culture of inclusion for all employees that respects their unique abilities, expe…",IT Jobs,2025-04-08T21:01:10Z,88839.07,88839.07
Systems Analyst (Data Analytics),,"Chelsea and Clinton, Manhattan","Systems Analyst (Data Analytics) Employment Type: Full-Time, Mid-Level Department: Information Technology As a CGS Systems Analyst, you will be doing the work of setting up Oracle databases in a UNIX environment, including designing, implementing, troubleshooting, populating, maintaining, documenting, and training users on such systems. Other systems environments and specific project requirements will call for other specific sets of technical skills. CGS brings motivated, highly skilled, and cr…",IT Jobs,2025-04-13T14:01:59Z,94577.62,94577.62
"Sr. Analysts, Data Analytics",American Express,"Grand Central, Manhattan","Description American Express Travel Related Services Company, Inc. seeks Sr. Analysts, Data Analytics to design, build, and maintain data pipelines. Enable efficient and scalable analytics, reporting, and modeling. Support data governance processes by building and maintaining data dictionaries, setting up data quality measures and increasing automation. Ensure data quality and governance, and catalog data for ease of access to data while maintaining strict quality controls to support company re…",IT Jobs,2025-03-25T11:00:57Z,120712.98,120712.98
"Data Governance Controls, Analyst",MUFG,"Tyler Park, Hudson County","Do you want your voice heard and your actions to count? Discover your opportunity with Mitsubishi UFJ Financial Group (MUFG), one of the world's leading financial groups. Across the globe, we're 120,000 colleagues, striving to make a difference for every client, organization, and community we serve. We stand for our values, building long-term relationships, serving society, and fostering shared and sustainable growth for a better world. With a vision to be the world's most trusted financial gro…",IT Jobs,2025-04-09T12:02:16Z,86814.14,86814.14
"Senior Analyst, Data Operations",NBC Universal,"Grand Central, Manhattan","We create world-class content, which we distribute across our portfolio of film, television, and streaming, and bring to life through our theme parks and consumer experiences. We own and operate leading entertainment and news brands, including NBC, NBC News, MSNBC, CNBC, NBC Sports, Telemundo, NBC Local Stations, Bravo, USA Network, and Peacock, our premium ad-supported streaming service. We produce and distribute premier filmed entertainment and programming through Universal Filmed Entertainme…",IT Jobs,2025-04-10T12:08:36Z,58056.59,58056.59
Data Support Sr Analyst,Bank of America,"Jersey City, Hudson County","Job Description: At Bank of America, we are guided by a common purpose to help make financial lives better through the power of every connection. We do this by driving Responsible Growth and delivering for our clients, teammates, communities and shareholders every day. Being a Great Place to Work is core to how we drive Responsible Growth. This includes our commitment to being a diverse and inclusive workplace, attracting and developing exceptional talent, supporting our teammates’ physical, em…",IT Jobs,2025-04-05T01:50:12Z,73700.0,126000.0
"Sr Actuarial Analyst, Data",Uber,"Grand Central, Manhattan",About the Role Uber is home to one of the largest and most unique insurance programs in the world and insurance data lies at its foundation. We're looking for an experienced Senior Actuarial Analyst to manage our critical insurance data infrastructure. This will involve everything from designing new data pipelines and improving existing data processes to expanding the scope of the data program to support Uber's ever-growing portfolio This team works cross functionally to ensure that our data pr…,Accounting & Finance Jobs,2025-03-11T10:42:38Z,116880.48,116880.48
Operations Analyst- Data Center,CoreWeave,"New York City, New York","Job Description Job Description CoreWeave is the AI Hyperscaler™, delivering a cloud platform of cutting edge services powering the next wave of AI. Our technology provides enterprises and leading AI labs with the most performant, efficient and resilient solutions for accelerated computing. Since 2017, CoreWeave has operated a growing footprint of data centers covering every region of the US and across Europe. CoreWeave was ranked as one of the TIME100 most influential companies of 2024. As the…",IT Jobs,2025-04-11T14:41:55Z,95981.2,95981.2
Operations Analyst- Data Center,CoreWeave,"New York City, New York","CoreWeave is the AI Hyperscaler™, delivering a cloud platform of cutting edge services powering the next wave of AI. Our technology provides enterprises and leading AI labs with the most performant, efficient and resilient solutions for accelerated computing. Since 2017, CoreWeave has operated a growing footprint of data centers covering every region of the US and across Europe. CoreWeave was ranked as one of the TIME100 most influential companies of 2024. As the leader in the industry, we thri…",IT Jobs,2025-03-13T01:37:12Z,96472.8,96472.8
"Analyst, Data Exchange - Accumulators",Capital Rx,"New York City, New York",Location: Remote (For Non-Local) or Hybrid (Local to NYC area) Position Responsibilities: Work with data exchange partners and internal teams to develop integrated member accumulations data exchange feeds and ensure the accuracy of integrated accumulations at Capital Rx Serving as a point of coordination for member accumulation issue identification and issue resolution with internal teams and external integration partners Identify and triage accumulation issues and support the resolution of all…,IT Jobs,2025-03-09T19:17:55Z,85000.0,100000.0
Portfolio Analyst- Data Center,CoreWeave,"New York City, New York","CoreWeave is the AI Hyperscaler™, delivering a cloud platform of cutting edge services powering the next wave of AI. Our technology provides enterprises and leading AI labs with the most performant, efficient and resilient solutions for accelerated computing. Since 2017, CoreWeave has operated a growing footprint of data centers covering every region of the US and across Europe. CoreWeave was ranked as one of the TIME100 most influential companies of 2024. As the leader in the industry, we thri…",IT Jobs,2025-03-12T19:21:37Z,115000.0,135000.0
"Senior Analyst, Data Operations",NBCUniversal,"New York City, New York","Job Description Job Description Company Description We create world-class content, which we distribute across our portfolio of film, television, and streaming, and bring to life through our theme parks and consumer experiences. We own and operate leading entertainment and news brands, including NBC, NBC News, MSNBC, CNBC, NBC Sports, Telemundo, NBC Local Stations, Bravo, USA Network, and Peacock, our premium ad-supported streaming service. We produce and distribute premier filmed entertainment …",IT Jobs,2025-04-12T02:18:24Z,73429.26,73429.26
Full-time Data Entry Analyst – Hiring Immediately,FlexIT,"New York City, New York","Are you detail-oriented, organized, and ready to embark on a career in data analysis? The Remote Job is seeking a Full-time Data Entry Analyst at an entry-level position to join our remote team. As a key player in our data management operations, you will contribute to the efficiency and accuracy of our data processing systems. Responsibilities: • Data Entry and Validation: Accurately input and validate data into our systems, ensuring precision and adherence to quality standards. •  Data Analysi…",Admin Jobs,2025-03-25T18:19:35Z,46920.02,46920.02
Data Science Analyst III - Digital and Technology Partners,Mount Sinai Health System,"Grand Central, Manhattan","Description Data Science Analyst III - Digital and Technology Partners - Remote - Req3024403 The Data Science Analyst III is a senior role, collaborating with stakeholders from across the organization to develop sophisticated analytics to provide information, insights and BI (Business Intelligence) solutions that contribute to sound strategic planning, decision-making, goal setting, and effective performance measurement. The Data Science Analyst III demonstrates sound and a more advanced unders…",IT Jobs,2025-03-14T21:35:02Z,104116.78,104116.78
IT Bus Data Rep Analyst 2 (Hourly),CUNY,"Grand Central, Manhattan","IT Bus Data Rep Analyst 2 (Hourly) GENERAL DUTIES Under supervision, provides and/or oversees expert end-user support by proficiently and accurately inputting, auditing, and reporting on information in CUNYfirst (i.e., PeopleSoft). CUNYfirst is the City University of New York's Enterprise Resource Planning (ERP) Oracle/PeopleSoft system used to capture and maintain the University's student administration, human resources and finance functions. This position differs from an Information Technolog…",IT Jobs,2024-11-20T15:42:59Z,46756.81,46756.81
"Data Steward Analyst, Business Management - New York",Moelis & Company Group LP,"New York City, New York","We are passionate about our business and our culture, and are seeking individuals with that same drive. Moelis & Company is a leading global independent investment bank that provides innovative strategic advice and solutions to a diverse client base, including corporations, governments and financial sponsors. The Firm assists its clients in achieving their strategic goals by offering comprehensive integrated financial advisory services across all major industry sectors. Moelis & Company’s exper…",Accounting & Finance Jobs,2025-02-23T23:47:12Z,75000.0,80000.0
Liquidity Senior Lead Change and Data Management Analyst,ManpowerGroup,"Kew Gardens, Queens","Role: Liquidity Change and Data Management Senior Lead Analyst Location : Long Island City, NY (Hybrid -3 days onsite per week) Position type: 11 months with high possibility of extension/Conversion About the Role The Liquidity Change and Data Management team within Treasury is responsible for defining, driving, and executing end-to-end process design and implementation efforts to enhance liquidity risk management, regulatory reporting, and stress testing. This team collaborates with global Tre…",Accounting & Finance Jobs,2025-04-05T11:40:01Z,158389.23,158389.23
Data Science Analyst I - Genomics of Aging & Psychiatry,Mount Sinai Health System,"East Harlem, Manhattan","Description We are seeking an experienced candidate to join our team working at the intersection of healthcare and genomics. In this role, you will analyze health records and genetic data to drive discoveries that improve patient outcomes and advance precision medicine initiatives. Responsibilities Apply data mining, data modeling, natural language processing, and machine learning techniques to extract information from large structured and unstructured datasets from various sources Integrate ge…",Scientific & QA Jobs,2025-04-13T20:13:53Z,100442.78,100442.78
Telemetry RN,Atlas Search,"New York City, New York","Job Description Job Description We are currently seeking a dedicated and experienced Telemetry RN at $60-$70/hour to join our healthcare team at one of NYC's most prestigious hospital systems. As an RN on the telemetry unit, you will be tasked with monitoring and interpreting data from medical equipment, providing care for critically ill patients, and ensuring proper patient care in telemetry units. Telemetry RN Job Duties Include: Using electrocardiogram (EKG) machines to continuously track he…",IT Jobs,2025-04-17T23:51:33Z,116162.41,116162.41
Registered Nurse Ambulatory,Atlas Search,"New York City, New York","Job Description Job Description We are seeking a dedicated and compassionate Registered Nurse - $60/hour, to join our healthcare team in the outpatient clinic of one of NYC's most prestigious hospital systems. As a Registered Nurse, you will play a vital role in assessing patient needs, developing care plans, and providing high-quality medical care to patients across different specialties. $500 reward for any referrals successfully placed. Registered Nurse Responsibilities Include: Conduct thor…",IT Jobs,2025-04-17T23:59:32Z,122091.53,122091.53
Valuation Consultant,Atlas Search,"New York City, New York","Job Description Job Description We are working with a well-established global investment management firm that specializes in targeting traditional and non-traditional sources of alpha by employing multiple absolute return strategies. They are actively seeking a Valuations Consultant to join their team. The ideal candidate has experience with options pricing, P&L, and valuations experience within hedge funds. This is a fantastic contract to hire opportunity, and we are looking to fill the positi…",IT Jobs,2025-04-17T11:09:08Z,98088.52,98088.52
Facilities Coordinator,Atlas Search,"New York City, New York","Job Description Job Description We are working with an international private enterprise with operations spanning public and private equities, real estate, and commercial interests. They are seeking a Facilities Coordinator for their New York office. The ideal candidate will ensure the office environment is well-maintained and welcoming, supporting both facilities and office operations. This role requires attention to detail, reliability, and the ability to work both independently and as part of…",IT Jobs,2025-04-19T00:01:11Z,79448.45,79448.45
Data Processing Analyst (12 Month Fixed Term Contract),Arch,"New York City, New York","Our Company Private investments such as venture capital, hedge funds, and private equity make up roughly 25% of the investment universe. Traditionally, investors, advisors, banks, families, and managers track hundreds of investments in complicated spreadsheets, file folders, and busy inboxes. Not only is this tedious and time-consuming, but it is rife with opportunities for manual data entry errors, inconsistent reporting, and lost information. Enter Arch. Arch is a Series A financial technolog…",Accounting & Finance Jobs,2025-01-15T09:39:58Z,59281.54,59281.54
Capital Markets Data Financial Analyst/Capital Markets/Generative AI,"IT EBusiness Consulting Services, Inc","Chelsea and Clinton, Manhattan","A senior Financial Markets Data Analyst with extensive experience knowledge in Generative AI and its applications in financial analysis. This role involves evaluating and optimizing various financial market data feeds to improve the investment team's process and explore how market data can support the automation and analysis of business workflows using AI. Candidates must be able to Create dashboards, reports, and visualizations using tools like Excel, Tableau, or Power BI to present complex fi…",IT Jobs,2025-04-18T07:45:04Z,105038.91,105038.91
"Data Science Analyst / Associate, Information Technology - New York",Moelis & Company Group LP,"New York City, New York","We are passionate about our business and our culture, and are seeking individuals with that same drive. Summary At Moelis & Company, we collaborate to develop data-driven actionable intelligence that serves internal teams and external clients. We’re focused on innovating and creatively solving for business opportunities. We’re looking for fresh perspectives and top creative, analytical minds to harness the power of data assets across our Businesses. You’ll join a team of problem-solvers who dev…",IT Jobs,2025-02-07T13:00:26Z,90000.0,125000.0
Sr.UI developer,Akkodis,"Jersey City, Hudson County","Job Description Job Description Akkodis is seeking a Sr.UI developer for a Contract job with a client in Jersey City, NJ (Hybrid). The ideal candidate will be responsible for developing dynamic front-end applications using ReactJS, TypeScript, and JavaScript, with a strong focus on UI development. Rate Range: $53/hour to $55/hour; The rate may be negotiable based on experience, education, geographic location, and other factors. Sr.UI developer job responsibilities include: Developing dynamic an…",IT Jobs,2025-03-25T10:39:58Z,123895.16,123895.16
Business Analyst - Data Lineage/Java,Doran Jones,"Rutherford, Bergen County","Doran Jones Inc. is looking for experienced Business Data Analysts to assist with project delivery for a multi-national financial services firm. In this role, you will work closely with Product Owners to trace and document data lineage for regulatory reporting requirements. The business domain is the Wholesale Business, including Derivatives, Securities, Finance, Banking, Investment Securities, Cash Trades, and Securitization. This is a full-time, salaried position and is not open to C2C or oth…",IT Jobs,2025-02-26T19:37:54Z,91083.92,91083.92
Business Analyst - Data Science Team,Millennium,"New York City, New York","Business Analyst - Data Science Team Millennium’s Data Science Group (“DSG”) is looking to hire a Business Analyst to spearhead our user engagement and outreach strategy across DSG’s global client base. The Business Analyst will collaborate closely with DSG team to understand their offerings, communicate their value to various stakeholders, and foster strong relationships with users to ensure their needs and feedback are addressed. Principal Responsibilities: User Engagement Strategy: Develop a…",IT Jobs,2025-03-30T21:54:41Z,70000.0,160000.0
Murex Data Management Business Analyst,"Treliant, LLC","New York City, New York","Treliant is an essential consulting firm serving banks, mortgage originators and servicers, fintechs, and other companies providing financial services globally. We are led by practitioners from the industry and the regulatory community who bring deep domain knowledge to help our clients drive business change and address the most pressing compliance, regulatory, and operational challenges. We provide data-driven, technology-enabled consulting, implementation, staffing, and managed services solut…",IT Jobs,2025-02-25T07:52:34Z,96278.51,96278.51
"Senior Analyst, Data Platform Ops",NBC Universal,"Grand Central, Manhattan","We create world-class content, which we distribute across our portfolio of film, television, and streaming, and bring to life through our theme parks and consumer experiences. We own and operate leading entertainment and news brands, including NBC, NBC News, MSNBC, CNBC, NBC Sports, Telemundo, NBC Local Stations, Bravo, USA Network, and Peacock, our premium ad-supported streaming service. We produce and distribute premier filmed entertainment and programming through Universal Filmed Entertainme…",IT Jobs,2025-04-17T10:56:37Z,58486.49,58486.49
Senior Analyst - Data Governance & Management,American Express,"Grand Central, Manhattan","Description You Lead the Way. We've Got Your Back. With the right backing, people and businesses have the power to progress in incredible ways. When you join Team Amex, you become part of a global and diverse community of colleagues with an unwavering commitment to back our customers, communities and each other. Here, you'll learn and grow as we help you create a career journey that's unique and meaningful to you with benefits, programs, and flexibility that support you personally and professio…",IT Jobs,2025-04-17T10:52:45Z,83454.12,83454.12
Senior Research Scientist,NYU Langone Health,"Grand Central, Manhattan","NYU Grossman School of Medicine is one of the nation's top-ranked medical schools. For 175 years, NYU Grossman School of Medicine has trained thousands of physicians and scientists who have helped to shape the course of medical history and enrich the lives of countless people. An integral part of NYU Langone Health , the Grossman School of Medicine at its core is committed to improving the human condition through medical education, scientific research, and direct patient care. At NYU Langone He…",Healthcare & Nursing Jobs,2025-04-12T08:32:32Z,100939.62,100939.62
Capital Markets Data Financial Analyst/Capital Markets/Generative AI,"IT EBusiness Consulting Services, Inc","New York City, New York","Job Description Job Description A senior Financial Markets Data Analyst with extensive experience knowledge in Generative AI and its applications in financial analysis. This role involves evaluating and optimizing various financial market data feeds to improve the investment team's process and explore how market data can support the automation and analysis of business workflows using AI. Candidates must be able to Create dashboards, reports, and visualizations using tools like Excel, Tableau, o…",IT Jobs,2025-04-20T00:22:47Z,104273.68,104273.68
Data Analysis (remote),vCloudchoice,"New York City, New York","We are looking to hire a data analyst to join our data team. You will take responsibility for managing our master data set, developing reports, and troubleshooting data issues. To do well in this role you need a very fine eye for detail, experience as a data analyst, and a deep understanding of the popular data analysis tools and databases. Data Analyst Responsibilities: Managing master data, including creation, updates, and deletion. Managing users and user roles. Provide quality assurance of …",IT Jobs,2024-09-27T01:48:51Z,82163.49,82163.49
Account Management,Akkodis,"New York City, New York","Job Description Job Description Akkodis is seeking an Account Management for a Contract job with a client in New York, NY(Remote) . The candidate will manage SMB restaurant partnerships, gather feedback, and collaborate with cross-functional teams to improve the restaurant experience. Rate Range: $30/hour to $33/hour; The rate may be negotiable based on experience, education, geographic location, and other factors. Account Management job responsibilities include: Managing client relationships a…",Accounting & Finance Jobs,2025-04-05T01:45:46Z,107707.8,107707.8
Senior Analyst Medical Data,NEWYORK-PRESBYTERIAN,"Manhattan, New York City","World-Class Clinical Coding: You Make It Possible See the widest variety of cases. Assess rarely seen surgeries and conditions. Get inspired at NewYork-Presbyterian Hospital. More than a job, we're offering the ultimate opportunity for clinical coding professionals. At New York Presbyteriann Hospital, you’ll work closely with top physicians and documentation improvement nurses while employing the unique specialty coding model. There’s never been a better time to join our team. Newly opened offi…",Admin Jobs,2024-04-17T09:40:34Z,83890.68,83890.68
"Sector Analyst, MI-Data",Point72,"New York City, New York","A CAREER WITH POINT72’S MARKET INTELLIGENCE TEAM On our proprietary research team—Market Intelligence—you’ll partner with our investment professionals and Compliance team to work with alternative data to uncover insights about companies, industries, and the broader economy through deep fundamental research and applying data science and engineering techniques. You’ll work alongside a talented team with diverse skills, backgrounds, and perspectives. Our sector data analysts, data scientists, data…",Accounting & Finance Jobs,2025-01-20T08:37:46Z,95000.0,115000.0
"Data Governance and Controls, Analyst",MUFG,"Tyler Park, Hudson County","Do you want your voice heard and your actions to count? Discover your opportunity with Mitsubishi UFJ Financial Group (MUFG), one of the world's leading financial groups. Across the globe, we're 120,000 colleagues, striving to make a difference for every client, organization, and community we serve. We stand for our values, building long-term relationships, serving society, and fostering shared and sustainable growth for a better world. With a vision to be the world's most trusted financial gro…",Accounting & Finance Jobs,2025-03-27T11:44:48Z,82767.09,82767.09
"Data Management, Senior Analyst - Alternative Investments",Neuberger Berman,"New York City, New York","We are looking for a hands-on Client Reporting and Data Analytics Data Analyst to join our Data Management team to lead and coordinate strategic initiatives around the firms’ core data platforms within the Alternative Investments space. This role will analyze business requirements, and engage with stakeholders across various Technology, Operations, Client Reporting and Investment teams by ensuring integrity, accuracy, and usability of data across our client reporting and operational platforms t…",Accounting & Finance Jobs,2024-11-03T08:49:51Z,60000.0,110000.0
"Data Management, Senior Analyst - Alternative Investments",Neuberger Berman,"Grand Central, Manhattan","We are looking for a hands-on Client Reporting and Data Analytics Data Analyst to join our Data Management team to lead and coordinate strategic initiatives around the firms' core data platforms within the Alternative Investments space. This role will analyze business requirements, and engage with stakeholders across various Technology, Operations, Client Reporting and Investment teams by ensuring integrity, accuracy, and usability of data across our client reporting and operational platforms t…",Accounting & Finance Jobs,2025-03-05T09:48:42Z,98186.89,98186.89
"VP, Data Architecture Lead Analyst - C13",Citigroup,"Jersey City, Hudson County","Data Architecture Lead Analyst - Vice President Job Description Summary : The position is within Technology, and we are seeking a Senior Data Architecture Lead Analyst with strong passion and aptitude for data and hands-on experience in developing Conceptual, Logical and Physical Data Model for Wholesale Lending. Candidate must have experience in developing large scale data models that fits multiple lines of business. The work will be developing strategic state-of-the-art solutions using agile …",IT Jobs,2025-04-15T12:06:47Z,156502.6,156502.6
"VP, Data Architecture Lead Analyst - C13",Citigroup,"Tyler Park, Hudson County","Data Architecture Lead Analyst - Vice President Job Description Summary : The position is within Technology, and we are seeking a Senior Data Architecture Lead Analyst with strong passion and aptitude for data and hands-on experience in developing Conceptual, Logical and Physical Data Model for Wholesale Lending. Candidate must have experience in developing large scale data models that fits multiple lines of business. The work will be developing strategic state-of-the-art solutions using agile …",IT Jobs,2025-04-16T11:57:07Z,144218.2,144218.2
Senior Financial Analyst - Data - Finance & Administration,Bloomberg,"Grand Central, Manhattan","The energy of a newsroom, the pace of a trading floor, the buzz of a recent tech breakthrough; we work hard, and we work fast - while keeping up the quality and accuracy we're known for. It's what keeps us inventing and reinventing, all the time. Our culture is wide open, just like our spaces. We bring out the best in each other through collaboration. Through our countless volunteer projects, we also help network with the communities around us, too. You can do amazing work here. Work you couldn…",Accounting & Finance Jobs,2025-03-05T09:44:03Z,78071.84,78071.84
Data Entry Clerk,Caring Transitions,"New York City, New York","The ideal person for this position has an exceptional eye for detail, expertise as a data analyst, and a solid understanding of popular data analysis tools. He/she will work closely with product owners across various lines of business to understand the objectives of the organization and prioritize any requirements. Responsibilities: Manage data – Own the master data and all that it contains. Review and report all findings to appropriate parties. Explain the testing of data and the ability to im…",IT Jobs,2025-04-18T00:40:53Z,66954.64,66954.64
"Sr. Analyst, Finance Data Governance",NBCUniversal,"New York City, New York","Job Description Team Overview You will join our office in New York, NY as a critical member of our Finance Data Operations (DO) team. You will work with colleagues in the global Finance and Technology organizations, playing a critical role deploying our finance data strategy as well as data migrations for our SAP S/4 Implementation. This role will support the master data for O2C and STP ensuring data is viewed as a product with strong stewardship and is properly consumed. You will work with sev…",IT Jobs,2025-04-08T21:01:09Z,91598.74,91598.74
Business Intelligence Developer,Ammunition,"Bronx, New York City","Key Responsibilities: 1.Design, develop, and maintain business intelligence solutions using tools such as Tableau, Power BI, or QlikView. 2.Collaborate with cross-functional teams, including business stakeholders, data analysts, and IT professionals. 3.Develop and maintain data visualizations, reports, and dashboards to support business decision-making. 4.Work with large datasets to develop and implement data models, ETL processes, and data warehouses. 5.Ensure data quality, integrity, and secu…",IT Jobs,2025-04-05T11:06:19Z,68135.8,68135.8
Platform Engineer,Vortexa,"New York City, New York","Vortexa was founded to solve the immense information gap that exists in the energy industry. By using massive amounts of new satellite data and pioneering work in artificial intelligence, Vortexa creates an unprecedented view on the global seaborne energy flows in real-time, bringing transparency and efficiency to the energy markets and society as a whole. The Challenge Ingesting data from multiple external vastly different sources at hundreds of rich data points per second, moving terabytes of…",IT Jobs,2025-02-21T19:20:17Z,100000.0,200000.0
"Business Analyst, Master Data Office",Ross Stores,"Chelsea and Clinton, Manhattan","Our values start with our people, join a team that values you We are the nation’s largest off-price retailer with over 2,000 stores, and a strong track record of success and growth. Our focus has always been bringing our customers a constant stream of high-quality brands and on-trend merchandise at extraordinary savings. All while providing a fun and exciting treasure hunt experience. As part of our team, you will experience: Success. Our winning team pursues excellence while learning and evolv…",IT Jobs,2025-03-11T10:08:59Z,85045.26,85045.26
"Analyst, RADAR Data Products Intern",Clear Channel Outdoor,"New York City, New York","Current employees and contingent workers click here to apply and search by the Job Posting Title. Clear Channel Outdoor Job Summary: Clear Channel Outdoor has made significant strategic investments in the use of big data to enhance our ability to generate insights, measure, and amplify OOH campaigns using its proprietary RADAR analytics suite. The Analyst Intern for RADAR Data Products will be responsible for analyzing campaign outcomes, delivery, and performance to help create optimizations fo…","PR, Advertising & Marketing Jobs",2025-03-26T00:54:36Z,63869.92,63869.92
"Sr. Analyst, Finance Data Governance",NBC Universal,"Grand Central, Manhattan","We create world-class content, which we distribute across our portfolio of film, television, and streaming, and bring to life through our theme parks and consumer experiences. We own and operate leading entertainment and news brands, including NBC, NBC News, MSNBC, CNBC, NBC Sports, Telemundo, NBC Local Stations, Bravo, USA Network, and Peacock, our premium ad-supported streaming service. We produce and distribute premier filmed entertainment and programming through Universal Filmed Entertainme…",IT Jobs,2025-04-10T12:08:36Z,57446.51,57446.51
"Sr. Analyst, Finance Data Governance",NBC Universal,"Grand Central, Manhattan","We create world-class content, which we distribute across our portfolio of film, television, and streaming, and bring to life through our theme parks and consumer experiences. We own and operate leading entertainment and news brands, including NBC, NBC News, MSNBC, CNBC, NBC Sports, Telemundo, NBC Local Stations, Bravo, USA Network, and Peacock, our premium ad-supported streaming service. We produce and distribute premier filmed entertainment and programming through Universal Filmed Entertainme…",IT Jobs,2025-04-10T12:08:36Z,58329.24,58329.24
"Sr. Analyst, Finance Data Governance",NBCUniversal,"New York City, New York","Job Description Job Description Company Description We create world-class content, which we distribute across our portfolio of film, television, and streaming, and bring to life through our theme parks and consumer experiences. We own and operate leading entertainment and news brands, including NBC, NBC News, MSNBC, CNBC, NBC Sports, Telemundo, NBC Local Stations, Bravo, USA Network, and Peacock, our premium ad-supported streaming service. We produce and distribute premier filmed entertainment …",IT Jobs,2025-04-11T14:35:34Z,72679.61,72679.61
Technical Lead Product Manager,dataplor,"New York City, New York","About Us Our mission at dataplor is to comprehensively map and understand every commercial location on the planet. We provide insights on every merchant in the world, covering 350M businesses and places, empowering organizations with high-quality location intelligence to drive strategic decision-making. We are excited to grow the team and take this rocketship to the next level Role Overview The Technical Lead Product Manager will support core point of interest (POI), data quality management, an…",IT Jobs,2025-04-07T00:39:43Z,118017.35,118017.35
Financial Analyst,,"Brooklyn, New York City","s degree in Finance, Analytics or related & 2-yr work exp. as Financial Analyst, Data Analyst or related inv. QuickBooks, Advanced Excel Skills (Statistics, Data Importation and Manipulation, Forecasting), SQL, Tableau, R, Python, & Iot System. Salary: $71,136.00 to $176,571.00/yr. Send resume w/ job FA996 to",IT Jobs,2025-04-19T10:57:06Z,87147.94,87147.94
Customer Success Analyst – Data-as-a-Service (DaaS) & Geospatial Data,dataplor,"New York City, New York","About Us Our mission at dataplor is to comprehensively map and understand every commercial location on the planet. We provide insights on every merchant in the world, covering 350M businesses and places, empowering organizations with high-quality location intelligence to drive strategic decision-making. We are excited to grow the team and take this rocketship to the next level Role Overview We’re looking for a data-driven problem solver who thrives at the intersection of analysis and client imp…",IT Jobs,2025-04-06T04:22:40Z,115000.0,155000.0
Business Analyst/Data Migration Specialist (ACBS to Loan IQ),"Treliant, LLC","New York City, New York","Treliant is an essential consulting firm serving banks, mortgage originators and servicers, fintechs, and other companies providing financial services globally. We are led by practitioners from the industry and the regulatory community who bring deep domain knowledge to help our clients drive business change and address the most pressing compliance, regulatory, and operational challenges. We provide data-driven, technology-enabled consulting, implementation, staffing, and managed services solut…",IT Jobs,2025-02-26T08:02:59Z,87801.97,87801.97
Lead IT Project Manager Data & BI Projects,Pipe Recruit,"New York City, New York","Lead IT Project Manager Data & BI Projects Location: New York, NY (Hybrid: 3 days in office) Type: Contract Job Summary Seeking a Lead IT Project Manager to oversee Data & BI projects with a strong preference for candidates with Insurance/Reinsurance experience . The role requires on-site presence in NYC three days a week and managing globally distributed teams across the US, UK, and India. Key Responsibilities Develop and manage project plans, timelines, and backlogs . Lead cross-functional te…",IT Jobs,2025-03-21T12:03:34Z,135331.83,135331.83
Senior Data Management Specialist,Dutech Systems,"New York City, New York","data modeling, building and maintaining data catalogs, and content taxonomy frameworks, data management tools that profile, classify, filter, and “clean” data to locate and correct code problems, configuring data quality and governance standards and best practices in a multi-cloud environment. As a Senior Data Management Specialist, you will support the technical and operational aspects of enterprise data management and governance. You will support data analysis and mining activities and act as…",IT Jobs,2024-07-27T20:20:28Z,82564.01,82564.01
CT Technologist,Atlas Search,"New York City, New York",Job Description Job Description We are currently seeking a CT Technologist to join our healthcare team at one of NYC's most prestigious hospital networks . You will be tasked with operating medical imaging equipment in order to perform CT/radiographic examinations on patients. The base pay range for this CT Technologist position is $60 to $75 per hour. Travel/Stipend packages available for Travel Candidates. $500 reward for any referrals successfully placed. CT Technologist Job Duties: Operate …,IT Jobs,2025-04-18T11:56:53Z,126712.59,126712.59
Data Engineer,Scholastic,"Grand Central, Manhattan","Job Description: THE OPPORTUNITY / RESPONSIBILITIES Develop, deliver, and manage the lifecycle of new and existing software applications and systems that reach teachers, students, and parents across the world. Manage the full software development life cycle including building, testing, and deploying enhancements to existing software and infrastructure. Participate in the Agile development process as part of a dynamic project team working closely with domain teams on a variety of new and existin…",IT Jobs,2025-04-20T10:53:35Z,114798.78,114798.78
"Radiologic Technologist/Technician, ARRT(R) - Diagnostic, X-Ray, MRI,",Atlas Search,"New York City, New York","Job Description Job Description Our clients are magnet-recognized hospitals and medical facilities across New York that are seeking contingent, full-time Radiology Technologists (R, MR, M, CT) to perform diagnostic imaging. Schedules vary based on location and facility, but are available in days, evenings, and nights. Pay - $58-$78/hour W2 Schedule - Days, Evenings, Nights Stipends/Travel Packages available for Travel Techs, apply to inquire for specific information. $500 referral bonus redeema…",IT Jobs,2025-04-18T11:56:38Z,122522.17,122522.17
Certified Surgical Technician,Atlas Search,"New York City, New York","Job Description Job Description We are seeking a dedicated and skilled Certified Surgical Technologist (CST)/Operating Room Tech to join our healthcare team at one of NYC's top healthcare systems at their location in the Bronx, NY . Pay for this role is $50-$60/hour The ideal candidate will play a crucial role in the operating room, assisting surgeons and ensuring that all surgical procedures run smoothly. Stipends/Travel Packages available for Travel Candidates. Referral bonus of $500 availabl…",IT Jobs,2025-04-19T12:01:37Z,96738.88,96738.88
Grant Writer/ Manager,Atlas Search,"New York City, New York","Job Description Job Description We are working with a mission-driven nonprofit dedicated to social impact, with a focus on housing and homelessness solutions in New York City. The organization fosters a collaborative work environment and offers meaningful opportunities for professional growth. Position Overview The Grant Writer / Manager will be responsible for managing the full lifecycle of grants, including researching, writing, submitting, and reporting on grant proposals from government, co…",Accounting & Finance Jobs,2025-04-18T00:00:32Z,91431.17,91431.17
Atlas Search is hiring: Grant Writer/ Manager in New York,Atlas Search,"New York City, New York","Job Description Job Description We are working with a mission-driven nonprofit dedicated to social impact, with a focus on housing and homelessness solutions in New York City. The organization fosters a collaborative work environment and offers meaningful opportunities for professional growth. Position Overview The Grant Writer / Manager will be responsible for managing the full lifecycle of grants, including researching, writing, submitting, and reporting on grant proposals from government, co…",Accounting & Finance Jobs,2025-04-19T15:42:52Z,89238.42,89238.42
Grant Writer/ Manager Job at Atlas Search in New York,Atlas Search,"New York City, New York","Job Description Job Description We are working with a mission-driven nonprofit dedicated to social impact, with a focus on housing and homelessness solutions in New York City. The organization fosters a collaborative work environment and offers meaningful opportunities for professional growth. Position Overview The Grant Writer / Manager will be responsible for managing the full lifecycle of grants, including researching, writing, submitting, and reporting on grant proposals from government, co…",Accounting & Finance Jobs,2025-04-18T15:25:49Z,83751.02,83751.02
"Software Developer - Informatica - C67721 5.5 New York, NY",CapB InfoteK,"New York City, New York",We need a Software Developer with Informatica ETL experience and strong financial domain knowledge. 1. 8-10 years’ experience on SQL & ETL development 2. Strong Informatica 3. Unix and shell scripting hands-on experience 4. Strong SQL and DB knowledge 5. Knowledge of Informatica MDM is desired 6. Working experience on data analyst 7. Strong understanding of Wealth management domain knowledge 8. Good working experience on data quality & Data warehouse projects 9. Worked on Autosys scheduler Belo…,IT Jobs,2024-08-08T09:38:49Z,116593.14,116593.14
Assistant Director of Development- Data Services-Development/Fundraising /FT-Days Hybrid/Remote,Mount Sinai Health System,"Grand Central, Manhattan","Description Development and Fundraising Assistant Director of Development-Data Services-Development & Fundraising-Corporate- Full-Time-Days- 150 East 42nd Street- Hybrid/Remote This is a partial remote work position, and must be willing to travel to East 42nd Street Office as need. Reporting to the Director, Business Intelligence and Analytics, the Assistant Director manages and participates in the fulfillment of approximately 800 ad hoc data requests per year for the Mount Sinai Health System …",IT Jobs,2025-04-09T00:56:15Z,85172.36,85172.36
Healthcare Database Analyst,The Goodkind Group,"Jamaica, Queens","Job Description Job Description Seeking a Healthcare Data Analyst to work in Jamaica, NY in the Anesthesia Department. The Data Analyst fulfills an essential function and is dedicated to the implementation of the Anesthesia department quality improvement programs. This individual works in close collaboration with the Anesthesia leadership team, and under the direction of the Chairperson. They will be responsible for managing, analyzing, and interpreting large datasets within the department to h…",IT Jobs,2025-04-06T11:16:20Z,89788.18,89788.18
Data Scientist,Forhyre,"Chelsea and Clinton, Manhattan","We are looking for a Data Scientist to analyze large amounts of raw information to find patterns that will help improve our company. We will rely on you to build data products to extract valuable business insights. In this role, you should be highly analytical with a knack for analysis, math and statistics. Critical thinking and problem-solving skills are essential for interpreting data. We also want to see a passion for machine-learning and research. Your goal will be to help our company analy…",IT Jobs,2022-06-20T12:08:32Z,80000.0,150000.0
Data Scientist,Forhyre,"New York City, New York","We are looking for a Data Scientist to analyze large amounts of raw information to find patterns that will help improve our company. We will rely on you to build data products to extract valuable business insights. In this role, you should be highly analytical with a knack for analysis, math and statistics. Critical thinking and problem-solving skills are essential for interpreting data. We also want to see a passion for machine-learning and research. Your goal will be to help our company analy…",IT Jobs,2022-12-17T14:29:06Z,90000.0,150000.0
Hadoop Data Engineer at New York,CapB InfoteK,"New York City, New York",The ETL Hadoop Data Engineer will be responsible for analyzing the business requirements design develop and implement highly efficient highly scalable ETL processes Candidate is required to perform daily project functions with a focus on meeting the business objectives on time in rapidly changing work environment and should be able to lead and drive globally located team to achieve business objectives Required Skills 3 8 years of hands on experience working with ETL Hadoop Knowledge of various …,IT Jobs,2024-08-01T10:53:24Z,150809.94,150809.94
ETL Hadoop Data Engineer,CapB InfoteK,"Jersey City, Hudson County",The ETL Hadoop Data Engineer will be responsible for analyzing the business requirements design develop and implement highly efficient highly scalable ETL processes Candidate is required to perform daily project functions with a focus on meeting the business objectives on time in rapidly changing work environment and should be able to lead and drive globally located team to achieve business objectives Required Skills 5 10 years of hands on experience working with Informatica power center Hadoop…,IT Jobs,2024-08-08T09:48:53Z,153636.78,153636.78
Data Engineering Manager (IC Role),Michael Page,"New York City, New York","We are seeking a dedicated Data Engineering Manager to lead our analytics department. The ideal candidate will leverage their data management skills in SQL to drive business decisions and support our company's growth. Client Details Our client is a leading player in the Business Services industry. As a large-scale organization, they pride themselves on their commitment to innovation and excellence in the heart of New York. Description  Oversee the development and maintenance of data architectur…",IT Jobs,2025-04-01T07:49:22Z,124763.44,124763.44
Data Engineer,Forhyre,"Chelsea and Clinton, Manhattan","We are looking for a passionate certified Data Engineer. The successful candidate will turn data into information, information into insight and insight into business decisions. Data analyst responsibilities include conducting full lifecycle analysis to include requirements, activities and design. Data analysts will develop analysis and reporting capabilities. They will also monitor performance and quality control plans to identify improvements. Primary skillset: Python/Pyspark & Azure, ADF, SQL…",IT Jobs,2022-12-16T14:28:13Z,100000.0,160000.0
Data Engineer,Forhyre,"New York City, New York","Job Description Job Description We are looking for a passionate certified Data Engineer. The successful candidate will turn data into information, information into insight and insight into business decisions. Data analyst responsibilities include conducting full lifecycle analysis to include requirements, activities and design. Data analysts will develop analysis and reporting capabilities. They will also monitor performance and quality control plans to identify improvements. Primary skillset: …",IT Jobs,2025-04-04T01:39:05Z,141597.19,141597.19
"Analyst, eCommerce Insights & Data Analytics",UMG Recordings,"New York City, New York","We are UMG, the Universal Music Group. We are the world’s leading music company. In everything we do, we are committed to artistry, innovation and entrepreneurship. We own and operate a broad array of businesses engaged in recorded music, music publishing, merchandising, and audiovisual content in more than 60 countries. We identify and develop recording artists and songwriters, and we produce, distribute and promote the most critically acclaimed and commercially successful music to delight and…","PR, Advertising & Marketing Jobs",2025-03-12T00:18:01Z,64628.0,80324.0
UX Designer,Stellent IT LLC,"Upper East Side, Manhattan","UX Designer New York, New York(Hybrid) PhoneSkype Long Term Contract JD: I need someone with at least 5 years exp creating dashboards. They MUST have strong experience with Looker Studio. Additional Notes: Needs to redesign current dashboards to look more professional rich with data and automation, designing front end and looking more attractive Dashboards are Built in looker Ux specially for dashboard Currently handled by data analysts About the Role: We are seeking a highly skilled and experi…",IT Jobs,2025-04-17T07:45:06Z,82688.66,82688.66
"Director, Data Aggregation and Analysis",United Hospital Fund,"Chelsea and Clinton, Manhattan","Improving Health Care for Every New Yorker United Hospital Fund (UHF) is dedicated to creating an effective and equitable healthcare system for all New Yorkers. As an independent nonprofit, we analyze public policy, unite diverse stakeholders, and support innovative programs to improve health and healthcare. Our mission includes breaking down barriers in health policy and delivery to ensure equitable health opportunities. UHF’s emerging new line of work, Health Equity Regional Organization (HER…",IT Jobs,2025-02-05T08:15:36Z,165000.0,185000.0
"Director, Data Aggregation and Analysis",United Hospital Fund,"New York City, New York","Job Description Job Description Improving Health Care for Every New Yorker United Hospital Fund (UHF) is dedicated to creating an effective and equitable healthcare system for all New Yorkers. As an independent nonprofit, we analyze public policy, unite diverse stakeholders, and support innovative programs to improve health and healthcare. Our mission includes breaking down barriers in health policy and delivery to ensure equitable health opportunities. UHF’s emerging new line of work, Health E…",IT Jobs,2025-03-31T01:32:10Z,92081.6,92081.6
Web Front-End Engineer ( NY ),Momenti,"Prince, Manhattan","Responsibilities: Design, develop, and maintain data visualizations and dashboards using TypeScript, D3.js , and other web technologies. Write, test, and debug analytics platform code using TypeScript and other tools. Collaborate with other developers, data analysts, and stakeholders to understand requirements and deliver solutions. Research and evaluate new technologies and frameworks for data visualization. Basic Qualifications: Bachelor’s degree in Computer Science, Engineering, or related f…",IT Jobs,2024-08-04T05:38:46Z,85000.0,160000.0
US Sport Graduate Analyst (Media & Data Products),YouGov,"New York City, New York","At a glance: Location – anywhere in the USA Start Date – August 2025 Contract Type – 12 months Fixed Term Contract Working Arrangement – Fully Remote in the USA Here’s a summary of the role: Join YouGov’s US Sport Client Services team and help deliver impactful, data-driven insights to some of the most influential sports leagues, teams, agencies, and brands. The Graduate Analyst (Media & Data Products Track) will rotate through two of our core teams: Media and Syndicated. You will complete 6-mo…",Graduate Jobs,2025-04-18T02:59:42Z,68240.57,68240.57
Client Data & Returns Attribution Lead Analyst - C13,Citigroup,"New York City, New York","The Client Data & Returns Attributions Lead Analyst is a VP level position under the Citigroup wide Client Analytics & Lead Finance Officer team. This team is focused on enhancing the client management dimension across all of Citi, delivering timely and accurate client financials and providing insight into client segment performance. This role will help drive efforts to provide a framework for measuring client financials and returns and will work closely with the business teams and finance part…",Accounting & Finance Jobs,2024-11-03T17:18:08Z,124240.3,124240.3
Client Data & Returns Attribution Lead Analyst - C13,Citigroup,"Grand Central, Manhattan","The Client Data & Returns Attributions Lead Analyst is a VP level position under the Citigroup wide Client Analytics & Lead Finance Officer team. This team is focused on enhancing the client management dimension across all of Citi, delivering timely and accurate client financials and providing insight into client segment performance. This role will help drive efforts to provide a framework for measuring client financials and returns and will work closely with the business teams and finance part…",Accounting & Finance Jobs,2024-08-18T16:09:38Z,98489.71,98489.71
"Senior Business Analyst, Master Data Office (DAM)",Ross Stores,"Chelsea and Clinton, Manhattan","Our values start with our people, join a team that values you We are the nation’s largest off-price retailer with over 2,000 stores, and a strong track record of success and growth. Our focus has always been bringing our customers a constant stream of high-quality brands and on-trend merchandise at extraordinary savings. All while providing a fun and exciting treasure hunt experience. As part of our team, you will experience: Success. Our winning team pursues excellence while learning and evolv…",IT Jobs,2024-12-11T14:07:20Z,112323.78,112323.78
Program Manager/Business Analyst- Enterprise Data Governance,Neuberger Berman,"New York City, New York","Summary: We are looking for a hands-on experienced Program Manager / Business Analyst with strong Asset Management and Data experience to analyze and lead strategic change initiatives identified through our Enterprise Data Governance efforts. Focus of the role is program management and business process re-engineering through the lens of data. This role will engage with all levels of stakeholders across the Business, Global Technology and Data Governance areas. Responsibilities: Work closely wit…",Consultancy Jobs,2025-03-27T00:02:39Z,120000.0,160000.0
Senior Business Analyst - Client Data Strategy Office,Neuberger Berman,"New York City, New York","Our Client Data Strategy team is looking for a high-energy, detail-oriented individual to join us as a Senior Business Analyst in our New York office. This team plays a critical role in providing strategic oversight of client data for global client coverage organizations. It is at the forefront of driving the development and execution of a multi-year roadmap focused on delivering value through the client data lifecycle, including data architecture, governance, acquisition, quality management pr…",IT Jobs,2025-03-18T19:07:50Z,120000.0,160000.0
Program Manager/Business Analyst- Enterprise Data Governance,Neuberger Berman,"Grand Central, Manhattan","Summary: We are looking for a hands-on experienced Program Manager / Business Analyst with strong Asset Management and Data experience to analyze and lead strategic change initiatives identified through our Enterprise Data Governance efforts. Focus of the role is program management and business process re-engineering through the lens of data. This role will engage with all levels of stakeholders across the Business, Global Technology and Data Governance areas. Responsibilities: - Work closely w…",Accounting & Finance Jobs,2025-03-22T10:44:43Z,123770.8,123770.8
Senior Business Analyst - Client Data Strategy Office,Neuberger Berman,"Grand Central, Manhattan","Our Client Data Strategy team is looking for a high-energy, detail-oriented individual to join us as a Senior Business Analyst in our New York office. This team plays a critical role in providing strategic oversight of client data for global client coverage organizations. It is at the forefront of driving the development and execution of a multi-year roadmap focused on delivering value through the client data lifecycle, including data architecture, governance, acquisition, quality management pr…",Accounting & Finance Jobs,2025-03-15T10:42:47Z,119211.89,119211.89
Principal Investigator for Medical Research (NEW YORK),NYU Langone Health,"New York City, New York","NYU Grossman School of Medicine is one of the nation's top-ranked medical schools. For 175 years, NYU Grossman School of Medicine has trained thousands of physicians and scientists who have helped to shape the course of medical history and enrich the lives of countless people. An integral part of NYU Langone Health , the Grossman School of Medicine at its core is committed to improving the human condition through medical education, scientific research, and direct patient care. At NYU Langone He…",Healthcare & Nursing Jobs,2025-04-18T22:30:21Z,100178.37,100178.37
Lead Biomedical Scientist (NEW YORK),NYU Langone Health,"New York City, New York","NYU Grossman School of Medicine is one of the nation's top-ranked medical schools. For 175 years, NYU Grossman School of Medicine has trained thousands of physicians and scientists who have helped to shape the course of medical history and enrich the lives of countless people. An integral part of NYU Langone Health , the Grossman School of Medicine at its core is committed to improving the human condition through medical education, scientific research, and direct patient care. At NYU Langone He…",Healthcare & Nursing Jobs,2025-04-18T22:30:22Z,110275.05,110275.05
Senior Research Scientist - Top-Ranked Medical Institution (NEW YORK),NYU Langone Health,"New York City, New York","NYU Grossman School of Medicine is one of the nation's top-ranked medical schools. For 175 years, NYU Grossman School of Medicine has trained thousands of physicians and scientists who have helped to shape the course of medical history and enrich the lives of countless people. An integral part of NYU Langone Health , the Grossman School of Medicine at its core is committed to improving the human condition through medical education, scientific research, and direct patient care. At NYU Langone He…",Healthcare & Nursing Jobs,2025-04-18T22:30:21Z,108390.05,108390.05
Transit Data Team Lead (Citymapper),Via,"New York City, New York","At Citymapper (powered by Via), we’re on a mission to help make complex cities more accessible to everyday users. Our application transports millions of people in hundreds of cities around the world by giving them access to the most current and sophisticated transportation options available. We make getting around your favourite city easy, so that you can enjoy the ride. As a Transit Data Team Lead at Citymapper, you will be responsible for the data and the team that is the backbone of our appl…",IT Jobs,2024-11-29T09:38:41Z,85000.0,115000.0
Senior Research Scientist (NEW YORK),NYU Langone Health,"New York City, New York","NYU Grossman School of Medicine is one of the nation's top-ranked medical schools. For 175 years, NYU Grossman School of Medicine has trained thousands of physicians and scientists who have helped to shape the course of medical history and enrich the lives of countless people. An integral part of NYU Langone Health , the Grossman School of Medicine at its core is committed to improving the human condition through medical education, scientific research, and direct patient care. At NYU Langone He…",Healthcare & Nursing Jobs,2025-04-12T08:10:57Z,104292.58,104292.58
Licensed Master Social Worker (LMSW) - Shelter,Atlas Search,"New York City, New York","Job Description Job Description Licensed Master Social Worker (LMSW) – Shelter - $70k-$85k annual salary We are seeking a compassionate and skilled Licensed Master Social Worker (LMSW) to join our client’s team and provide behavioral health services to adults with severe and persistent mental illness (SPMI) residing in a shelter setting. This position plays a critical role in delivering trauma-informed, person-centered care aimed at stabilizing mental health symptoms, promoting recovery, and he…",IT Jobs,2025-04-20T00:20:03Z,102123.04,102123.04
Sr Data Engineer,Verisk Analytics,"Jersey City, Hudson County","Description We are looking for a savvy Data Engineer to join our growing team of analytics experts. The hire will be responsible for expanding and optimizing our data pipeline architecture. The ideal candidate is an experienced data pipeline builder and data wrangler with strong experience in handling data at scale. The Data Engineer will support our software developers, data analysts and data scientists on various data initiatives. This is a remote role that can be done anywhere in the contine…",IT Jobs,2025-02-01T08:01:59Z,122961.84,122961.84
Fundraising Specialist role,Alzheimer's Foundation of America,"Chelsea and Clinton, Manhattan","This role is titled: Fundraising Data Analyst AFA History: AFA was founded in 2002 by a family caregiver to ensure families affected by Alzheimer’s disease always had a place to turn for guidance, support, and services. AFA Mission Statement: The mission of the Alzheimer’s Foundation of America (AFA) is to provide support, services and education to individuals, families and caregivers affected by Alzheimer’s disease and related dementias nationwide, and fund research for better treatment and a …","PR, Advertising & Marketing Jobs",2025-03-18T22:12:37Z,62964.0,78704.0
"Business Analyst - Strategic Operations & New Ventures, Amazon Fresh Grocery",AMAZON,"Grand Central, Manhattan","Description Interested in working on an innovative and high-impact business that is changing the way customers think about grocery? Amazon is looking for a customer obsessed, and motivated individual to join the Amazon Fresh Grocery's Strategic Operations & New Ventures team (SONV). Our team is responsible for developing the topline/trading plan for the Grocery business and for developing highly strategic growth projects. As Business Analyst, you will develop solutions to drive business and fin…",IT Jobs,2025-03-28T10:58:43Z,83003.04,83003.04
"Program Manager, Data",Fortune Society,"Astoria, Queens","Job Details Long Island City - Long Island City, NY Full-Time Exempt $70,000.00 - $75,000.00 Salary/year Description Title: Program Manager, Data Unit: Employment Services Reports to: Senior Director, Workforce Development Status: Full-Time; Regular; Exempt Salary range: $70,000 - $75,000 Location: Long Island City, NY 11101 Days/Hours: Monday to Friday 9:00am – 5:00pm Organization Overview: The Fortune Society, Inc. (Fortune) has been working for over 57 years in service to our mission: to sup…",IT Jobs,2025-02-02T07:39:20Z,70000.0,75000.0
Fundamental Data Researcher for Systematic Strategies (New York or Chicago),Quanta Search,"Prince, Manhattan","Our client is one of the world’s premier investment firms. The firm deploys systematic, computer-driven trading strategies across multiple liquid asset classes, including equities, futures, credit, and foreign exchange. The core of their effort is rigorous research into a wide range of market anomalies, fueled by our unparalleled access to a wide range of publicly available data sources. Role: A portfolio management team specializing in the systematic trading of US credit markets is looking for…",Accounting & Finance Jobs,2024-08-08T09:44:22Z,109939.04,109939.04
Senior Tableau Developer,Tiger Analytics,"New York City, New York","Tiger Analytics is an advanced analytics consulting firm. We are the trusted analytics partner for several Fortune 100 companies, enabling them to generate business value from data. Our consultants bring deep expertise in Data Science, Data Analytics, Data Engineering, Business Intelligence, Machine Learning and AI. Our business value and leadership has been recognized by various market research firms, including Forrester and Gartner. The Tiger Analytics team is looking for a highly skilled and…",IT Jobs,2024-07-08T04:20:58Z,128443.65,128443.65
Data Analysis Intern,Bright Power,"Prince, Manhattan","Job Details New York, NY Description Data Analysis Intern Reports To: Data Services Manager Location: New York, NY or Remote Bright Power has been a transformative player in clean energy and sustainable buildings since 2004. We believe a meaningful difference in climate change will only be realized if it is easy for building owners to make their buildings better. Our approach is simple: we find energy and water problems in buildings, we fix them, and we follow up to make sure the solutions work…",IT Jobs,2025-04-07T02:44:43Z,54401.35,54401.35
Analyst,Magna Tech Website,"New York City, New York","Who we are : Magna Marketing is a digital transformation consultancy helping our clients with advisory and implementation of their most critical technology systems. Our mission is to create the most entrepreneurial technology services and advisory company in the world, giving our teammates the best possible opportunities in the market to grow their own part of the business and to grow as people. Job Title: Analyst (Remote, US-based) Company: Magna Marketing About Us: Founded in 2017, Magna Mark…",IT Jobs,2024-12-13T14:07:40Z,67855.22,67855.22
"Scientist, Bioinformatics","InVitro Cell Research, LLC","Fort Lee, Bergen County","We're hiring Bioinformatics Scientists with strong backgrounds in database development, management and analysis as they relate to human health and disease biomarkers, with the goal of improving disease prediction and prevention. With ICR, you'll get to: Design, build, test and refine multiple large biomarker databases in collaboration with multiple ICR teams Work with biological data analysts to access and improve large databases of health and disease biomarkers for use in predictive analytics …",Scientific & QA Jobs,2025-03-29T09:57:59Z,91142.49,91142.49
Health Plan Operations Manager (Call Center Audit Lead) LOCALS PREFERRED,Raag Solutions,"New York City, New York","LOCALS PREFERRED SHOULD WORK IN W2 We are seeking a highly skilled and experienced professional to join our team as a Health Plan Operations Audit Expert with a specialization in Call Center and Claims Integrity Auditing for Medicare/Medicaid SNP (Special Needs Plan) claims. This role is critical in ensuring compliance with regulatory requirements, maintaining claims accuracy, and optimizing operational efficiency within our organization's health plan offerings. Qualifications: Bachelor's degre…",Accounting & Finance Jobs,2024-08-05T10:47:16Z,96106.13,96106.13
"Senior Analytics Engineer, FP&A",Abnormal,"Grand Central, Manhattan","Abnormal Security is looking for a Senior Analytics Engineer to join the Financial Planning & Analytics (FP&A) team to define, develop, and deploy the foundations of our analytics stack. Day to day, you’ll help manage our end to end stack – data pipelines, data warehouse, data modeling layer, and business intelligence. You’ll be a highly collaborative partner to enable analytics at scale and set this hyper growth company up for success. What you will do • Partner with clients of Data Engineerin…",IT Jobs,2025-04-18T09:37:08Z,110472.95,110472.95
Confidential is hiring: VP-Marketing in New York City,Confidential,"New York City, New York",VP-Marketing About the Company Fast-growing provider of open-source business intelligence tools Industry Outsourcing/Offshoring Type Privately Held Founded 2014 Employees 51-200 Categories Information Technology & Services Computing Infrastructure Data & Analytics Hosting Services Information Computers Technology Analytics Big Data Analytics About the Role The Company is seeking a VP of Marketing to join their team. The successful candidate will be responsible for defining and executing the mar…,IT Jobs,2025-03-27T15:24:15Z,139042.64,139042.64
Jr. Model Validation Analyst,,"Chelsea and Clinton, Manhattan","About Us: OptionMetrics, headquartered in New York, NY. is a dynamic and innovative technology company, a trusted provider of financial information and research derived from the option markets. We are at the forefront of developing solutions that empower businesses. Our commitment to excellence, coupled with a collaborative, forward-thinking culture, has made us the preferred choice for top-tier talent. Our data and analytics models are utilized by over 350 investment banks, hedge funds, asset …",IT Jobs,2025-04-01T15:59:41Z,76764.38,76764.38
Jr. Model Validation Analyst,OptionMetrics,"New York City, New York","About Us: OptionMetrics, headquartered in New York, NY. is a dynamic and innovative technology company, a trusted provider of financial information and research derived from the option markets. We are at the forefront of developing solutions that empower businesses. Our commitment to excellence, coupled with a collaborative, forward-thinking culture, has made us the preferred choice for top-tier talent. Our data and analytics models are utilized by over 350 investment banks, hedge funds, asset …",IT Jobs,2025-04-06T22:26:19Z,75000.0,100000.0
"New York City, NY",esrhealthcare,"New York City, New York","Experience : 12 Years Duration : Contract Passport No & LinkedIn is Mandatory MANDATORY SKILLS: Snowflake, DBT, Airflow, SQL, Finance/ Banking Description: Design and develop scalable data pipelines using modern data stack technologies for Cloud data platform. Write ETL processes, design data applications and develop data pipelines for Operational Business Intelligence Mart Role involves analyzing technical metadata, Data Pipeline logs and data lineage for data platform, and providing insights …",IT Jobs,2025-03-14T08:32:17Z,131613.44,131613.44
Senior Business Analyst - Market/Reference Data,SMBC,"Tyler Park, Hudson County","SMBC Group is a top-tier global financial group. Headquartered in Tokyo and with a 400-year history, SMBC Group offers a diverse range of financial services, including banking, leasing, securities, credit cards, and consumer finance. The Group has more than 130 offices and 80,000 employees worldwide in nearly 40 countries. Sumitomo Mitsui Financial Group, Inc. (SMFG) is the holding company of SMBC Group, which is one of the three largest banking groups in Japan. SMFG's shares trade on the Tokyo…",Accounting & Finance Jobs,2024-05-03T17:35:30Z,121530.45,121530.45
Senior Business Analyst - Market/Reference Data,SMBC Group,"Five Corners, Hudson County","SMBC Group is a top-tier global financial group. Headquartered in Tokyo and with a 400-year history, SMBC Group offers a diverse range of financial services, including banking, leasing, securities, credit cards, and consumer finance. The Group has more than 130 offices and 80,000 employees worldwide in nearly 40 countries. Sumitomo Mitsui Financial Group, Inc. (SMFG) is the holding company of SMBC Group, which is one of the three largest banking groups in Japan. SMFG’s shares trade on the Tokyo…",IT Jobs,2025-04-01T12:52:29Z,129983.86,129983.86
Team Leader - Macro ESG Data,Bloomberg,"Grand Central, Manhattan","Bloomberg runs on data, and in Bloomberg Data the ESG Third-Party & Scores team handle onboarding, analyzing, acquiring, and providing quality ESG Scores data to our clients on the Bloomberg Terminal. We apply problem-solving skills to implement innovative workflow efficiencies and solutions to enhance our systems, products, and processes. We work closely with our ESG partners to provide third-party and Bloomberg curated data based on their key business initiatives. What's the role? The Macros …",IT Jobs,2025-03-06T09:42:20Z,122195.67,122195.67
Team Leader - Macro ESG Data,Bloomberg,"Grand Central, Manhattan","Bloomberg runs on data, and in Bloomberg Data the ESG Third-Party & Scores team handle onboarding, analyzing, acquiring, and providing quality ESG Scores data to our clients on the Bloomberg Terminal. We apply problem-solving skills to implement innovative workflow efficiencies and solutions to enhance our systems, products, and processes. We work closely with our ESG partners to provide third-party and Bloomberg curated data based on their key business initiatives. What's the role? The Macros …",IT Jobs,2025-02-16T09:29:56Z,113877.16,113877.16
"Consultant, Private Equity Due Diligence",NielsenIQ,"New York City, New York","Job Description About this job The Financial Services Data as a Service (DaaS) Research Team delivers support and insights related to the raw datasets utilized by the investing community. Our products and services are designed for consumption by the Asset Management industry, which includes Hedge Funds, Mutual Funds, Pension Funds and Quantitative Funds. We’re a team of data-driven analysts who love turning data into actionable insights and clearly communicating those insights to our sophistica…",IT Jobs,2025-04-15T15:16:04Z,85225.26,85225.26
"Sr Snowflake Developer with Banking New York City, NY",ESR Healthcare,"New York City, New York","Sr Snowflake Developer with Banking New York City, NY [Onsite] Experience : 12 Years Duration : Contract Passport No & LinkedIn is Mandatory MANDATORY SKILLS: Snowflake, DBT, Airflow, SQL, Finance/ Banking Description: Design and develop scalable data pipelines using modern data stack technologies for Cloud data platform. Write ETL processes, design data applications and develop data pipelines for Operational Business Intelligence Mart Role involves analyzing technical metadata, Data Pipeline l…",IT Jobs,2025-03-14T12:57:49Z,150000.0,175000.0
Alternative Data Investment Strategist,Darmor Partners,"New York City, New York","Client: Leading Technology Driven Hedge Fund Location: New York, NY What you'll be doing Contribute to the design, creation and validation of new analytical frameworks for systematically extracting insight from unstructured, raw, and alternative data sets. Design and validate models that transform data into actionable insights Iterate quickly to test the additive impact of new data and research findings on alpha generation Analyze external, alternative data sources and provide recommendations f…",IT Jobs,2025-03-31T22:42:48Z,102567.62,102567.62
Spanish Web Editor and Producer Job at MBO Partners in New York,MBO Partners,"New York City, New York","Deliver high-quality Spanish-language digital content tailored for U.S.-based Spanish-speaking audiences, ensuring alignment with company standards and strategies. Produce and publish engaging, culturally relevant Spanish-language digital content daily, utilizing best practices. Edit translated and original Spanish-language content for accuracy, readability, and audience engagement, including catchy promo copy that conforms to specified character counts for multiple purposes, including automati…","PR, Advertising & Marketing Jobs",2025-03-27T15:25:06Z,74856.6,74856.6
MBO Partners is hiring: Spanish Web Editor and Producer in New York,MBO Partners,"New York City, New York","Deliver high-quality Spanish-language digital content tailored for U.S.-based Spanish-speaking audiences, ensuring alignment with company standards and strategies. Produce and publish engaging, culturally relevant Spanish-language digital content daily, utilizing best practices. Edit translated and original Spanish-language content for accuracy, readability, and audience engagement, including catchy promo copy that conforms to specified character counts for multiple purposes, including automati…","PR, Advertising & Marketing Jobs",2025-03-30T15:17:53Z,80071.65,80071.65
Director of Analytics & Survey Science,Applecart,"New York City, New York","Applecart is the leading technology company creating a new category of “Decision Maker Marketing”. The most important decisions are made by the hardest people to reach and influence. Historically, C-suite leaders have lacked the tools to reach the stakeholders that matter most to their business. The C-suites of hundreds of Fortune 500 companies, major agencies, trade associations, nonprofits, and governments use Applecart to put their best content in front of business-critical decision makers a…","PR, Advertising & Marketing Jobs",2024-10-19T07:16:25Z,135000.0,175000.0
Data & Analytics Product Owner - Hybrid (Remote Possible Within Footprint),M&T Bank,"Grand Central, Manhattan","About Transformation Enablement In Transformation Enablement, we are on a mission to help M&T evolve The Way We Work. This involves adopting a new set of mindsets, behaviors and practices grounded in agility, change management, process improvement and customer-experience. Transformation Enablement is a new and dynamic organization. Comfort with the following is critical to success here: - Leading through change - Willingness to shape and support an evolving strategy - Seeking out feedback from …",IT Jobs,2025-03-05T09:48:21Z,112185.25,112185.25
Director of Analytics & Survey Science,Applecart,"Grand Central, Manhattan","Applecart is the leading technology company creating a new category of “Decision Maker Marketing”. The most important decisions are made by the hardest people to reach and influence. Historically, C-suite leaders have lacked the tools to reach the stakeholders that matter most to their business. The C-suites of hundreds of Fortune 500 companies, major agencies, trade associations, nonprofits, and governments use Applecart to put their best content in front of business-critical decision makers a…","PR, Advertising & Marketing Jobs",2025-02-20T09:56:40Z,130599.42,130599.42
Product Intern- Summer 2025,MoneyLion,"New York City, New York","Are you ready to make an impact? At MoneyLion, our mission is giving everyone the power to make their best financial decisions and we want you to be a part of it. Our Summer Internship Program is designed for ambitious, curious, and driven students looking to gain hands-on experience at a leading fintech company that’s reshaping the way people manage and understand their money. From product innovation to data science, marketing, engineering, and beyond—you’ll work on real projects, solve real p…",Engineering Jobs,2025-04-13T21:40:17Z,52000.0,62400.0
Spanish Web Editor and Producer,MBO Partners,"New York City, New York","Deliver high-quality Spanish-language digital content tailored for U.S.-based Spanish-speaking audiences, ensuring alignment with company standards and strategies. Produce and publish engaging, culturally relevant Spanish-language digital content daily, utilizing best practices. Apply below after reading through all the details and supporting information regarding this job opportunity. Edit translated and original Spanish-language content for accuracy, readability, and audience engagement, incl…","PR, Advertising & Marketing Jobs",2025-04-20T15:37:33Z,71175.03,71175.03
Business Intelligence Analyst,H&H,"Greeley Square, Manhattan","We are offering an exciting opportunity for a detail-oriented and analytical Business Intelligence Analyst to join our team in our New York City office. This role requires a blend of technical expertise, business acumen, and the ability to work collaboratively with cross-functional teams. With over 138 years of experience, H&H is a trusted full-service infrastructure engineering firm. Our clients, including infrastructure owners, contractors, and colleagues, rely on us for intricate and innovat…",IT Jobs,2024-10-08T14:44:14Z,80000.0,100000.0
Data Engineer - REMOTE,Gemini,"New York City, New York","About the Company Gemini is a global crypto and Web3 platform founded by Tyler Winklevoss and Cameron Winklevoss in 2014. Gemini offers a wide range of crypto products and services for individuals and institutions in over 70 countries. Crypto is about giving you greater choice, independence, and opportunity. We are here to help you on your journey. We build crypto products that are simple, elegant, and secure. Whether you are an individual or an institution, we help you buy, sell, and store you…",IT Jobs,2025-02-26T02:08:11Z,104000.0,145000.0
"Mgr, Data Analytics - Databricks/SQL/Power BI - Remote",Molina Healthcare,"New York City, New York","Job Description Job Summary Manages the activities of the Data Analytics and Reporting team. Performs research and analysis of complex healthcare claims data, pharmacy data, and lab data regarding network utilization and cost containment information. Evaluates, writes, and presents reports and makes recommendations based on relevant findings. Uses advanced mathematical, statistical, querying, and reporting methods to develop solutions. Develops information tools, algorithms, dashboards, and que…",Accounting & Finance Jobs,2025-03-11T10:48:42Z,122714.65,122714.65
"Mgr, Data Analytics - Databricks/SQL/Power BI - Remote",Molina Healthcare,"Grand Central, Manhattan","Job Description Job Summary Manages the activities of the Data Analytics and Reporting team. Performs research and analysis of complex healthcare claims data, pharmacy data, and lab data regarding network utilization and cost containment information. Evaluates, writes, and presents reports and makes recommendations based on relevant findings. Uses advanced mathematical, statistical, querying, and reporting methods to develop solutions. Develops information tools, algorithms, dashboards, and que…",Accounting & Finance Jobs,2025-04-15T10:54:31Z,120059.14,120059.14
Lead IT Project Manager,RTA US,"New York City, New York","Job Description Job Description Job Description: Job Title: Lead IT Project Manager Duration: 6 Months (With further Extension or Conversion) Location: New York, NY (Hybrid) Salary: $75 - 80/ hr on W2 (Depends on Experience) Job Description: We will count on you to: Develop project plans and timelines and coordinate with the workstream leads and business owners. Maintain backlogs, user stories and task boards Communicate effectively with all stakeholders to provide updates, status and manage ex…",IT Jobs,2025-04-04T02:03:38Z,96414.22,96414.22
"Sr Associate, Sr Data Engineer",New York Life Insurance Co,"New York City, New York","Location Designation: Hybrid - 3 days per week Engages in collaborative relationships across architecture, product management, data and product delivery teams to design, implement solutions based on defined business challenges and outcomes · Participate on scrum teams working in short sprints and ensure on time delivery with high quality · Build and maintain Data engineering solutions on cloud platforms using AWS or Azure services. · Design, develop, and implement scalable data transformations …",IT Jobs,2025-03-13T21:38:21Z,119110.3,119110.3
Strategic Consultant,Optimove,"New York City, New York","Optimove is a global marketing tech company, recognized as a Leader by Forrester and a Challenger by Gartner. We work with some of the world's most exciting brands, such as Sephora, Staples, and Entain, who love our thought-provoking combination of art and science. With a strong product, a proven business, and the DNA of a vibrant, fast-growing startup, we're on the cusp of our next growth spurt. It's the perfect time to join our team of 500 thinkers and doers across NYC, LDN, TLV, and other lo…",Consultancy Jobs,2025-01-17T14:17:13Z,90000.0,120000.0
Senior Research Scientist,NYU Langone Health,"New York City, New York","NYU Grossman School of Medicine is one of the nation's top-ranked medical schools. For 175 years, NYU Grossman School of Medicine has trained thousands of physicians and scientists who have helped to shape the course of medical history and enrich the lives of countless people. An integral part of NYU Langone Health , the Grossman School of Medicine at its core is committed to improving the human condition through medical education, scientific research, and direct patient care. At NYU Langone He…",Healthcare & Nursing Jobs,2025-04-12T05:51:30Z,109597.14,109597.14
"Lead IT Project Manager insurance nyc, ny ref",ESR Healthcare,"New York City, New York","Lead IT Project Manager insurance nyc, ny ref Experience level: Mid-senior Experience required: 10 Years Education level: Bachelor’s degree Job function: Information Technology Industry: Insurance Pay rate : View hourly payrate Total position: 1 Relocation assistance: No Visa sponsorship eligibility: No Note: Candidates with Insurance/Reinsurance background will be considered over others Job Summary seeking candidates for a Project Manager role to manage Data and BI projects. The Project Manage…",IT Jobs,2025-03-02T11:34:09Z,170000.0,170001.0
CPS Model Facilitator/Coach,SCO Family of Services,"Jamaica, Queens","PURPOSE OF THE POSITION: The Collaborative Problem-Solving (CPS) Model Facilitator/Coach will be embedded within AOBH’s. The CPS Facilitator/Coach will work directly with all AOBH program staff to ensure model fidelity. They will facilitate, coach, report on, and follow-up all areas of compliance to the CPS evidence-based model. REPORTS TO: Vice President of Residential and Youth Justice Services SUPERVISES: N/A I.SPECIFIC RESPONSIBILITIES •Work side by side with CPS Coordinator/Data Analyst an…",Teaching Jobs,2024-10-13T09:45:03Z,77492.06,77492.06
Volatility Data Engineer - Systematic Data Platform,Millennium,"New York City, New York","Volatility Data Engineer - Systematic Data Platform Founded in 1989, Millennium is a global alternative investment management firm. Millennium seeks to pursue a diverse array of investment strategies across industry sectors, asset classes and geographies. The firm’s primary investment areas are Fundamental Equity, Equity Arbitrage, Fixed Income, Commodities and Quantitative Strategies. We are building a world class systematic data platform which will power the next generation of our systematic …",Accounting & Finance Jobs,2024-11-13T05:39:42Z,175000.0,250000.0
"Senior Business Analyst, Private Equity",RSC Insurance Brokerage,"New York City, New York","We are a fast-paced Business Insurance division within a billion-dollar revenue company specializing serving Private Equity clients. While Business Insurance experience is not necessary, we are looking to fulfill a strategic need to aid in the capturing data, summarizing key elements and to produce reports with meaningful/saliant points in the most concise way possible to clients (decision making). We are looking for an individual who is proficient in analyzing data and is able to create, desig…",Accounting & Finance Jobs,2025-03-23T19:28:32Z,86799.57,86799.57
"Lead IT Project Manager insurance nyc, ny ref",esrhealthcare,"New York City, New York",Experience level: Mid-senior Experience required: 10 Years Education level: Bachelors degree Job function: Information Technology Industry: Insurance Pay rate : View hourly payrate Total position: 1 Relocation assistance: No Visa sponsorship eligibility: No Note: Candidates with Insurance/Reinsurance background will be considered over others Job Summary Guy Carpenter is seeking candidates for a Project Manager role to manage Data and BI projects. The Project Manager must be in the New York metr…,IT Jobs,2025-03-21T10:45:30Z,102836.09,102836.09
Head of Growth Marketing,WeWard,"Church Street, Manhattan","Ready to lead growth marketing at a career-defining level? As WeWard’s Head of Growth Marketing , you’ll take the reins of all growth initiatives and steer this rocket ship to ambitious user and revenue milestones. Your playground? A global stage where you’ll scale multi-channel marketing strategies and create user journeys that engage and inspire. Reporting directly to Yves , our CEO, and working with dynamic teams in Paris and New York , you’ll make an outsized impact and shape the next phase…","PR, Advertising & Marketing Jobs",2025-03-13T19:56:28Z,130359.26,130359.26
Data Integration Sr Lead Analyst - SVP – New York (Hybrid),Citigroup,"New York City, New York","About the team: As part of the Data & Technology Transformation team for the Enterprise Risk Management function, you will be part of a team responsible to establish, maintain, and communicate the Enterprise Risk Data and Tech transformation strategy for your workstream; create and deliver technology implementation roadmaps, ensuring that both business and regulatory requirements are met; and drive implementation and adoption of consistent data management standards and capabilities to support t…",IT Jobs,2025-04-14T12:07:40Z,129175.17,129175.17
Digital Marketing Analyst,ButterflyMX,"New York City, New York","Our Mission: ButterflyMX is on a mission to empower people to open and manage doors & gates from a smartphone. Our products are installed in more than 15,000 multifamily, commercial, gated communities, and student-housing properties worldwide, including properties developed, owned, and managed by the most trusted names in real estate. Our features are designed for developers, owners, property managers, and tenants and our products lower operating costs and improve tenant satisfaction . Our Solu…","PR, Advertising & Marketing Jobs",2025-03-18T16:04:41Z,95375.97,95375.97
Data Integration Sr Lead Analyst - SVP - New York (Hybrid),Citigroup,"Grand Central, Manhattan","About the team: As part of the Data & Technology Transformation team for the Enterprise Risk Management function, you will be part of a team responsible to establish, maintain, and communicate the Enterprise Risk Data and Tech transformation strategy for your workstream; create and deliver technology implementation roadmaps, ensuring that both business and regulatory requirements are met; and drive implementation and adoption of consistent data management standards and capabilities to support t…",IT Jobs,2025-04-16T10:54:39Z,113771.66,113771.66
Wholesale Lending - Data Project Manager/Business Analyst (VP) - Hybrid,Citigroup,"Jersey City, Hudson County","The Wholesale Lending Data Project Manager/Business Analyst (IT Business Lead Analyst - C13) will be responsible for driving multiple significant projects within the Information Services Group (ISG/Wholesale Lending Tech) and Institutional Credit Management (ICM) Product teams in support One Citi Data initiatives. These projects support the Wholesale Lending and Credit Risk service models as part of One Citi Data initiative with the focus on loans portfolio that fully supports, satisfies, and a…",Accounting & Finance Jobs,2025-03-24T12:03:55Z,119496.68,119496.68
Wholesale Lending - Data Project Manager/Business Analyst (VP) - Hybrid,Citigroup,"Tyler Park, Hudson County","The Wholesale Lending Data Project Manager/Business Analyst (IT Business Lead Analyst - C13) will be responsible for driving multiple significant projects within the Information Services Group (ISG/Wholesale Lending Tech) and Institutional Credit Management (ICM) Product teams in support One Citi Data initiatives. These projects support the Wholesale Lending and Credit Risk service models as part of One Citi Data initiative with the focus on loans portfolio that fully supports, satisfies, and a…",Accounting & Finance Jobs,2025-03-25T11:56:27Z,108148.64,108148.64
Data Regulatory Execution Lead Analyst - VP - New York (Hybrid),Citigroup,"Grand Central, Manhattan","About the team: As part of the Risk Data Transformation team of the Enterprise Data Office, you will be part of a team responsible to: - Establish, maintain, and communicate the Risk Data transformation strategy - Drive the remediation and adoption of consistent data management standards and capabilities to support the Enterprise Risk Management Framework across the enterprise and relevant businesses / functions / regions. About the role: The Citi Data Governance Policy (CDGP) provides a framew…",IT Jobs,2025-04-16T10:54:40Z,90816.08,90816.08
Data Regulatory Execution Lead Analyst – VP – New York (Hybrid),Citigroup,"New York City, New York","About the team: As part of the Risk Data Transformation team of the Enterprise Data Office, you will be part of a team responsible to: Establish, maintain, and communicate the Risk Data transformation strategy Drive the remediation and adoption of consistent data management standards and capabilities to support the Enterprise Risk Management Framework across the enterprise and relevant businesses / functions / regions. About the role: The Citi Data Governance Policy (CDGP) provides a framework …",IT Jobs,2025-04-15T12:06:49Z,105615.78,105615.78
Senior Data Scientist,Success Academy Charter Schools,"New York City, New York","Thanks for your interest in Success Academy Running the largest, fastest-growing, and highest-performing network of public charter schools in New York City takes a village - families, children, teachers, staff and faculty, advocates and supporters alike. We would love to welcome you to our community We work tirelessly every day to ensure each child in NYC has access to a fun, rigorous, whole-child education regardless of zip code or economic status. When you join SA, you play a part in giving e…",IT Jobs,2025-04-13T22:16:52Z,140000.0,160000.0
Lakehouse Developer - Remote,Nava Software Solutions LLC,"Jersey City, Hudson County","NAVA Software is looking for a Lakehouse Developer Details: Lakehouse Developer Location: Remote Duration: 6 months CTH Position Summary: The Lakehouse Developer is responsible for designing, implementing, and maintaining data lakehouse solutions that integrate data storage and analytics. This role involves collaborating with data engineers and analysts to enable data workflows and ensure data integrity. The developer will leverage tools and technologies for efficient data processing and analys…",IT Jobs,2025-04-10T07:57:31Z,139852.67,139852.67
Senior Backend Software Engineer,,"Chelsea and Clinton, Manhattan","Senior Backend SWE - NYC ( Hybrid but in-office) - Multiple Openings About Us: WireScreen is a Sequoia-backed startup building a sophisticated corporate intelligence platform to help multinational companies, asset managers, and regulators track and monitor their supply chains and business partnerships. Our leadership team includes a Pulitzer Prize winner and senior engineers who helped scale Google, Peloton, and Compass. We're seeking a talented Senior Backend Software Engineer to join our grow…",Engineering Jobs,2025-04-19T14:28:03Z,150078.38,150078.38
Senior Backend Software Engineer,WireScreen,"New York City, New York","Senior Backend SWE - NYC ( Hybrid but in-office) - Multiple Openings About Us: WireScreen is a Sequoia-backed startup building a sophisticated corporate intelligence platform to help multinational companies, asset managers, and regulators track and monitor their supply chains and business partnerships. Our leadership team includes a Pulitzer Prize winner and senior engineers who helped scale Google, Peloton, and Compass. We’re seeking a talented Senior Backend Software Engineer to join our grow…",Engineering Jobs,2024-08-01T10:53:08Z,150493.86,150493.86
UX Copywriter,Shutterstock,"New York City, New York","About the opportunity Shutterstock is on a journey to redefine the future of creative content. We believe that creativity is the key to unlocking human potential, and we are committed to providing our customers with the tools, services, and resources they need to bring their ideas to life. Our global team of diverse and talented designers are made up of talented, fun, and caring people who bring unique skill sets, perspectives, and personalities to a team that respects autonomy and advocates fo…","PR, Advertising & Marketing Jobs",2025-03-31T00:11:59Z,119237.13,119237.13
Python Developer,Akkodis,"Jersey City, Hudson County","Job Description Job Description Akkodis is seeking a Python Developer for a Contract job with a client in Jersey City, NJ(Hybrid) . The role involves enhancing the testing platform, guiding the team, and supporting AI/ML integration within the bank. Rate Range: $65/hour to $68/hour; The rate may be negotiable based on experience, education, geographic location, and other factors. Python Developer job responsibilities include: Leading code reviews and providing guidance to the team. Actively con…",IT Jobs,2025-04-07T23:01:53Z,116168.83,116168.83
"Shutterstock, Inc. is hiring: UX Copywriter in New York","Shutterstock, Inc.","New York City, New York","About the opportunity Shutterstock is on a journey to redefine the future of creative content. We believe that creativity is the key to unlocking human potential, and we are committed to providing our customers with the tools, services, and resources they need to bring their ideas to life. Our global team of diverse and talented designers are made up of talented, fun, and caring people who bring unique skill sets, perspectives, and personalities to a team that respects autonomy and advocates fo…","PR, Advertising & Marketing Jobs",2025-04-07T15:25:57Z,118667.66,118667.66
UX Copywriter Job at TurboSquid by Shutterstock in New York,TurboSquid by Shutterstock,"New York City, New York","Shutterstock is on a journey to redefine the future of creative content. We believe that creativity is the key to unlocking human potential, and we are committed to providing our customers with the tools, services, and resources they need to bring their ideas to life. Our global team of diverse and talented designers are made up of talented, fun, and caring people who bring unique skill sets, perspectives, and personalities to a team that respects autonomy and advocates for our customers. Who w…","PR, Advertising & Marketing Jobs",2025-04-08T15:32:41Z,113082.06,113082.06
"Lead Analyst, Advanced Provider Data Management (Remote)",Molina Healthcare,"New York City, New York","Job Description Job Summary The Lead Analyst, Advanced Provider Data Management is responsible for analyzing and understanding business processes, identifying areas for improvement, and developing solutions to optimize performance. This position requires leadership skills, technical expertise, and the ability to mentor and support other analysts. The Lead Analyst often acts as a liaison between the business units and IT, ensuring that technical solutions align with business goals. Knowledge/Ski…",Teaching Jobs,2025-04-04T12:19:56Z,104196.45,104196.45
"Lead Analyst, Advanced Provider Data Management (Remote)",Molina Healthcare,"Grand Central, Manhattan","Job Description Job Summary The Lead Analyst, Advanced Provider Data Management is responsible for analyzing and understanding business processes, identifying areas for improvement, and developing solutions to optimize performance. This position requires leadership skills, technical expertise, and the ability to mentor and support other analysts. The Lead Analyst often acts as a liaison between the business units and IT, ensuring that technical solutions align with business goals. Knowledge/Ski…",Teaching Jobs,2025-04-15T10:54:34Z,101941.66,101941.66
Senior Software Engineer - Pricing & Promotions,CVS Health,"Grand Central, Manhattan","At CVS Health, we're building a world of health around every consumer and surrounding ourselves with dedicated colleagues who are passionate about transforming health care. As the nation's leading health solutions company, we reach millions of Americans through our local presence, digital channels and more than 300,000 purpose-driven colleagues - caring for people where, when and how they choose in a way that is uniquely more connected, more convenient and more compassionate. And we do it all w…",IT Jobs,2025-03-27T10:46:22Z,132693.52,132693.52
Senior Software Engineer - Pricing & Promotions,CVS Health,"New York City, New York","At CVS Health, we’re building a world of health around every consumer and surrounding ourselves with dedicated colleagues who are passionate about transforming health care. As the nation’s leading health solutions company, we reach millions of Americans through our local presence, digital channels and more than 300,000 purpose-driven colleagues – caring for people where, when and how they choose in a way that is uniquely more connected, more convenient and more compassionate. And we do it all w…",IT Jobs,2025-03-26T09:12:31Z,142140.0,284280.0
Director of Data & Analytics,Madwell,"Brooklyn, New York City","Director of Data & Analytics Who We Are Madwell is a Brooklyn-based creative collective built to disrupt the traditional agency model. Why? Because we believe successful marketing can be anything. And we love that. We were founded in 2010 in Bushwick, Brooklyn and still call that colorful, creative neighborhood home. (We also call Denver home—that’s where you’ll find our sister office.) We believe that wild creativity can live happily alongside a laser-focus on results, and we consistently work…",IT Jobs,2025-01-30T16:21:44Z,145024.62,145024.62
LCD-FLU BSA and Compliance Oversight Associate,"Bank of China, U.S.A.","Chelsea and Clinton, Manhattan","Established in 1912, Bank of China is one of the largest banks in the world, with over $3 trillion in assets and a footprint that spans more than 60 countries and regions. Our long-term outlook, institutional weight and global breadth provide our clients with a stable and reliable financial partner, whether in Corporate or Personal Banking or our Trade Services, Commodities, Financial Institutions and Global Markets lines of business. The incumbent plays an important role in compliance risk met…",Accounting & Finance Jobs,2024-07-25T10:14:07Z,42000.0,90000.0
"Performance Analysis, Emerging Talent Intern",Metropolitan Transportation Authority,"New York City, New York","Description Position at New York City Transit Departments: Department of Subways Finance Location: 2 Broadway, New York, NY Position Title: Finance, Emerging Talent Intern Hourly Rate $19.00 (Undergraduate), $21.00 (Graduate), $22.00 (Post-Graduate) Overview of Department: The NYCT Department of Subways, with over 6,400 subway cars and 472 stations, employs 29,000 individuals who work together 24/7, 365 days a year, to move millions of customers safely to their destinations. These employees ope…",IT Jobs,2025-04-08T05:00:36Z,55783.72,55783.72
Revenue Operations Specialist,Vibe,"New York City, New York","Vibe is building the Google Ads of Streaming, making TV advertising accessible to Small and Medium Businesses (SMBs) across the U.S. Our mission is to become the infrastructural backbone of the streaming advertising industry by creating a more efficient & transparent marketplace than the current standard. Founded in 2022 by two repeat entrepreneurs and adtech veterans, Arthur Querou (ex-YCombinator) & Franck Tetzlaff (Doctolib Founder - $6B valuation e-health scaleup), Vibe has already achieved…",Sales Jobs,2025-04-12T19:34:46Z,57111.39,57111.39
Contract Administrator,Bldg Svc 32 B-J,"Cooper, Manhattan","Job Title: Contract Administrator Labor Grade: 9 Department: Contracts Maintenance Reports To: Manager, Contracts Maintenance FLSA Status: Non-Union/Non-Management, Exempt Salary Range: $84,000 –$92,000 Summary: Under the supervision of Contracts Management, the Contract Administrator manages contract maintenance processes, assigns workflows, tracks open email requests and logs and assigns renewal agreements for processing. This role requires a detail-oriented and organized professional capable…",IT Jobs,2025-03-24T19:31:56Z,84000.0,92000.0
Revenue Operations Associate,Vibe,"New York City, New York","Vibe is building the Google Ads of Streaming, making TV advertising accessible to Small and Medium Businesses (SMBs) across the U.S. Our mission is to become the infrastructural backbone of the streaming advertising industry by creating a more efficient & transparent marketplace than the current standard. Founded in 2022 by two repeat entrepreneurs and adtech veterans, Arthur Querou (ex-YCombinator) & Franck Tetzlaff (Doctolib Founder - $6B valuation e-health scaleup), Vibe has already achieved…",Sales Jobs,2025-04-12T20:09:30Z,55575.36,55575.36
Business Professional - Business Analyst,Mastech Digital,"New York City, New York","Job Description Job Description Mastech Digital provides digital and mainstream technology staff as well as Digital Transformation Services for all American Corporations. We are currently seeking a Business Professional - Business Analyst for our client in the Professional Services domain. We value our professionals, providing comprehensive benefits and the opportunity for growth. This is a Permanent position, and the client is looking for someone to start immediately. Duration: 6 Months Contra…",IT Jobs,2025-04-08T01:59:22Z,76881.02,76881.02
Senior Data Services Technical Consultant,Arkus,"New York City, New York","Job Title : Senior Data Services Technical Consultant Job Summary : We are seeking a highly skilled Technical Consultant with a strong background in Data Analytics to join our team. The ideal candidate will have a deep understanding of data-driven decision-making, advanced analytics techniques, and the ability to work directly with clients to implement tailored solutions. You will work closely with cross-functional teams, providing technical expertise, strategic advice, and actionable insights …",IT Jobs,2024-11-29T10:54:52Z,105000.0,140000.0
Data Services Technical Consultant,Arkus,"New York City, New York","Job Title : Data Services Technical Consultant Job Summary : We are seeking a highly skilled Technical Consultant with a strong background in Data Analytics to join our team. The ideal candidate will have a deep understanding of data-driven decision-making, advanced analytics techniques, and the ability to work directly with clients to implement tailored solutions. You will work closely with cross-functional teams, providing technical expertise, strategic advice, and actionable insights to opti…",IT Jobs,2024-11-29T10:10:02Z,80000.0,110000.0
"VP, Architecture & Data Engineer",Horizon Media,"New York City, New York","Job Description VP, Architecture & Data Engineer - Horizon Media Overview We are seeking an expert-level Technical Data Engineer to architect and implement our modern data stack at Horizon Media. This role will be responsible for designing, building, and optimizing our data pipelines using Snowflake, dbt, and Fivetran, while ensuring data quality, scalability, and business value. The ideal candidate will possess deep technical expertise and hands-on experience with these technologies to drive o…",IT Jobs,2025-04-14T01:09:00Z,180000.0,230000.0
SynergisticIT is hiring: Frontend/UI Developer (Remote) in Queens,SynergisticIT,"Queens, New York City","2024 is almost over and we hope the Job market improves . Almost 600,000 tech employees have been laid off since 2022 and it's still ongoing. The effect of this has led hundreds of thousands of laid off Tech employees competing with existing Jobseekers. Entry level Job seekers struggle to get responses to their applications, are getting ghosted after interviews. In such a scenario the Job seekers need to differentiate themselves by ensuring to obtain exceptional skills and technologies so that …",IT Jobs,2025-03-19T07:21:41Z,60060.35,60060.35
Staff AI/ML Applied Engineer,Esusu,"New York City, New York","Democratize Access To Credit Together we will dismantle barriers to housing for working families by using data to eliminate the racial wealth gap. The ability to build credit from rental payments has the potential to give over 45 million renters with little to no credit a pathway into the financial system. Those individuals then stand to save over $200,000 in reduced lifetime interest payments, build home equity by qualifying for mortgages, and build wealth by passing job screening requirements…",IT Jobs,2025-04-07T16:02:45Z,200000.0,235000.0
Python Developer,Akkodis,"New York City, New York","Job Description Job Description Akkodis is seeking Python Developer for a Contract job with a client in New York, NY (Hybrid). You will be responsible for developing and enhancing quantitative methodologies for valuation, working closely with cross-functional teams to deliver analytical tools, and communicating complex valuation matters to senior management. Rate Range: $68/hour to $70/hour; The rate may be negotiable based on experience, education, geographic location, and other factors. Pytho…",Accounting & Finance Jobs,2025-04-17T08:40:20Z,136186.33,136186.33
Python Developer,Akkodis,"Jersey City, Hudson County","Job Description Job Description Akkodis is seeking Python Developer for a Contract job with a client in Jersey City, NJ/Plano, TX(Hybrid). Responsibilities include hands-on application development to support regulatory capital reporting and collaborating with multiple technology teams to implement the target architecture and migration to a strategic platform. Rate Range: $65/hour to $68/hour; The rate may be negotiable based on experience, education, geographic location, and other factors. Pyth…",Accounting & Finance Jobs,2025-03-22T04:03:18Z,134102.06,134102.06
Techno business analyst,Akkodis,"Jersey City, Hudson County","Job Description Job Description Akkodis is seeking a Techno business analyst for a Contract job with a client in Jersey City, NJ(Hybrid) . The ideal candidate will have expertise in Capital Markets and support the implementation of Basel IV, FRTB, and Treasury Technology transformation. Rate Range: $65/hour to $67/hour; The rate may be negotiable based on experience, education, geographic location, and other factors. Techno business analyst job responsibilities include: Analyzing business requi…",Accounting & Finance Jobs,2025-04-11T17:21:35Z,115260.18,115260.18
Akkodis is hiring: Sr.UI developer in Jersey City,Akkodis,"Jersey City, Hudson County","Job Description Job Description Akkodis is seeking a Sr.UI developer for a Contract job with a client in Jersey City, NJ (Hybrid). The ideal candidate will be responsible for developing dynamic front-end applications using ReactJS, TypeScript, and JavaScript, with a strong focus on UI development. Rate Range: $53/hour to $55/hour; The rate may be negotiable based on experience, education, geographic location, and other factors. Sr.UI developer job responsibilities include: Developing dynamic an…",IT Jobs,2025-02-02T06:20:13Z,129732.7,129732.7
"Software Engineer, Pricing & Promotions",CVS Health,"New York City, New York","At CVS Health, we’re building a world of health around every consumer and surrounding ourselves with dedicated colleagues who are passionate about transforming health care. As the nation’s leading health solutions company, we reach millions of Americans through our local presence, digital channels and more than 300,000 purpose-driven colleagues – caring for people where, when and how they choose in a way that is uniquely more connected, more convenient and more compassionate. And we do it all w…",IT Jobs,2025-04-20T15:30:50Z,141184.98,141184.98
Master Data Management Developer III,MedPro Group,"Grand Central, Manhattan",Meet MedPro Group. Were an industry-leading Berkshire Hathaway insurance company with a passion for our clients and our team. We are hundreds of professionals with varied backgrounds and experience levels who came together to achieve one goal: protecting those who have made it their mission to serve and care for others. We are seeking a driven individual to join MedPro Group who is passionate about using data to solve business problems. You will be joining the Enterprise Data Management (EDM) t…,IT Jobs,2025-03-14T08:14:23Z,116781.32,116781.32
Operations Manager (Research Assistant/Associate Professor),Albert Einstein College of Medicine,"Pilgrim, Bronx","Einstein-Montefiore is seeking an Operations Manager for the Gruss Magnetic Resonance Research Center (MRRC, Radiology). This person will also serve as the primary MRI physicist of the MRRC. Based on expertise and experience, the academic rank will be either research assistant professor or research associate professor. T he MRRC houses a state-of-the-art Philips 3 Tesla MRI human scanner, a Bruker 7 Tesla MRI animal scanner, and a Siemens INVEON PET/SPECT/CT animal scanner. The MRRC currently s…",Scientific & QA Jobs,2025-02-04T12:06:42Z,130000.0,175000.0
Bloomberg Intelligence - Senior Credit Research Analyst,Bloomberg,"Grand Central, Manhattan","Companies are the backbone of the stock and bond markets. Bloomberg Intelligence (""BI"") conducts in-depth research on large and midsize companies to help stock and bond investors effectively evaluate those companies. We analyze the unique attributes of each business, how it competes against other companies in its industry and how the business strategies and successes translate into financial results. Our analysts also research the technology, regulation, litigation and economies that will shape…",Accounting & Finance Jobs,2025-02-20T09:37:46Z,83068.69,83068.69
"Business Analyst, Visual Innovation Team",Amazon,"New York City, New York","Description The Visual Innovation Teams (VIT) mission is to delight and inform customers with relevant, trustworthy, and engaging visual media and experiences across their shopping journey, while minimizing costs for Amazon and selling partners (SPs). VIT is a global organization continually innovating and setting new industry standards for media of millions of products; continually pushing beyond the boundaries of traditional images through CV and ML techniques, and creative processes. Key job…",IT Jobs,2025-03-29T18:25:29Z,105641.27,105641.27
Data Engineer,Traba,"New York City, New York","We are seeking an experienced & entrepreneurial Data Engineer to build and own the foundational data infrastructure at Traba. You will have the unique opportunity to design, architect, and scale our data platform, enabling advanced analytics, reporting, and data-driven decision-making across the company. You will report directly to the CTO and be a key member of the Data team, working closely with analytics and business stakeholders to ensure that our data is reliable, scalable, and actionable.…",IT Jobs,2025-03-26T22:48:48Z,167019.45,167019.45
Price Execution Coordinator,Imperial Dade,"Tyler Park, Hudson County","Imperial Dade, a leading North American distributor, has a Price Execution Coordinator role available in Jersey City, NJ Join a strong and continuously evolving group, helping to continue to grow our business. If you’re eager for your next opportunity, Imperial Dade is a great place to take that next step. Imperial Dade is the leading independently owned and operated distributor of foodservice packaging and janitorial supplies in North America. As a provider of customized supply chain solutions…",Accounting & Finance Jobs,2025-04-05T22:11:00Z,52911.36,52911.36
"Amazon is hiring: Business Analyst, Visual Innovation Team in New York",Amazon,"New York City, New York","Description The Visual Innovation Teams (VIT) mission is to delight and inform customers with relevant, trustworthy, and engaging visual media and experiences across their shopping journey, while minimizing costs for Amazon and selling partners (SPs). VIT is a global organization continually innovating and setting new industry standards for media of millions of products; continually pushing beyond the boundaries of traditional images through CV and ML techniques, and creative processes. Key job…",IT Jobs,2025-03-17T07:12:44Z,105847.29,105847.29
"Data Engineer, Product Analytics",Meta,"Grand Central, Manhattan","Summary: As a Data Engineer at Meta, you will shape the future of people-facing and business-facing products we build across our entire family of applications (Facebook, Instagram, Messenger, WhatsApp, Reality Labs, Threads). Your technical skills and analytical mindset will be utilized designing and building some of the world's most extensive data sets, helping to craft experiences for billions of people and hundreds of millions of businesses worldwide.In this role, you will collaborate with s…",IT Jobs,2024-10-23T16:32:08Z,107623.2,107623.2
Data & Analytics Manager,5WPR,"New York City, New York","Data & Analytics Manager We are seeking a highly skilled and experienced Data & Analytics Manager to lead our digital and performance team. The ideal candidate will possess a deep understanding of data analytics, a strategic mindset, and strong leadership skills. You will be responsible for guiding the analytics strategy, ensuring the effective use of data to drive decision-making, and optimizing marketing performance for our clients. Here’s what you’ll be doing: Strategic Leadership: Develop a…",IT Jobs,2025-03-11T01:29:38Z,90000.0,125000.0
Data Quality Controls and Governance Sr. Analyst,Bank of America,"Jersey City, Hudson County","Job Description: At Bank of America, we are guided by a common purpose to help make financial lives better through the power of every connection. We do this by driving Responsible Growth and delivering for our clients, teammates, communities and shareholders every day. Being a Great Place to Work is core to how we drive Responsible Growth. This includes our commitment to being a diverse and inclusive workplace, attracting and developing exceptional talent, supporting our teammates’ physical, em…",IT Jobs,2025-04-05T00:30:55Z,100000.0,154900.0
Strategic Influencer Business Development Manager,moomoo,"Jersey City, Hudson County","About Futu US Inc. Futu US Inc. stands at the forefront of financial services, housing two SEC registered broker-dealers alongside a cryptocurrency brokerage — all operating under the reputable wing of Futu Holdings Limited (Nasdaq: FUTU). Our core mission revolves around innovating the investing landscape through a digitized brokerage and wealth management platform that's designed to elevate the investment experience. Here's a closer look at our key entities: Futu Clearing Inc.: An SEC registe…","PR, Advertising & Marketing Jobs",2024-10-14T02:48:03Z,100000.0,120000.0
Senior Manager Supply Chain Planning,Kering Beauté Americas,"New York City, New York","POSITION: Senior Manager, Supply Chain Planning REPORTS TO: Head of Operations FLSA: Exempt LOCATION: New York, NY (hybrid) Welcome to Kering Beaut é – Established in 2023, Kering Beauté aims to create value for the Group and its Houses. In June 2023, Kering Beauté announced that it had signed an agreement to acquire historic high-end fragrance house Creed; founded in 1760 it is known for its distinctive collections of timeless and sophisticated perfumes, including the iconic Aventus . This acq…",Logistics & Warehouse Jobs,2025-04-10T01:54:39Z,107203.61,107203.61
Professional Development Operations Integrity Coordinator (Fixed Term),Amplify,"New York City, New York","A pioneer in K-12 education since 2000, Amplify is leading the way in next-generation curriculum and assessment. Our core and supplemental programs in ELA, math, and science engage all students in rigorous learning and inspire them to think deeply, creatively, and for themselves. Our formative assessment products help teachers identify the targeted instruction students need to build a strong foundation in early reading and math. All of our programs provide educators with powerful tools that hel…",Teaching Jobs,2025-04-16T12:41:15Z,57874.6,57874.6
Senior Business Analyst – Enterprise Data Governance Tech & Master Data Management,Neuberger Berman,"New York City, New York","We are seeking a talented Senior Business Analyst (Senior Product Manager I) specializing in Master Data Management (MDM) to join the Enterprise Data Governance Tech & Master Data Management team. In this role, you will play a critical part in designing and implementing data governance and mastering solutions that drive data quality, consistency and operational efficiency across our firm. As part of a dynamic team of business analysts and developers, you will focus on building governance framew…",IT Jobs,2025-04-06T00:26:36Z,120000.0,165000.0
Senior Business Analyst - Enterprise Data Governance Tech & Master Data Management,Neuberger Berman,"Grand Central, Manhattan","We are seeking a talented Senior Business Analyst (Senior Product Manager I) specializing in Master Data Management (MDM) to join the Enterprise Data Governance Tech & Master Data Management team. In this role, you will play a critical part in designing and implementing data governance and mastering solutions that drive data quality, consistency and operational efficiency across our firm. As part of a dynamic team of business analysts and developers, you will focus on building governance framew…",IT Jobs,2025-04-01T11:25:03Z,127614.73,127614.73
Assistant Director of Development- Data Services-Development/Fundraising /FT-Days Hybrid/Remote,Mount Sinai Health System,"Grand Central, Manhattan","Job Description Development and Fundraising Assistant Director of Development-Data Services-Development & Fundraising-Corporate- Full-Time-Days- 150 East 42nd Street- Hybrid/Remote This is a partial remote work position, and must be willing to travel to East 42nd Street Office as need. Reporting to the Director, Business Intelligence and Analytics, the Assistant Director manages and participates in the fulfillment of approximately 800 ad hoc data requests per year for the Mount Sinai Health Sys…",Healthcare & Nursing Jobs,2025-04-05T11:51:13Z,77851.91,77851.91
Risk Manager,Akkodis,"Jersey City, Hudson County","Job Description Job Description Akkodis is seeking a Risk Manager for a Contract job with a client in Jersey City, NJ/ New York City, NY (Hybrid) . You will work closely with senior business stakeholders in Global Market Risk teams to manage significant funded initiatives and deliver next-generation Market Risk technology solutions. Rate Range: $68/hour to $73/hour; The rate may be negotiable based on experience, education, geographic location, and other factors. Risk Manager job responsibiliti…",Accounting & Finance Jobs,2025-04-07T22:50:38Z,136942.1,136942.1
S&P Global is hiring: Bank Deal Reporter in New York,S&P Global,"New York City, New York","About the Role: Grade Level (for internal use): 09 About the Role: The Team: Reporters, editors and data analysts around the world collaborate to bring readers breaking news and in-depth reporting on the regulatory changes, deal activity and business trends impacting the financial sector. We value interpersonal skills, creative thinking, teamwork, a passion for news, curiosity and of course, accurate writing. Responsibilities and Impact: The U.S. financials team at S&P Global Market Intelligenc…",Accounting & Finance Jobs,2025-01-22T06:16:43Z,107493.74,107493.74
"Data Engineer, Product Analytics",Meta,"Grand Central, Manhattan","Summary: As a Data Engineer at Meta, you will shape the future of people-facing and business-facing products we build across our entire family of applications (Facebook, Instagram, Messenger, WhatsApp, Reality Labs, Threads). Your technical skills and analytical mindset will be utilized designing and building some of the world's most extensive data sets, helping to craft experiences for billions of people and hundreds of millions of businesses worldwide.In this role, you will collaborate with s…",IT Jobs,2025-02-20T09:32:59Z,112983.64,112983.64
"Lead Data Scientist, Banking",Current,"New York City, New York","Lead Data Scientist, Banking Current is a leading consumer fintech platform transforming financial access for everyday Americans with over five million members. We provide access to financial solutions that seamlessly work together to solve the needs of our members and enable all Americans to build better financial futures. Based in NYC, our results-driven environment drives us to build better products, grow faster and empower everyone on our team to have an impact on our business and mission t…",IT Jobs,2025-03-22T00:09:18Z,215000.0,275000.0
Tableau Cloud Administrator,United Hospital Fund,"Chelsea and Clinton, Manhattan","Improving Health Care for Every New Yorker United Hospital Fund (UHF) is dedicated to creating an effective and equitable healthcare system for all New Yorkers. As an independent nonprofit, we analyze public policy, unite diverse stakeholders, and support innovative programs to improve health and healthcare. Our mission includes breaking down barriers in health policy and delivery to ensure equitable health opportunities. UHF’s emerging new line of work, Health Equity Regional Organization (HER…",IT Jobs,2025-04-12T00:04:01Z,70000.0,100000.0
Senior Project Manager Clinical Operations and Analytics - Full Time - Day,NEWYORK-PRESBYTERIAN,"New York City, New York","Experience the Pride of a Mission-Driven Career Senior Project Manager Clinical Operations Analytics – Days This is your opportunity to join a world class team that focuses on ensuring safe, efficient and smooth operations that directly impact the patient’s experience. At New York Presbyterian Hospital Operations is at the forefront of our patient experience. Joining our team will give you the opportunity to develop your career while creating solutions and services that will improve the welfare…",IT Jobs,2024-04-19T09:22:21Z,141918.53,141918.53
Senior Data Engineer,HelloFresh,"New York City, New York","The role As a Senior Data Engineer at HelloFresh, you will be collaborating to build a robust and highly performant data platform using cutting-edge technologies. You will develop distributed services that process data in batch and real-time with a focus on scalability, data quality, and business requirements. You will have the opportunity to work on challenging data-related problems and building a self-serve data platform. If you'd like to know more about our Data team and the current Data Mes…",IT Jobs,2025-03-31T20:27:24Z,123882.28,123882.28
"Knowledge Program Manager, Conversational Design",Uber,"Grand Central, Manhattan","About the Role The world of customer support is evolving as GenerativeAI technology advances. But that doesn't change the core need of our users-to feel heard and have their issue resolved as effortlessly as possible. In order to optimize the customer experience, we need someone with an understanding of conversational design to analyze support interactions with agents and bots alike in order to create guiding principles and processes that optimize the end user experience. What You'll Do - Work …",IT Jobs,2025-03-27T10:44:55Z,99788.95,99788.95
Business Intelligence Researcher,Jump Trading,"New York City, New York","Jump Trading Group is committed to world class research. We empower exceptional talents in Mathematics, Physics, and Computer Science to seek scientific boundaries, push through them, and apply cutting edge research to global financial markets. Our culture is unique. Constant innovation requires fearlessness, creativity, intellectual honesty, and a relentless competitive streak. We believe in winning together and unlocking unique individual talent by incenting collaboration and mutual respect. …",IT Jobs,2025-02-16T11:01:07Z,192734.39,192734.39
US Company is hiring: Product Designer in New York,US Company,"New York City, New York","Exact compensation may vary based on skills, experience, and location. 40 hrs/wk Contract (w2) Remote work partially (40%) Travel not required March 25, 2025 End date February 25, 2026 Superpower Technology Capabilities User Research UI/UX Design Preferred skills Visual Design Prototyping Product Design Interaction Design User Research Product Management Analytical Skills Apple IOS Research Data Analysis Balancing (Ledger/Billing) Customer Service Preferred industry experience Internet 5 - 8 ye…",Creative & Design Jobs,2025-04-12T15:29:21Z,87985.7,87985.7
Warranty Operations Analyst,ZT Systems,"Secaucus, Hudson County","About The Role ZT Systems is looking for a thought leader who can identify, and subsequently drive to implement, changes in our entire warranty support and reverse logistics processes to optimize our business operations. This will include everything from how we package and ship material to a customer, track the delivery, ensure the timely return of customer parts, and how we resolve problems. The ideal candidate should have excellent communication skills, strong analytical skills, and experienc…",IT Jobs,2024-09-20T09:29:19Z,89502.2,89502.2
Senior Data Engineer,Tiger Analytics,"Jersey City, Hudson County","Tiger Analytics is a fast-growing advanced analytics consulting firm. Our consultants bring deep expertise in Data Science, Machine Learning and AI. We are the trusted analytics partner for several Fortune 100 companies, enabling them to generate business value from data. Our business value and leadership has been recognized by various market research firms, including Forrester and Gartner. We are looking for top-notch talent as we continue to build the best analytics global consulting team in …",IT Jobs,2025-01-03T12:05:15Z,127534.43,127534.43
Business Sr. Lead Analyst - C14 - NEW YORK,Citigroup,"New York City, New York","About the team: As part of the newly created Data Governance Transformation team for the Enterprise Risk Management function., you will be part of a team responsible to: establish, maintain, and communicate the Enterprise Risk Data and Tech transformation Management data strategy; create and deliver technology implementation roadmaps, ensuring that both business and regulatory requirements are met; and drive implementation and adoption of consistent data management standards and capabilities to…",IT Jobs,2025-02-05T15:44:14Z,138107.66,138107.66
Senior Data Scientist - Business Systems,MongoDB,"New York City, New York","MongoDB’s mission is to empower innovators to create, transform, and disrupt industries by unleashing the power of software and data. We enable organizations of all sizes to easily build, scale, and run modern applications by helping them modernize legacy workloads, embrace innovation, and unleash AI. Our industry-leading developer data platform, MongoDB Atlas, is the only globally distributed, multi-cloud database and is available in more than 115 regions across AWS, Google Cloud, and Microsof…",IT Jobs,2025-04-02T19:50:13Z,191551.94,191551.94
"Senior Product Manager, Claims",Nayya,"New York City, New York","About Nayya Founded in 2019, Nayya is on a mission to connect people’s most important information, so they can thrive in their health and wealth. Powered by AI and advanced analytics, Nayya’s platform transforms complex benefits experiences into intuitive, seamless, and ongoing interactions—meeting people meeting people's real world needs. As a trusted platform and partner to leading employers, benefits solutions, and HR tech providers, Nayya unlocks long-term value through helping employees li…",IT Jobs,2025-02-16T08:37:54Z,140000.0,170000.0
Senior Manager - Forensic Accounting,Alliant Insurance Services,"New York City, New York","Alliant Insurance Services is one of the nation’s largest and fastest-growing insurance brokerage and consulting firms. We operate through a network of specialized national platforms and local offices to offer our clients a comprehensive portfolio of solutions built on innovative thinking and personal service. Alliant is changing the way our clients approach risk management and benefits, so they can capitalize on new opportunities to grow and protect their organizations. More information is ava…",Accounting & Finance Jobs,2024-12-20T07:12:44Z,130000.0,150000.0
Paid Performance Manager,Revel,"New York City, New York","About Revel Revel's mission is to accelerate EV adoption in cities by providing the infrastructure and services that make it easy to go electric. Revel operates the nation's first all-electric rideshare service, which delivers thousands of rides across New York City every day. Revel is also the leading public fast charging provider in New York, with stations in Manhattan, Brooklyn and Queens, and more on the way. Founded in Brooklyn in 2018, Revel first began as a shared electric moped platform…","PR, Advertising & Marketing Jobs",2025-04-17T22:10:35Z,95680.0,143520.0
Product Designer,The Mom Project,"New York City, New York","Exact compensation may vary based on skills, experience, and location. 40 hrs/wk Contract (w2) Remote work partially (40%) Travel not required March 25, 2025 End date February 25, 2026 Superpower Technology Capabilities User Research UI/UX Design Preferred skills Visual Design Prototyping Product Design Interaction Design User Research Product Management Analytical Skills Apple IOS Research Data Analysis Balancing (Ledger/Billing) Customer Service Preferred industry experience Internet 5 - 8 ye…",Creative & Design Jobs,2025-04-15T15:35:20Z,85703.69,85703.69
Business Intelligence Analyst,H&H,"New York City, New York","Job Description Job Description We are offering an exciting opportunity for a detail-oriented and analytical Business Intelligence Analyst to join our team in our New York City office. This role requires a blend of technical expertise, business acumen, and the ability to work collaboratively with cross-functional teams. With over 138 years of experience, H&H is a trusted full-service infrastructure engineering firm. Our clients, including infrastructure owners, contractors, and colleagues, rely…",Consultancy Jobs,2025-04-11T02:18:41Z,76940.58,76940.58
Data & Digital Intern,Omnicom Health,"New York City, New York","Omnicom Health is the largest healthcare marketing and communications network in the world—partnering with clients to achieve meaningful change through better, more innovative communications. With more than 5,000 dedicated healthcare communications specialists from every corner of science, medicine, marketing, and communications, we recognize that it takes the best of talent to deliver the best of health. When you join Omnicom Health, you have access to opportunities across the most networked n…",IT Jobs,2025-04-08T02:10:47Z,57923.75,57923.75
"Manager, Imperium Consulting Group",Alliant Insurance Services,"New York City, New York","Alliant Insurance Services is one of the nation’s largest and fastest-growing insurance brokerage and consulting firms. We operate through a network of specialized national platforms and local offices to offer our clients a comprehensive portfolio of solutions built on innovative thinking and personal service. Alliant is changing the way our clients approach risk management and benefits, so they can capitalize on new opportunities to grow and protect their organizations. More information is ava…",Accounting & Finance Jobs,2025-01-09T13:48:45Z,100000.0,130000.0
Printerpix is hiring: Junior Graphic Designer-Ecommerce in New York,Printerpix,"New York City, New York","About You: Are you a highly motivated designer who thrives in a fast-paced, dynamic environment? We're looking for individuals who can take Printerpix to the next level with their innovative thinking, problem-solving abilities, and passion for success. In return, we’ll invest in your career development through tailored training and growth opportunities. The Role: Printerpix is seeking a talented Junior Graphic Designer with Photoshop and Illustrator skills, combined with a passion for using AI …",IT Jobs,2025-03-11T07:34:46Z,64357.91,64357.91
Senior Data Engineer,K Health,"New York City, New York","Who we are: K Health is venture-backed, fast-growing startup with a mission to use the power of Artificial Intelligence (AI) to get everyone access to higher quality healthcare at more affordable costs. We’re looking for mission driven individuals to join our team and help us eliminate healthcare inequalities to build a better and healthier future. Featured most recently in Forbes and Business Insider as a leading AI startup, K Health is a telehealth company that harnesses the power of technolo…",IT Jobs,2025-04-06T05:10:39Z,170000.0,200000.0
Lakehouse Developer - Remote,Nava Software Solutions LLC,"Jersey City, Hudson County","Job Description Job Description NAVA Software is looking for a Lakehouse Developer Details: Lakehouse Developer Location: Remote Duration: 6 months CTH Position Summary: The Lakehouse Developer is responsible for designing, implementing, and maintaining data lakehouse solutions that integrate data storage and analytics. This role involves collaborating with data engineers and analysts to enable data workflows and ensure data integrity. The developer will leverage tools and technologies for effi…",IT Jobs,2025-04-11T02:17:08Z,136895.73,136895.73
Power BI Developer,MetLife,"Grand Central, Manhattan","Role Value Proposition: We are seeking a highly skilled and motivated PowerBI Developer to join our dynamic team. The ideal candidate will be responsible for designing, developing, and implementing business intelligence solutions using Microsoft's PowerBI platform. This role requires a deep understanding of data analysis, data visualization, and dashboard creation to help our organization make data-driven decisions. Essential Business Experience and Technical Skills: - Data Modeling and Analysi…",IT Jobs,2025-04-15T10:54:29Z,36355.04,36355.04
Health Information Scanning Analyst,Hackensack Meridian Health,"Hackensack, Bergen County","Description Our team members are the heart of what makes us better. At Hackensack Meridian Health we help our patients live better, healthier lives — and we help one another to succeed. With a culture rooted in connection and collaboration, our employees are team members. Here, competitive benefits are just the beginning. It’s also about how we support one another and how we show up for our community. Together, we keep getting better - advancing our mission to transform healthcare and serve as …",Admin Jobs,2025-04-05T06:07:48Z,42126.72,42126.72
Director of Data & Analytics,Madwell,"Linden Hill, Queens","Director of Data & Analytics Who We Are Madwell is a Brooklyn-based creative collective built to disrupt the traditional agency model. Why? Because we believe successful marketing can be anything. And we love that. We were founded in 2010 in Bushwick, Brooklyn and still call that colorful, creative neighborhood home. (We also call Denver home—that’s where you’ll find our sister office.) We believe that wild creativity can live happily alongside a laser-focus on results, and we consistently work…",IT Jobs,2025-02-02T06:18:16Z,130000.0,180000.0
Case Manager (SOS) - Community Support Program,The Bridge,"New York City, New York","Full-time Description The Bridge offers supportive housing and behavioral health services to vulnerable New Yorkers facing behavioral health and substance use challenges. We provide individuals with the tools they need to pursue their dreams and live meaningful lives. The Bridge envisions a world where adults experiencing serious mental illness can live and thrive within their communities. As a recognized leader in developing and operating supportive housing and community-based programs, The Br…",Healthcare & Nursing Jobs,2025-03-05T22:34:07Z,47658.41,47658.41
Health Information Scanning Analyst - Part Time,Hackensack Meridian Health,"Hackensack, Bergen County","Our team members are the heart of what makes us better. At Hackensack Meridian Health we help our patients live better, healthier lives — and we help one another to succeed. With a culture rooted in connection and collaboration, our employees are team members. Here, competitive benefits are just the beginning. It’s also about how we support one another and how we show up for our community. Together, we keep getting better - advancing our mission to transform healthcare and serve as a leader of …",Part time Jobs,2025-04-03T20:54:37Z,40548.66,40548.66
Health Information Scanning Analyst - Full Time,Hackensack Meridian Health,"Hackensack, Bergen County","Our team members are the heart of what makes us better. At Hackensack Meridian Health we help our patients live better, healthier lives — and we help one another to succeed. With a culture rooted in connection and collaboration, our employees are team members. Here, competitive benefits are just the beginning. It’s also about how we support one another and how we show up for our community. Together, we keep getting better - advancing our mission to transform healthcare and serve as a leader of …",Admin Jobs,2025-04-03T20:54:44Z,40554.97,40554.97
NYC Regional Quality Assurance Director,Westhab,"Pilgrim, Bronx","JOB DESCRIPTION JOB TITLE: NYC Regional Director of Quality Assurance FLSA: EXEMPT DIVISION: SERVICES REPORTS TO: Vice President, NYC Shelter Programs (single/family) LOCATION: New York (Various Locations) SALARY: $90,000 – $105,000 BENEFITS AND PERKS $1,000 Sign-on and Retention Bonus Medical, Dental and Vision after 30-days with up to 85% paid by Employer Paid Vacation, Sick and Personal Time Tuition Reimbursement Life Insurance Pension Plan and Voluntary 403b Plan Employee Loan Program Hybri…",Admin Jobs,2025-04-04T23:46:49Z,90000.0,105000.0
Pricing Analyst,The Ambr Group,"New York City, New York","A Little Bit About The Ambr Group The Ambr Group was formed after the merge of two global operators and acquirers of 3rd-party consumer products brands, Suma and D1 Brands in April 2023. We are founders, operators, and eCommerce veterans who have built and run companies with billions of dollars in online revenue. We love building brands and celebrating the entrepreneurs who get them started. We're always looking to add exceptional people who are ready for a challenge and to take our business to…",IT Jobs,2024-08-05T11:08:55Z,60300.02,60300.02
Senior Data Engineer II,Compass,"New York City, New York","At Compass, our mission is to help everyone find their place in the world. Founded in 2012, we’re revolutionizing the real estate industry with our end-to-end platform that empowers residential real estate agents to deliver exceptional service to seller and buyer clients. Data is the foundation of Compass technologies. Our team is responsible for architecting, building, and maintaining a unified, scalable, and cost-effective analytics platform, including a data lake, data warehouse, data pipeli…",IT Jobs,2025-02-20T23:52:58Z,168000.0,180000.0
Demand Planner,Meta,"Grand Central, Manhattan","Summary: Meta Reality Labs, the AR/VR business unit at Meta, is seeking an experienced, highly quantitative, and driven Demand Planner to focus on hardware demand forecasting and strategic planning. This position will require cross-functional coordination across several groups, with an emphasis on partnering with Sales Account Managers, Retailers, Channel Inventory Operations, Marketing, Data Science, and Business Development. You will combine strategic planning and decision making with data an…",Sales Jobs,2025-03-19T10:40:52Z,83779.47,83779.47
Mental Health Clinician - Safe Options Support (SOS) - Community Support Program,The Bridge,"New York City, New York","Full-time Description The Bridge offers supportive housing and behavioral health services to vulnerable New Yorkers facing behavioral health and substance use challenges. We provide individuals with the tools they need to pursue their dreams and live meaningful lives. The Bridge envisions a world where adults experiencing serious mental illness can live and thrive within their communities. As a recognized leader in developing and operating supportive housing and community-based programs, The Br…",Healthcare & Nursing Jobs,2025-04-09T22:29:22Z,62000.0,67000.0
Senior Insights Analyst,Cohere Health,"Grand Central, Manhattan","Cohere Health is a fast-growing clinical intelligence company that’s improving lives at scale by promoting the best patient-specific care options, using leading edge AI combined with deep clinical expertise. In only four years our solutions have been adopted by health insurance plans covering over 15 million people, while our revenues and company size have quadrupled. That growth combined with capital raises totaling $106M positions us extremely well for continued success. Our awards include: 2…",Healthcare & Nursing Jobs,2025-02-24T14:10:07Z,108423.44,108423.44
Director of Data & Analytics,Madwell,"New York City, New York","Job Description Job Description Director of Data & Analytics Who We Are Madwell is a Brooklyn-based creative collective built to disrupt the traditional agency model. Why? Because we believe successful marketing can be anything. And we love that. We were founded in 2010 in Bushwick, Brooklyn and still call that colorful, creative neighborhood home. (We also call Denver home—that’s where you’ll find our sister office.) We believe that wild creativity can live happily alongside a laser-focus on r…",IT Jobs,2025-04-04T01:41:25Z,144093.1,144093.1
Moomoo Financial Inc. is hiring: Strategic Influencer Business Development Manag,Moomoo Financial Inc.,"Jersey City, Hudson County","About Futu US Inc. Futu US Inc. stands at the forefront of financial services, housing two SEC registered broker-dealers alongside a cryptocurrency brokerage — all operating under the reputable wing of Futu Holdings Limited (Nasdaq: FUTU). Our core mission revolves around innovating the investing landscape through a digitized brokerage and wealth management platform that's designed to elevate the investment experience. Here's a closer look at our key entities: Futu Clearing Inc.: An SEC registe…","PR, Advertising & Marketing Jobs",2025-01-16T06:18:10Z,88786.81,88786.81
AWS Data Engineer,Capstone Integrated Solutions,"New York City, New York","Capstone Integrated Solutions is a comprehensive services provider. Our team consists of outstanding professionals, highly experienced in designing, building, and supporting retail software. We see ourselves as a build-as-a-service provider who follows a repeatable business pattern that can be applied to a variety of platforms and verticals. Having a culture built on outcomes and delivery at the core of the business, Capstone is providing its customers with a complete suite of services for soft…",IT Jobs,2025-03-23T22:21:02Z,119835.16,119835.16
"Data Analytics Automation Specialist and Business Analyst, Associate",SMBC,"Tyler Park, Hudson County","Role Description This exciting opportunity to drive the transformation of the Compliance department by supporting strategic Compliance processes, technology, and reporting projects within a dynamic environment, the Analytics Automation Specialist and Business Analyst should have experience in the areas of, but not limited to, business processes, data sets, reference data, and automation. This role will analyze data sets, build workflows, create various reports, design forms, and build lightweig…",IT Jobs,2025-04-08T12:05:13Z,98284.79,98284.79
"Senior Director, Data Engineering and Infrastructure",National Audubon Society,"New York City, New York","Position Summary : In pursuit of Audubon's conservation mission, the Data & Technology team partners with programmatic and business teams across the organization to develop and deploy enterprise data systems and data-driven practices at the scale needed to achieve our ambitious goals. The Senior Director, Data Engineering and Infrastructure will play a key role in designing, managing, and continuously improving Audubon’s data engineering processes and products, as well as our data architecture …",IT Jobs,2025-04-08T21:05:49Z,181041.0,203671.0
Business Sr. Lead Analyst - C14 - NEW YORK,Citigroup,"Grand Central, Manhattan","About the team: As part of the newly created Data Governance Transformation team for the Enterprise Risk Management function., you will be part of a team responsible to: establish, maintain, and communicate the Enterprise Risk Data and Tech transformation Management data strategy; create and deliver technology implementation roadmaps, ensuring that both business and regulatory requirements are met; and drive implementation and adoption of consistent data management standards and capabilities to…",IT Jobs,2025-02-06T18:48:23Z,121448.65,121448.65
Lead Data Scientist - Insurance,Guardian Life,"Grand Central, Manhattan","Lead Data Scientist Guardian is on a transformation journey to evolve into a modern, forward-thinking insurance company committed to enhancing the wellbeing of its customers and their families. We've recently onboarded a Chief Data & Analytics Officer (CDAO) to guide this transformation and lead the Enterprise Data and Analytic Office (EDAO). This role presents a distinctive opportunity to collaborate with the CDAO and the Head of Data Science, actively contributing to Guardian's ongoing evolut…",IT Jobs,2025-04-03T11:50:10Z,136715.69,136715.69
Data Architect,Tiger Analytics,"Jersey City, Hudson County","Tiger Analytics is pioneering what AI and analytics can do to solve some of the toughest problems faced by organizations globally. We develop bespoke solutions powered by data and technology for several Fortune 100 companies. We have offices in multiple cities across the US, UK, India, and Singapore, and a substantial remote global workforce. If you are passionate about working on business problems that can be solved using structured and unstructured data on a large scale, Tiger Analytics would…",IT Jobs,2025-01-02T18:04:00Z,126048.49,126048.49
Data Engineer - AWS,Tiger Analytics,"Jersey City, Hudson County","Tiger Analytics is a fast-growing advanced analytics consulting firm. Our consultants bring deep expertise in Data Science, Machine Learning and AI. We are the trusted analytics partner for multiple Fortune 500 companies, enabling them to generate business value from data. Our business value and leadership has been recognized by various market research firms, including Forrester and Gartner. We are looking for top-notch talent as we continue to build the best global analytics consulting team in…",IT Jobs,2025-01-03T15:07:38Z,139014.53,139014.53
"Senior Specialist, Digital Strategy & Investment",Known,"New York City, New York","WE HAVE CREATED A WORLD WHERE ART AND SCIENCE ARE BEST FRIENDS Known is a modern marketing company engineered for the unprecedented opportunities and challenges facing marketers today. We are about 200 people strong, pairing PhD data scientists with award-winning creatives, strategists, engineers and expert research teams to produce some of the most innovative and cutting-edge creative work in culture. We believe that when creative truly collaborates with science, strategy, and technology, amaz…","PR, Advertising & Marketing Jobs",2025-03-07T20:04:46Z,85000.0,95000.0
"Director, Product Strategy - Reporting",Garner Health,"New York City, New York","Garner's mission is to transform the healthcare economy, delivering high quality and affordable care for all. By helping employers restructure their healthcare benefit to provide clear incentives and data-driven insights, we direct employees to higher quality and lower cost healthcare providers. The result is that patients get better health outcomes while doctors are rewarded for practicing well, not performing more procedures. We are backed by top-tier venture capital firms, are growing rapidl…",Healthcare & Nursing Jobs,2025-01-27T06:56:59Z,220000.0,280000.0
"Business Analyst, Inventory Planning, Shopbop",Amazon,"Grand Central, Manhattan",Description Shopbop is seeking an experienced Business Analyst to drive strategic inventory planning and operational excellence across our fulfillment network. This role will focus on optimizing forecasting models and analytical tools to reduce costs within our inventory placement strategy. The successful candidate will be instrumental in building and maintaining sophisticated forecasting models that drive labor planning decisions and inventory placement strategies. They will work closely with …,Accounting & Finance Jobs,2025-04-17T10:54:02Z,72932.0,72932.0
"Machine Learning Scientist, Digital Pathology",Tempus,"New York City, New York","Passionate about precision medicine and advancing the healthcare industry? Recent advancements in underlying technology have finally made it possible for AI to impact clinical care in a meaningful way. Tempus' proprietary platform connects an entire ecosystem of real-world evidence to deliver real-time, actionable insights to physicians, providing critical information about the right treatments for the right patients, at the right time. We are seeking a highly motivated and skilled Machine Lear…",Scientific & QA Jobs,2025-04-03T01:17:15Z,120000.0,160000.0
"Account Director, Client Development & Strategy",Storyful,"New York City, New York","Location: New York Hybrid Role - in office three days/week About Storyful: Storyful, a News Corp company, is a global leader in social media news and intelligence reporting. We harness data from across the digital and social media landscape to provide trusted, cross-platform content and context in a complex online information environment. Storyful Intelligence We help partners understand the attitudes, behaviors, and emotions shaping the world. Our mission is to provide intelligence-driven mark…","PR, Advertising & Marketing Jobs",2025-03-31T06:02:49Z,120000.0,145000.0
"Sr Director Supply Partnerships, Auto Insurance",PX Inc.,"Wall Street, Manhattan","You are a forward-thinking, independent leader who thrives on driving change and achieving goals. You excel at setting up systems and processes but prefer to move on once they're in place. You are self-critical and expect high standards from yourself and your team, acting quickly and decisively while maintaining a sense of impatience. Ready to Own & Grow a High-Impact Auto Insurance Portfolio? We’re on the hunt for a Sr Director Supply Partnerships who knows the Auto Insurance space inside and …",Sales Jobs,2025-03-31T19:41:53Z,90000.0,120000.0
Azure Databricks Architect/Engineer (Onsite Interview - Local Candidates Only) (W2 Only/ No C2C),TEKsystems,"Tyler Park, Hudson County","Description This is a great opportunity to join as a Azure Databricks Engineer across the compliance technology function. You will be responsible for design and build of a best-in-class trade and data repository to support our business needs. You will work in a dynamic environment, partnering with data analysts, ETL developers, vendors and consultants while being a Subject Matter Expert (SME) in the areas of compliance surveillance data sets, transactional data sets, and bank related reference …",IT Jobs,2025-04-10T12:25:16Z,148358.48,148358.48
Risk Operations Specialist | Portfolio Risk Management,Ramp,"New York City, New York","About Ramp Ramp is a financial operations platform designed to save businesses time and money. Combining corporate cards with expense management, bill payments, vendor management, accounting automation, and more, Ramp's all-in-one solution frees finance teams to do the best work of their lives. More than 30,000 companies, from family-owned farms to e-commerce giants to space startups, have saved $1B and 10M hours with Ramp. Founded in 2019, Ramp powers the fastest-growing corporate card and bil…",Accounting & Finance Jobs,2025-02-22T21:12:55Z,102300.0,140700.0
"Senior Data Scientist, Machine Learning, Offer Generation",Lyft,"New York City, New York","At Lyft, our purpose is to serve and connect. To do this, we start with our own community by creating an open, inclusive, and diverse organization. Data Science is central to Lyft's products and decision-making. As a Data Scientist on the cross-functional team, you will work in a dynamic environment, tackling a variety of problems from shaping critical business decisions to building algorithms that power our products. We seek passionate, driven Data Scientists to address some of the most intere…",IT Jobs,2024-12-13T09:07:18Z,148000.0,185000.0
Senior Data Scientist,ResortPass,"New York City, New York","About the company ResortPass is completely redefining what it means to be a guest at a hotel. By offering day access to luxury hotel experiences, including breathtaking pools, private beaches, deluxe spas, and more, ResortPass allows people to escape – without ever leaving town. If you’re moved to contribute to our vision, we’d love your help. Our growing team of innovative tech and hospitality experts has partnered with over 1,800 leading hotels and resorts including Ritz-Carlton, Four Seasons…",IT Jobs,2024-11-03T07:40:03Z,150000.0,195000.0
Product Operations Manager,Meta,"Grand Central, Manhattan",Summary: Meta is seeking a Product Operations Manager to join the Product Operations team. Our mission is to be the experts on functional quality to improve how product teams' resolve user issues. Our vision is that every user interaction should work well. Those who join our team find joy in solving user issues and are advocates for the Meta community. We need influencers who can align our engineering customers and cross-functional partners to ensure the best possible experience for our platfor…,Engineering Jobs,2025-04-05T11:02:03Z,115072.59,115072.59
Lead Data Engineer,Interpublic Group,"Jersey City, Hudson County","POSITION SUMMARY: We are seeking an experienced Lead Data Engineer to join the Data Governance team. The Lead Data Engineer for the Enterprise Data Hub Team will collaborate with multiple stakeholders to develop data objects and pipelines on the AWS Cloud Platform. Additionally, they will work with other IT teams on data solution projects, delivering products that integrate various system data sources and harmonize processes and data models. The Lead Data Engineer will oversee the completion of…",IT Jobs,2025-02-08T09:12:15Z,150000.0,175000.0
"Corporate Vice President, Test Engineer - Quality Assurance",New York Life Insurance Company,"Grand Central, Manhattan","Duties: Works with product streams to perform Quality Assurance (QA) evaluations, examine upstream and downstream system impacts, and facilitate testing requirements for the overall product release. Manages onshore and offshore testing resources for the successful development and execution of detailed test cases and test scripts. Mentors and develops junior QA testing resources, imparts domain knowledge, and provides guidance through the testing process. Prepares testing strategy documents and …",IT Jobs,2025-03-25T12:42:53Z,154842.22,154842.22
"Account Executive, Purpose",Ketchum,"Grand Central, Manhattan","About Ketchum As a global communications consultancy with 100 years of experience, Ketchum is a trusted partner who is equal parts creative and analytical. Ketchum is a place where all perspectives and points of view are welcome and encouraged. We are a collection of communications specialists, content creators, creatives, researchers, data analysts, media pros, digital strategists, issues and crisis counselors, and tech nerds. And we love when those worlds collide to create the very best teams…","PR, Advertising & Marketing Jobs",2025-01-12T19:07:04Z,84263.77,84263.77
"Senior Data Scientist, Machine Learning, Offer Generation",Lyft,"Grand Central, Manhattan","At Lyft, our purpose is to serve and connect. To do this, we start with our own community by creating an open, inclusive, and diverse organization. Data Science is central to Lyft's products and decision-making. As a Data Scientist on the cross-functional team, you will work in a dynamic environment, tackling a variety of problems from shaping critical business decisions to building algorithms that power our products. We seek passionate, driven Data Scientists to address some of the most intere…",IT Jobs,2024-12-27T18:27:46Z,165613.2,165613.2
"Account Executive, Tech",Ketchum,"Grand Central, Manhattan","About Ketchum As a global communications consultancy with 100 years of experience, Ketchum is a trusted partner who is equal parts creative and analytical. Ketchum is a place where all perspectives and points of view are welcome and encouraged. We are a collection of communications specialists, content creators, creatives, researchers, data analysts, media pros, digital strategists, issues and crisis counselors, and tech nerds. And we love when those worlds collide to create the very best teams…","PR, Advertising & Marketing Jobs",2025-02-18T09:46:40Z,86004.91,86004.91
"Assistant Account Executive, Tech/AEM",Ketchum,"Grand Central, Manhattan","About Ketchum As a global communications consultancy with 100 years of experience, Ketchum is a trusted partner who is equal parts creative and analytical. Ketchum is a place where all perspectives and points of view are welcome and encouraged. We are a collection of communications specialists, content creators, creatives, researchers, data analysts, media pros, digital strategists, issues and crisis counselors, and tech nerds. And we love when those worlds collide to create the very best teams…","PR, Advertising & Marketing Jobs",2025-02-18T09:46:39Z,69158.12,69158.12
"Assistant Account Executive, Lifestyle",Ketchum,"Grand Central, Manhattan","About Ketchum As a global communications consultancy with 100 years of experience, Ketchum is a trusted partner who is equal parts creative and analytical. Ketchum is a place where all perspectives and points of view are welcome and encouraged. We are a collection of communications specialists, content creators, creatives, researchers, data analysts, media pros, digital strategists, issues and crisis counselors, and tech nerds. And we love when those worlds collide to create the very best teams…","PR, Advertising & Marketing Jobs",2025-03-05T09:47:44Z,66857.84,66857.84
Director of Business Operations,The Jacobson Group,"Northeast Bronx, Bronx","Job Description Job Description Job Description: Our client uses technology to prioritize human connection in everything they do. If you thrive on purpose and want to make a tangible difference in people’s lives when it matters most, this is the place for you. Join our client as they work toward becoming one of the top five life insurers in the U.S. We are seeking a dynamic, results-oriented leader to join the operations management team. You should have extensive experience in leading cross-fun…",IT Jobs,2025-04-20T13:53:52Z,190279.98,190279.98
Lead IT Project Manager (Data Flatforms/Azure focused),LHH Recruitment Solutions,"New York City, New York","Job Description Job Description LHH is working w/ a consulting company based in Manhattan that is looking to hire a Lead IT Project Manager who has strong focused in Data Platforms (Azure/Data Factories/Data Lakes/Power BI) for a 2 year project. The role will require 3 days onsite at their Manhattan office. Candidates can also sit in Princeton, NJ, but will need to work out of their office and be willing to come to Manhattan once a week. Candidates MUST be willing to work as a w2 employee of LH…",IT Jobs,2025-04-03T17:01:04Z,129957.83,129957.83
US Company is hiring: Senior Director National Video Operations in New York,US Company,"New York City, New York","Introducing Optimum Media. Driven by the power of Optimum, Optimum Media is our innovative multiscreen advertising sales and media consultancy business servicing small to medium business as well as national, political, media & entertainment and agency clients across the United States. Our team is comprised of Sales Executives, Software Engineers, Data Analysts, Ad Operations, Marketing Professionals, Product Managers and more. If you are tech-savvy, data-driven, client-focused, and solutions-or…",Consultancy Jobs,2025-03-14T07:04:01Z,116927.09,116927.09
Cheddar is hiring: Senior Director National Video Operations in New York,Cheddar,"New York City, New York","Introducing Optimum Media. Driven by the power of Optimum, Optimum Media is our innovative multiscreen advertising sales and media consultancy business servicing small to medium business as well as national, political, media & entertainment and agency clients across the United States. Our team is comprised of Sales Executives, Software Engineers, Data Analysts, Ad Operations, Marketing Professionals, Product Managers and more. If you are tech-savvy, data-driven, client-focused, and solutions-or…",Consultancy Jobs,2025-02-16T05:48:49Z,115628.56,115628.56
"Condé Nast is hiring: Senior Commerce Editor, CNT in New York",Condé Nast,"New York City, New York","Condé Nast is a global media company producing the highest quality content with a footprint of more than 1 billion consumers in 32 territories through print, digital, video and social platforms. The company’s portfolio includes many of the world’s most respected and influential media properties including Vogue, Vanity Fair, Glamour, Self, GQ, The New Yorker, Condé Nast Traveler/Traveller, Allure, AD, Bon Appétit and Wired, among others. Job Description Location: New York, NY CNT is looking for …","PR, Advertising & Marketing Jobs",2025-02-23T12:53:17Z,93683.88,93683.88
Senior Director National Video Operations Job at Cheddar in New York,Cheddar,"New York City, New York","Introducing Optimum Media. Driven by the power of Optimum, Optimum Media is our innovative multiscreen advertising sales and media consultancy business servicing small to medium business as well as national, political, media & entertainment and agency clients across the United States. Our team is comprised of Sales Executives, Software Engineers, Data Analysts, Ad Operations, Marketing Professionals, Product Managers and more. If you are tech-savvy, data-driven, client-focused, and solutions-or…",Consultancy Jobs,2025-02-16T05:48:48Z,107739.44,107739.44
"Senior Compliance Officer - Advisory, Index/Research, Data & Analytics",Bloomberg,"Grand Central, Manhattan","The energy of a newsroom, the pace of a trading floor, the buzz of a recent tech breakthrough; we work hard, and we work fast - while keeping up the quality and accuracy we're known for. It's what keeps us inventing and reinventing, all the time. Our culture is wide open like our spaces. We bring out the best in each other through collaboration. Through our countless volunteer projects, we also help network with the communities around us, too. You can do amazing work here. Work you couldn't do …",Accounting & Finance Jobs,2025-03-11T10:44:00Z,82882.25,82882.25
Senior Product Services & Management Analyst - Epic Bridges/Data Courier,Northwell Health,"Melville, Suffolk County","Req Number 155216 Job Description Supports and enhances products on larger, more complex or multiple products for enterprise resource planning, budgeting, data warehousing, and financial reporting. Collaborates with Finance and vendors to ensure products and solutions are properly supported. Provides support to ensure all products are functioning optimally, data integrity is intact and financial reports are in alignment with are produced timely and accurately. Participates in implementing or en…",IT Jobs,2025-04-16T10:57:01Z,116814.73,116814.73
Senior Product Services & Management Analyst - Epic Bridges/Data Courier,Northwell Health,"Staten Island, New York City","Description Job Description Supports and enhances products on larger, more complex or multiple products for enterprise resource planning, budgeting, data warehousing, and financial reporting. Collaborates with Finance and vendors to ensure products and solutions are properly supported. Provides support to ensure all products are functioning optimally, data integrity is intact and financial reports are in alignment with are produced timely and accurately. Participates in implementing or enhancin…",IT Jobs,2025-04-18T02:46:27Z,112828.59,112828.59
"Manager, Data Engineering",Rockstar Games,"Manhattan, New York City","At Rockstar Games, we create world-class entertainment experiences. Become part of a team working on some of the most rewarding, large-scale creative projects to be found in any entertainment medium - all within an inclusive, highly-motivated environment where you can learn and collaborate with some of the most talented people in the industry. Rockstar is seeking a Manager, Data Engineering to join a team focused on building cutting-edge experience in our games. The ideal candidate will be skil…",Engineering Jobs,2024-12-13T14:31:44Z,139100.0,194700.0
Senior Data Engineer,Rockstar Games,"Manhattan, New York City","At Rockstar Games, we create world-class entertainment experiences. Become part of a team working on some of the most rewarding, large-scale creative projects to be found in any entertainment medium - all within an inclusive, highly-motivated environment where you can learn and collaborate with some of the most talented people in the industry. Rockstar is seeking a Senior Data Engineer to join a team focused on building a cutting-edge game analytics platform and tools to better understand our p…",Engineering Jobs,2025-03-10T22:37:03Z,121400.0,161800.0
"Senior Manager, Media Buyer",Charlotte Tilbury,"Canal Street, Manhattan",Job Description Charlotte Tilbury is seeking a talented Lead Media Planner to join our dynamic team. The ideal candidate will have extensive experience in media planning with ecommerce vendor platforms. Job Duties Include: Full funnel media buying and bidding management to drive overall US Brand awareness. Management of Charlotte Tilbury's audience segmentation strategy Responsible for Data Clean Room integration to ensure clear separation of new audiences to Charlotte Tilbury. Budget managemen…,"PR, Advertising & Marketing Jobs",2025-04-07T18:51:24Z,150000.0,160000.0
Databricks & Azure Data Platform Principal Engineer,Axiom Software Solutions Limited,"Jersey City, Hudson County","A senior technical expert responsible for designing, building, and optimizing data solutions using Databricks and Azure Data technologies. This principal engineer oversees the architecture, integration, design, development and deployment of reusable patterns and solutions ensuring that they are scalable, secure and efficient. Also, responsible for managing the platform effectively with automation and leverage emerging capabilities in the marketplace. It requires proven experience of working wit…",IT Jobs,2025-03-07T11:09:22Z,279768.44,279768.44
Corporate Compliance Analyst,"Interstate Waste Services, Inc.","Teaneck, Bergen County","Overview Interstate Waste Services is the most progressive and innovative provider of solid waste and recycling services in the country We primarily service Northern New Jersey, Southern New York State, New York City, with a landfill located in Ohio, where we also own and operate a state-of-the-art rail-served landfill. We cater to a diverse range of residential, industrial, and commercial customers. Our mission has always been to provide our customers with the highest quality waste, recycling,…",Logistics & Warehouse Jobs,2025-03-12T11:33:28Z,78722.59,78722.59
Product Operations Manager,Meta,"Grand Central, Manhattan",Summary: Meta is seeking a Product Operations Manager to join the Product Operations team. Our mission is to be the experts on functional quality to improve how product teams' resolve user issues. Our vision is that every user interaction should work well. Those who join our team are passionate about solving user issues and are advocates for the Meta community. We need influencers who can align our engineering customers and cross-functional partners to ensure the best possible experience for ou…,IT Jobs,2025-03-11T10:40:03Z,129736.91,129736.91
"Senior Manager, Credit Risk",Current,"New York City, New York","SENIOR MANAGER, CREDIT RISK Current is a leading consumer fintech platform transforming financial access for everyday Americans with over five million members. We provide access to financial solutions that seamlessly work together to solve the needs of our members and enable all Americans to build better financial futures. Based in NYC, our results-driven environment drives us to build better products, grow faster and empower everyone on our team to have an impact on our business and mission to…",Accounting & Finance Jobs,2025-02-16T09:17:17Z,180000.0,250000.0
Senior Manager Supply Chain Planning,Kering Beauté Americas,"Gramercy Park and Murray Hill, Manhattan","POSITION: Senior Manager, Supply Chain Planning REPORTS TO: Head of Operations FLSA: Exempt LOCATION: New York, NY (hybrid) Welcome to Kering Beaut é – Established in 2023, Kering Beauté aims to create value for the Group and its Houses. In June 2023, Kering Beauté announced that it had signed an agreement to acquire historic high-end fragrance house Creed; founded in 1760 it is known for its distinctive collections of timeless and sophisticated perfumes, including the iconic Aventus . This acq…",Logistics & Warehouse Jobs,2025-04-13T02:03:39Z,100000.0,115000.0
Research Business Specialist,Hackensack Meridian Health,"Hackensack, Bergen County","Our team members are the heart of what makes us better. At Hackensack Meridian Health we help our patients live better, healthier lives — and we help one another to succeed. With a culture rooted in connection and collaboration, our employees are team members. Here, competitive benefits are just the beginning. It’s also about how we support one another and how we show up for our community. Together, we keep getting better - advancing our mission to transform healthcare and serve as a leader of …",Healthcare & Nursing Jobs,2024-11-15T10:49:55Z,54380.71,54380.71
BI Engineer,Talkiatry,"New York City, New York","The Data Team with its multiple streams is proud to have a synergistic group that enjoys working together. We value open communication, continuous improvement, and collaboration. We pursue impactful growth for our internal stakeholders, providers, and patients.We are looking for a BI Engineer who is collaborative, analytical, and eager to contribute in a fast-paced environment. You will support and enhance our data infrastructure, contribute to data-driven solutions, and provide valuable insigh…",IT Jobs,2025-04-16T19:23:10Z,120000.0,150000.0
"Workforce Analyst, Mission Control Analytics",Meta,"Grand Central, Manhattan","Summary: At Meta, Mission Control plays a critical role in driving business success by efficiently integrating financial plans, business priorities, and workforce strategies into operational plans. As trusted partners, Mission Control is committed to seamlessly executing Meta's workforce plans in alignment with the strategies defined by our stakeholders, policy-makers, and executive leadership. The Analytics team collaborates with a variety of XFN partners to develop a data driven strategy to s…",IT Jobs,2024-09-11T16:17:01Z,86879.49,86879.49
Data Engineer,MotherDuck,"New York City, New York","About MotherDuck Don’t let the quirky name fool you We’re on a mission to radically transform the data analyst user experience. We think we can empower and delight analysts using a novel cloud architecture built on top of DuckDB, an open source foundation with a vibrant community. Our team is a diverse mix of passionate, collaborative and empathetic data industry veterans from Google, Amazon, Meta, Snowflake, SingleStore, Databricks, and the like. What you will do We’re looking for a talented D…",IT Jobs,2025-03-31T22:52:43Z,149102.44,149102.44
moomoo is hiring: Strategic Influencer Business Development Manager in Jersey Ci,moomoo,"Jersey City, Hudson County","About Futu US Inc. Futu US Inc. stands at the forefront of financial services, housing two SEC registered broker-dealers alongside a cryptocurrency brokerage - all operating under the reputable wing of Futu Holdings Limited (Nasdaq: FUTU). Our core mission revolves around innovating the investing landscape through a digitized brokerage and wealth management platform that's designed to elevate the investment experience. Here's a closer look at our key entities: Futu Clearing Inc.: An SEC registe…","PR, Advertising & Marketing Jobs",2025-03-01T06:14:44Z,83575.98,83575.98
Measurement Partner,Samba TV,"New York City, New York","Samba TV tracks streaming and broadcast video across the world with our proprietary data and technology. We are on a mission to fundamentally transform the viewing experience for everyone. Our data enables media companies to connect with audiences for new shows and movies, and enables advertisers to engage viewers and measure reach across all their devices. We have an amazing story with a unique perspective on culture formed by a global footprint of data and AI-driven insights. We are looking f…","PR, Advertising & Marketing Jobs",2025-01-01T08:02:44Z,95000.0,120000.0
"Workforce Analyst, Mission Control Analytics",Meta,"Grand Central, Manhattan","Summary: Mission Control plays a critical role in driving business success by efficiently integrating financial plans, business priorities, and workforce strategies into operational plans. As trusted partners, Mission Control is committed to seamlessly executing Meta's workforce plans in alignment with the strategies defined by our stakeholders, policy-makers, and executive leadership. The Analytics team collaborates with a variety of XFN partners to develop a data driven strategy to supplement…",IT Jobs,2025-03-06T09:39:00Z,93908.59,93908.59
"Executive Vice President, North America Growth",Ketchum,"Grand Central, Manhattan","About Ketchum As a global communications consultancy with 100 years of experience, Ketchum is a trusted partner who is equal parts creative and analytical. Ketchum is a place where all perspectives and points of view are welcome and encouraged. We are a collection of communications specialists, content creators, creatives, researchers, data analysts, media pros, digital strategists, issues and crisis counselors, and tech nerds. And we love when those worlds collide to create the very best teams…","PR, Advertising & Marketing Jobs",2025-03-05T09:47:44Z,154431.5,154431.5
Analytics Director,BGB Group,"New York City, New York","BGB Group Analytics Director Our Agency BGB is a healthcare communications agency that offers a wide range of services, including traditional pharmaceutical advertising, promotional medical education, payer marketing, and consulting services. Known for excellence and professionalism, we’re hired as strategic and creative partners by our biopharmaceutical clients to drive category/brand awareness and growth. Position Overview BGB Group is seeking an Analytics Director to lead data-driven decisio…","PR, Advertising & Marketing Jobs",2025-03-22T21:09:27Z,130000.0,170000.0
BRONX HEALTH COLLECTIVE - PRIMARY CARE,Montefiore Medical Center,"Bronx, New York City","A mission driven, innovative federally qualified health center (FQHC) located in the South Bronx is seeking a full-time Family, Internal Medicine, or Medicine-Pediatrics Physician to join our team serving children, adolescents, and adults. The Bronx Health Collective (BHC) is a program of Montefiore Medical Center, affiliated with Albert Einstein College of Medicine, and committed to providing high-quality, comprehensive, and compassionate health care . Our beautifully designed and technologica…",Healthcare & Nursing Jobs,2023-11-21T07:11:02Z,126612.2,126612.2
"Principal Consultant, Business Intelligence – I",Genpact ,"New York City, New York","Genpact (NYSE\: G) is a global professional services and solutions firm delivering outcomes that shape the future. Our 125,000 people across 30 countries are driven by our innate curiosity, entrepreneurial agility, and desire to create lasting value for clients. Powered by our purpose – the relentless pursuit of a world that works better for people – we serve and transform leading enterprises, including the Fortune Global 500, with our deep business and industry knowledge, digital operations se…",IT Jobs,2025-04-12T02:54:53Z,170373.0,178891.0
Art Director,Ketchum,"Grand Central, Manhattan","About Ketchum As a global communications consultancy with 100 years of experience, Ketchum is a trusted partner who is equal parts creative and analytical. Ketchum is a place where all perspectives and points of view are welcome and encouraged. We are a collection of communications specialists, content creators, creatives, researchers, data analysts, media pros, digital strategists, issues and crisis counselors, and tech nerds. And we love when those worlds collide to create the very best teams…",Creative & Design Jobs,2025-02-18T09:46:39Z,101984.84,101984.84
"Senior Product Designer, International Buyer Experience",Etsy,"Brooklyn, New York City","Company Description Etsy is the global marketplace for unique and creative goods. We build, power, and evolve the tools and technologies that connect millions of entrepreneurs with millions of buyers around the world. As an Etsy Inc. employee , whether a team member of Etsy, Reverb, or Depop, you will tackle unique, meaningful, and large-scale problems alongside passionate coworkers, all the while making a rewarding impact and Keeping Commerce Human. Salary Range: $141,000.00 - $183,000.00 What…",Creative & Design Jobs,2025-01-10T08:53:03Z,141000.0,183000.0
Strategic Influencer Business Development Manager Job at moomoo in Jersey City,moomoo,"Jersey City, Hudson County","About Futu US Inc. Futu US Inc. stands at the forefront of financial services, housing two SEC registered broker-dealers alongside a cryptocurrency brokerage - all operating under the reputable wing of Futu Holdings Limited (Nasdaq: FUTU). Our core mission revolves around innovating the investing landscape through a digitized brokerage and wealth management platform that's designed to elevate the investment experience. Here's a closer look at our key entities: Futu Clearing Inc.: An SEC registe…","PR, Advertising & Marketing Jobs",2025-02-12T07:12:15Z,75845.02,75845.02
Assistant Account Executive,RAPP,"New York City, New York","RAPP New York is looking for a Junior Account Executive to join our award-winning Account Leadership team. WHO WE ARE: We are RAPP – world leaders in activating growth with precision and empathy at scale. As a global, next-generation precision marketing agency we leverage data, creativity, technology, and empathy to foster client growth. We champion individuality in the marketing solutions we create, and in our workplace. We fight for solutions that adapt to the individual’s needs, beliefs, beh…","PR, Advertising & Marketing Jobs",2025-03-23T14:16:04Z,50000.0,60000.0
Strategic Influencer Business Development Manager Job at moomoo in Jersey City,moomoo,"Jersey City, Hudson County","Job Description Job Description About Futu US Inc. Futu US Inc. stands at the forefront of financial services, housing two SEC registered broker-dealers alongside a cryptocurrency brokerage — all operating under the reputable wing of Futu Holdings Limited (Nasdaq: FUTU). Our core mission revolves around innovating the investing landscape through a digitized brokerage and wealth management platform that's designed to elevate the investment experience. Here's a closer look at our key entities: Fu…","PR, Advertising & Marketing Jobs",2025-04-13T15:31:59Z,75688.01,75688.01
Associate Product Designer - With an Eye for Illustration,UncommonGoods,"New York City, New York","You've got a sketchbook full of ideas and the skills to bring them to life. You obsess over line weight, color palettes, and how things feel-and we love you for it. At Uncommon Goods, we design products that surprise and delight-and we're looking for an Associate Product Designer with a strong illustration background to help us bring original concepts to life. You'll work closely with our Senior Designer and Merchandising teams to ideate, sketch, prototype, and refine products that look good an…","PR, Advertising & Marketing Jobs",2025-04-20T15:30:23Z,84339.18,84339.18
Moomoo US is hiring: Strategic Influencer Business Development Manager in Jersey,Moomoo US,"Jersey City, Hudson County","Strategic Influencer Business Development Manager Moomoo US Jersey City, United States About Futu US Inc. Futu US Inc. stands at the forefront of financial services, housing two SEC registered broker-dealers alongside a cryptocurrency brokerage — all operating under the reputable wing of Futu Holdings Limited (Nasdaq: FUTU). Our core mission revolves around innovating the investing landscape through a digitized brokerage and wealth management platform that's designed to elevate the investment e…",Sales Jobs,2025-03-30T15:17:11Z,79994.48,79994.48
"Senior Associate, Data Engineer",New York Life Insurance Co,"New York City, New York","Job Requisition ID: 91765 Location Designation: Fully Onsite Location : 51 Madison Avenue, New York, New York 10010, position allows telecommute option. Offered Wage : $170,373.00/year Duties : Support Software Developers, Database Architects, Data Analysts, and Data Scientists related to data initiatives and ensures data design and delivery is consistent for business and technical efforts. Identify, design, and implement internal process improvements for greater scalability, optimize data deli…",IT Jobs,2025-04-09T22:02:40Z,96503.36,96503.36
Senior Data Scientist - Business Systems,MongoDB,"Grand Central, Manhattan","MongoDB's mission is to empower innovators to create, transform, and disrupt industries by unleashing the power of software and data. We enable organizations of all sizes to easily build, scale, and run modern applications by helping them modernize legacy workloads, embrace innovation, and unleash AI. Our industry-leading developer data platform, MongoDB Atlas, is the only globally distributed, multi-cloud database and is available in more than 115 regions across AWS, Google Cloud, and Microsof…",IT Jobs,2025-04-01T11:18:37Z,182317.23,182317.23
"Head of Data & AI, Corporate Functions",Guardian Life,"Grand Central, Manhattan","Every day, Guardian helps our 29 million customers realize their dreams through a range of insurance and financial products and services. Our Purpose, to inspire well-being, guides our dedication to the colleagues, consumers, and communities we serve. We know that people count, and we go above and beyond to prepare them for the life they want to live, focusing on their overall well-being - mind, body, and wallet. As one of the largest mutual insurance companies, we put our customers first. Behi…",IT Jobs,2025-02-11T18:55:43Z,124057.73,124057.73
Data Engineer Professional - Client and Innovation,Apollo Management Holdings,"New York City, New York","Position Overview At Apollo, we’re a global team of alternative investment managers passionate about delivering uncommon value to our investors and shareholders. With over 30 years of proven expertise across Private Equity, Credit and Real Estate, regions and industries, we’re known for our integrated businesses, our strong investment performance, our value-oriented philosophy – and our people. As a Lead Data Engineer on our growing team, you’ll play a critical role in building and maintaining …",IT Jobs,2025-04-06T01:15:44Z,140000.0,205000.0
Analyst - Cloud Cost Optimization,Maximus,"New York City, New York","Description & Requirements The Cloud Cost Optimization Analyst ensures cloud activities are undertaken in a fiscally responsible manner, partnering with stakeholders and engineering teams to maximize savings and optimize cloud environments. We're looking for a data-driven analyst to join our team and become the advocate of responsible cloud spending. This person will play a critical role in optimizing our multi-cloud environment, root out wasteful spending, track optimizations to completion, an…",IT Jobs,2025-04-04T01:19:41Z,103802.7,103802.7
Analyst - Cloud Cost Optimization,Maximus,"Flushing, Queens","Description & Requirements The Cloud Cost Optimization Analyst ensures cloud activities are undertaken in a fiscally responsible manner, partnering with stakeholders and engineering teams to maximize savings and optimize cloud environments. We're looking for a data-driven analyst to join our team and become the advocate of responsible cloud spending. This person will play a critical role in optimizing our multi-cloud environment, root out wasteful spending, track optimizations to completion, an…",IT Jobs,2025-04-04T01:22:18Z,99149.12,99149.12
Analyst - Cloud Cost Optimization,Maximus,"Long Island City, Queens","Description & Requirements The Cloud Cost Optimization Analyst ensures cloud activities are undertaken in a fiscally responsible manner, partnering with stakeholders and engineering teams to maximize savings and optimize cloud environments. We're looking for a data-driven analyst to join our team and become the advocate of responsible cloud spending. This person will play a critical role in optimizing our multi-cloud environment, root out wasteful spending, track optimizations to completion, an…",IT Jobs,2025-04-04T01:22:18Z,103432.33,103432.33
SOLVE(D) | An IPG Health Company is hiring: Media Buyer in New York,SOLVE | An IPG Health Company,"New York City, New York","SOLVE(D) | An IPG Health Company provided pay range This range is provided by SOLVE(D) | An IPG Health Company. Your actual pay will be based on your skills and experience — talk with your recruiter to learn more. Base pay range $60,000.00/yr - $80,000.00/yr JOB SUMMARY: The Media Buyer works day-to-day on their assigned brands and is expected to support the outputs and deliverables as directed by their managers. The Buyer must understand the client’s brand and marketing objectives and steward …","PR, Advertising & Marketing Jobs",2025-02-12T07:11:31Z,62937.0,62937.0
Compliance Analyst - Operations,"Interstate Waste Services, Inc.","Tyler Park, Hudson County","Overview Interstate Waste Services is the most progressive and innovative provider of solid waste and recycling services in the country We primarily service Northern New Jersey, Southern New York State, New York City, with a landfill located in Ohio, where we also own and operate a state-of-the-art rail-served landfill. We cater to a diverse range of residential, industrial, and commercial customers. Our mission has always been to provide our customers with the highest quality waste, recycling,…",Logistics & Warehouse Jobs,2025-01-10T18:46:10Z,70555.23,70555.23
"Associate Director, Securitization Product Manager/Business Analyst",0000050176 RBC Capital Markets,"Jersey City, Hudson County","Job Summary Job Description What is the opportunity? The role is for a Senior Technical Business Analyst (Associate Director level) within Client, Banking, Digital, and Data Technology (CBDDT) Team within RBC Capital Markets The individual in this role will work closely with members of Securitization Financing team (part of Global Markets) located in Wilmington, Delaware. This is a hybrid role, and the expectation is that this individual will be able to come into the Wilmington office on weekly…",IT Jobs,2025-04-10T01:25:53Z,110000.0,190000.0
Product Designer,Gecko Robotics,"New York City, New York","What We Do Gecko Robotics is helping the world’s most important organizations ensure the availability, reliability, and sustainability of critical infrastructure. Gecko's complete and connected solutions combine wall-climbing robots, industry-leading sensors, and an AI-powered data platform to provide customers with a unique window into the current and future health of their physical assets. This enables real-time decision making to increase the efficiency and safety of operations, promote miss…",Engineering Jobs,2025-03-18T20:34:46Z,109149.66,109149.66
Senior Data Scientist - New York City,Aircall,"New York City, New York","Aircall is the world’s leading integrated customer communications and intelligence platform for growing businesses. Trusted by over 20,000 companies worldwide, Aircall unifies voice and digital channels into one seamless platform, offering one-click integrations with leading CRMs and over 100 business tools. With real-time, AI-powered insights and feedback, AI agents, and automation, we help sales and support teams save time on routine tasks, uncover opportunities, and deliver exceptional custo…",IT Jobs,2024-10-05T09:59:28Z,215791.16,215791.16
Medical Director (Marketplace),Molina Healthcare,"New York City, New York","JOB DESCRIPTION Job Summary Responsible for serving as the primary liaison between administration and medical staff. Assures the ongoing development and implementation of policies and procedures that guide and support the provisions of medical staff services. Maintains a working knowledge of applicable national, state, and local laws and regulatory requirements affecting the medical and clinical staff. Job Duties - Provides medical oversight and expertise in appropriateness and medical necessit…",Healthcare & Nursing Jobs,2025-04-15T10:54:35Z,142102.86,142102.86
Medical Director (Marketplace),Molina Healthcare,"Grand Central, Manhattan","JOB DESCRIPTION Job Summary Responsible for serving as the primary liaison between administration and medical staff. Assures the ongoing development and implementation of policies and procedures that guide and support the provisions of medical staff services. Maintains a working knowledge of applicable national, state, and local laws and regulatory requirements affecting the medical and clinical staff. Job Duties - Provides medical oversight and expertise in appropriateness and medical necessit…",Healthcare & Nursing Jobs,2025-04-15T10:54:34Z,139027.27,139027.27
"Senior Manager, Search",Ketchum,"Grand Central, Manhattan","About Ketchum As a global communications consultancy with 100 years of experience, Ketchum is a trusted partner who is equal parts creative and analytical. Ketchum is a place where all perspectives and points of view are welcome and encouraged. We are a collection of communications specialists, content creators, creatives, researchers, data analysts, media pros, digital strategists, issues and crisis counselors, and tech nerds. And we love when those worlds collide to create the very best teams…","PR, Advertising & Marketing Jobs",2025-04-17T10:55:51Z,120513.87,120513.87
Senior Product Manager,Brigit,"New York City, New York","Hi, we're Brigit A holistic financial health company helping everyday Americans build a brighter financial future. With a business model that is aligned with our customers, we create transparent, fair, and simple financial products that put money back in the hands of our members, help them spend wisely, avoid unfair fees and build their credit quickly. If autonomy, ownership, and having meaningful input at the company you work for is important to you, come join our growing team Brigit is doing …",IT Jobs,2025-02-08T10:30:38Z,140000.0,195000.0
Data Scientist,Everytown for Gun Safety Support Fund,"Grand Central, Manhattan","Everytown for Gun Safety, the nation’s largest gun violence prevention advocacy group, is seeking a Data Scientist. The Everytown Research Department studies how gun violence occurs in America and identifies the best policies and interventions to prevent and address it. In this role, the Data Scientist will need to understand and communicate about the various types of gun violence, who it impacts, and how it impacts different communities and populations differently. You must be committed to add…",Scientific & QA Jobs,2025-04-04T20:10:20Z,85000.0,95000.0
"Manager, Data and Insights, Marketing",The New York Times,"New York City, New York","The mission of The New York Times is to seek the truth and help people understand the world. That means independent journalism is at the heart of all we do as a company. It’s why we have a world-renowned newsroom that sends journalists to report on the ground from nearly 160 countries. It’s why we focus deeply on how our readers will experience our journalism, from print to audio to a world-class digital and app destination. And it’s why our business strategy centers on making journalism so goo…","PR, Advertising & Marketing Jobs",2025-02-19T19:37:09Z,120000.0,135000.0
Medical Director Specialty Medical Services & Medicaid Perf.,Molina Healthcare,"New York City, New York","JOB DESCRIPTION Job Summary The Medical Director for Specialty Medical Services & Market Performance will provide clinical expertise and support to the enterprise. Primary responsibilities will include specialized medical necessity reviews and/or appeals and supporting market performance. Performance activities include physician auditing, training, and performance improvement activities. Additionally, they will serve as subject matter experts in other areas of the organization for their area of…",Healthcare & Nursing Jobs,2025-04-10T12:06:03Z,147257.58,147257.58
"Account Supervisor, Issues & Crisis",Ketchum,"Grand Central, Manhattan","About Ketchum As a global communications consultancy with 100 years of experience, Ketchum is a trusted partner who is equal parts creative and analytical. Ketchum is a place where all perspectives and points of view are welcome and encouraged. We are a collection of communications specialists, content creators, creatives, researchers, data analysts, media pros, digital strategists, issues and crisis counselors, and tech nerds. And we love when those worlds collide to create the very best teams…","PR, Advertising & Marketing Jobs",2025-04-10T12:05:53Z,83087.7,83087.7
Bloomberg Intelligence - Fintech & Payments Equity Research Associate,Bloomberg,"Grand Central, Manhattan","Bloomberg Intelligence - BI Associate Analyst - Fintech & Payments Bloomberg Intelligence (BI) research delivers an independent perspective providing interactive data and research across industries and global markets, plus insights into company fundamentals. The BI team of 500 research professionals is here to help clients make more informed decisions in the rapidly moving investment landscape. BI's coverage spans all major global markets, more than 135 industries and 2,000 companies, while con…",Accounting & Finance Jobs,2025-04-18T10:54:51Z,93495.73,93495.73
Internal Auditor - Investment Management,Neuberger Berman,"New York City, New York","Neuberger Berman delivers comprehensive investment management products and services to a broad base of clients, from individuals to mid-sized businesses to large institutional investors. This includes separately managed institutional accounts, private wealth management services, 40 Act Mutual Funds, UCITS Funds, and Private Funds. Investment management strategies and products cover a spectrum of traditional and alternative asset classes and risk/return profiles. As an Internal Auditor, you will…",Accounting & Finance Jobs,2025-03-21T23:12:52Z,110000.0,145000.0
Mental Health Clinician,Scismic,"New York City, New York","Scismic is supporting the growth of a non-profit corporation founded in 1973 and committed to the mental and physical wellbeing of vulnerable New Yorkers. If you are interested in being part of an interdisciplinary team and doing mission-driven and impactful work, please apply Job Overview: The Licensed Mental Health Professional will play a pivotal role on one of Governor’s newly launched innovative Safe Options Support (SOS) teams, that will provide comprehensive care to street homeless or su…",Healthcare & Nursing Jobs,2024-09-20T09:51:28Z,68900.12,68900.12
"Account Executive, Influence",Ketchum,"Grand Central, Manhattan","About Ketchum As a global communications consultancy with 100 years of experience, Ketchum is a trusted partner who is equal parts creative and analytical. Ketchum is a place where all perspectives and points of view are welcome and encouraged. We are a collection of communications specialists, content creators, creatives, researchers, data analysts, media pros, digital strategists, issues and crisis counselors, and tech nerds. And we love when those worlds collide to create the very best teams…","PR, Advertising & Marketing Jobs",2025-02-18T09:46:38Z,90603.96,90603.96
"Account Executive, CPG",Ketchum,"Grand Central, Manhattan","About Ketchum As a global communications consultancy with 100 years of experience, Ketchum is a trusted partner who is equal parts creative and analytical. Ketchum is a place where all perspectives and points of view are welcome and encouraged. We are a collection of communications specialists, content creators, creatives, researchers, data analysts, media pros, digital strategists, issues and crisis counselors, and tech nerds. And we love when those worlds collide to create the very best teams…","PR, Advertising & Marketing Jobs",2025-03-05T09:47:46Z,96114.29,96114.29
"FinTech Analyst - Discounts, Gift Cards, Chargebacks & Refunds",StubHub,"New York City, New York","StubHub is on a mission to redefine the live event experience on a global scale. Whether someone is looking to attend their first event or their hundredth, we’re here to delight them all the way from the moment they start looking for a ticket until they step through the gate. The same goes for our sellers. From fans selling a single ticket to the promoters of a worldwide stadium tour, we want StubHub to be the safest, most convenient way to offer a ticket to the millions of fans who browse our …",Accounting & Finance Jobs,2025-04-10T03:09:18Z,100000.0,120000.0
SQL Developer,Public Health Solutions,"Astoria, Queens","Company Overview: With an annual budget of $2.3 billion and more than 7,000 employees throughout the five boroughs, the New York City Department of Health and Mental Hygiene (NYC DOHMH) is one of the largest public health agencies in the world, serving 8 million New Yorkers from diverse ethnic and cultural backgrounds. We're tackling a broad range of public health issues with innovative policies and programs and getting exceptional results, but our work is never finished. The breadth of our inn…",IT Jobs,2024-10-10T09:26:05Z,103000.0,103000.0
Associate Buyer,Uncommon Goods,"Brooklyn, New York City","About the Role As an Associate Buyer of Art you will be responsible for driving growth through commercially successful products and expanding our reach in the design community through innovative partnerships. Buyers are entrepreneurial business drivers and self-starters who can create structure and work independently with limited supervision. We are always in search of the next great uncommon good, and are passionate about the people and the products we work with. About You You are persistent i…","PR, Advertising & Marketing Jobs",2025-04-14T22:05:10Z,68000.0,80000.0
CRM Product Manager - Salesforce,Neuberger Berman,"New York City, New York","We are looking for an experienced Product Manager to own the Salesforce.com platform supporting our Global Institutional and Intermediary (Retail) business lines. The platform is used by 700 staff across sales, client services, marketing, management, and analytics teams. The CRM Product Manager will be responsible for the continual evolution, support, and promotion of the CRM platform to drive commercial outcomes for these teams and the firm. Responsibilities : Build and maintain relationships …",IT Jobs,2025-04-15T20:22:24Z,130000.0,170000.0
"Ketchum is hiring: Vice President, Creative Director (Copy) in New York",Ketchum,"New York City, New York","Ketchum is looking for a VP, Copywriter to join their team This individual will work with colleagues to develop writing and editing content. Assignments will vary from the simplest news stories to more challenging assignments. About the Job Create / concept, inspire and execute great work, including content, campaigns, experiences, presentations and activations Provide strategic and aesthetic oversight, directing the execution of all creative efforts to ensure they are on strategy, on budget, a…","PR, Advertising & Marketing Jobs",2025-04-17T15:37:07Z,200215.88,200215.88
"Vice President, Creative Director (Copy)",Ketchum,"New York City, New York","Ketchum is looking for a VP, Copywriter to join their team Find out more about the daily tasks, overall responsibilities, and required experience for this opportunity by scrolling down now. This individual will work with colleagues to develop writing and editing content. Assignments will vary from the simplest news stories to more challenging assignments. About the Job Create / concept, inspire and execute great work, including content, campaigns, experiences, presentations and activations Prov…","PR, Advertising & Marketing Jobs",2025-04-17T15:37:32Z,196532.0,196532.0
Professional Development Specialist-IM,SourcePro Search,"New York City, New York","SourcePro Search has a fantastic opportunity for an experienced Professional Development Specialist-IM with our large law firm client. This role be based from the the NYC or Roseland NJ office. The IM Professional Development Specialist (the “Specialist”) is responsible for helping to ensure that professional development best practices, initiatives, and programming are integrated into the Investment Management Group (the “Group”) in order to help develop, engage and retain IM Associates and Cou…",Accounting & Finance Jobs,2024-08-07T08:01:45Z,85943.91,85943.91
"Data Product Manager (FinTech, Lending and Capital Markets)",Cross River,"Fort Lee, Bergen County","Who We Are Cross River is a highly profitable, fast-growing financial technology company powering the future of financial services. Our comprehensive suite of innovative and scalable embedded payments, cards, and lending products deliver financial services for millions of businesses and consumers around the globe. Cross River is backed by leading investors and serves the world’s most essential fintech and technology companies. Together with its partners, Cross River is reshaping global finance …",IT Jobs,2024-11-03T06:58:21Z,150000.0,180000.0
"Senior Account Executive, Lifestyle",Ketchum,"Grand Central, Manhattan","About Ketchum As a global communications consultancy with 100 years of experience, Ketchum is a trusted partner who is equal parts creative and analytical. Ketchum is a place where all perspectives and points of view are welcome and encouraged. We are a collection of communications specialists, content creators, creatives, researchers, data analysts, media pros, digital strategists, issues and crisis counselors, and tech nerds. And we love when those worlds collide to create the very best teams…","PR, Advertising & Marketing Jobs",2025-03-05T09:47:48Z,79469.05,79469.05
BRONX HEALTH COLLECTIVE MEDICAL DIRECTOR,Montefiore Medical Center,"Bronx, New York City","A mission driven, innovative federally qualified health center (FQHC) located in the South Bronx is seeking a full-time Family, Internal Medicine or Medicine-Pediatrics physician to join our team and provide leadership for adult and family medicine providers working at our FQHCs and at mobile and shelter sites for families experience homelessness. Responsibilities will include oversight of clinical services including quality, productivity, and optimization of care models to respond to patient a…",Healthcare & Nursing Jobs,2023-11-21T07:11:07Z,132258.4,132258.4
Medical Director Specialty Medical Services & Medicaid Perf.,Molina Healthcare,"Grand Central, Manhattan","JOB DESCRIPTION Job Summary The Medical Director for Specialty Medical Services & Market Performance will provide clinical expertise and support to the enterprise. Primary responsibilities will include specialized medical necessity reviews and/or appeals and supporting market performance. Performance activities include physician auditing, training, and performance improvement activities. Additionally, they will serve as subject matter experts in other areas of the organization for their area of…",Healthcare & Nursing Jobs,2025-04-15T10:54:29Z,144071.11,144071.11
HR Coordinator - Faculty Research and CLT Staff Services (aHEO),CUNY,"Grand Central, Manhattan","HR Coordinator - Faculty Research and CLT Staff Services (aHEO) POSITION DETAILS This position will report to the HR Associate Director for Teaching Instructional, CLT, Graduate Assistant and Research Staff· Services at The City College of New York. In addition to the CUNY Title Overview, the HR Coordinator will be responsible for the following: - Coordinate recruitment and onboarding processes including job postings in the CUNY Talent Acquisition Management module, advertise postings in extern…",HR & Recruitment Jobs,2024-05-05T17:34:29Z,72620.09,72620.09
"Director, Analytics",Capital Rx,"New York City, New York","Location: Hybrid (Local to NYC area) Position Summary: We are seeking a highly technical and strategic Director of Analytics to lead our growing analytics team. This role requires deep expertise in data analysis, reporting frameworks, and coding best practices. The ideal candidate will have a strong background in managing and mentoring large teams, prioritizing business-critical requests, and establishing a scalable data foundation to support business decisions. With more than 8 years of experi…",IT Jobs,2025-04-13T00:43:23Z,145000.0,175000.0
Debtwire North American Legal Analyst/Senior Legal Analyst,ION Group,"New York City, New York","The Role: Debtwire is seeking a financial restructuring lawyer with a minimum of five years of experience in the restructuring group at a law firm to join our team as a Senior Legal Analyst. In this role you will write articles that analyze complex legal issues concerning both in-court and out-of-court restructurings (including liability management transactions) for our diverse and sophisticated clients, which include hedge funds, asset managers, banks, law firms and financial advisors. Attenti…",Legal Jobs,2025-04-13T19:48:31Z,180000.0,220000.0
Health Information Scanning Analyst - Full Time,Hackensack Meridian Health,"Hackensack, Bergen County","Health Information Scanning Analyst - Full TimeHMH HOSPITALS CORPORATIONHackensack, New Jersey Apply (https://careers-hackensackmeridianhealth.icims.com/jobs/159876/login) - Requisition  2025-159876 - Shift Day - Status Full Time with Benefits Overview Our team members are the heart of what makes us better. At Hackensack Meridian Health we help our patients live better, healthier lives - and we help one another to succeed. With a culture rooted in connection and collaboration, our employees are…",Healthcare & Nursing Jobs,2025-04-03T12:06:39Z,41664.29,41664.29
Health Information Scanning Analyst - Part Time,Hackensack Meridian Health,"Hackensack, Bergen County","Health Information Scanning Analyst - Part TimeHMH HOSPITALS CORPORATIONHackensack, New Jersey Apply (https://careers-hackensackmeridianhealth.icims.com/jobs/157438/login) - Requisition  2024-157438 - Shift Weekend Evening - Status Part-time with Benefits Overview Our team members are the heart of what makes us better. At Hackensack Meridian Health we help our patients live better, healthier lives - and we help one another to succeed. With a culture rooted in connection and collaboration, our e…",Part time Jobs,2025-04-03T12:06:39Z,41111.47,41111.47
moomoo is hiring: Strategic Influencer Business Development Manager in Jersey Ci,moomoo,"Jersey City, Hudson County","Strategic Influencer Business Development Manager 1 week ago Be among the first 25 applicants Futu US Inc. stands at the forefront of financial services, housing two SEC registered broker-dealers alongside a cryptocurrency brokerage — all operating under the reputable wing of Futu Holdings Limited (Nasdaq: FUTU). Our core mission revolves around innovating the investing landscape through a digitized brokerage and wealth management platform that's designed to elevate the investment experience. H…",Sales Jobs,2025-03-21T07:08:06Z,85008.68,85008.68
"Manager, Business Analysis And Insights, Sales Strategy & Enablement - Walmart Connect",Walmart,"Hoboken, Hudson County","Position Summary The Walmart Connect Sales Strategy and Enablement Team is seeking a dynamic Manager who is well-versed and passionate about digital advertising and e-commerce. In this role, you will be responsible for driving proactive account management, insights, and support for Walmart Connect's Agency, Media, and Channel partners. Collaboration with stakeholders in our Partnership team is essential. This role demands a strong executive presence to cultivate essential stakeholder relationsh…",IT Jobs,2025-04-16T12:09:52Z,147997.84,147997.84
Machine Learning Researcher,Quanta Search,"New York City, New York","Our client is a process driven investment management group consisting of a team of researchers, traders and technologists who harness and apply the power of technology and automation to identify, model and trade global financial markets. They look for candidates who are eager to make an impact by doing real, hands-on research and development. Candidates must possess exceptional knowledge of mathematical and statistical methods as well as a proven ability to solve complex problems. A desire to w…",IT Jobs,2024-08-05T11:05:19Z,147795.31,147795.31
Senior Data Engineer,Tiger Analytics,"Jersey City, Hudson County","Job Description Job Description Tiger Analytics is a fast-growing advanced analytics consulting firm. Our consultants bring deep expertise in Data Science, Machine Learning and AI. We are the trusted analytics partner for several Fortune 100 companies, enabling them to generate business value from data. Our business value and leadership has been recognized by various market research firms, including Forrester and Gartner. We are looking for top-notch talent as we continue to build the best anal…",IT Jobs,2025-04-04T01:43:30Z,127106.42,127106.42
Resource Coordinator,Center for Justice Innovation,"Brooklyn, New York City","THE ORGANIZATION The Center for Justice Innovation is a community justice organization that centers safety and racial justice. Since our founding in 1996, the Center has partnered with community members, courts, and the people most impacted to create stronger, healthier, more just communities. Our decades of experience in courts and communities, coupled with our field-leading research and practitioner expertise, help us drive justice nationwide in innovative, powerful, and durable ways. For mor…",Legal Jobs,2025-03-07T18:23:47Z,63049.29,63049.29
Information Security Data Operations - Director,SMBC,"Tyler Park, Hudson County","SMBC Group is a top-tier global financial group. Headquartered in Tokyo and with a 400-year history, SMBC Group offers a diverse range of financial services, including banking, leasing, securities, credit cards, and consumer finance. The Group has more than 130 offices and 80,000 employees worldwide in nearly 40 countries. Sumitomo Mitsui Financial Group, Inc. (SMFG) is the holding company of SMBC Group, which is one of the three largest banking groups in Japan. SMFG's shares trade on the Tokyo…",IT Jobs,2025-03-29T11:59:03Z,136156.45,136156.45
Information Security Data Operations - Director,SMBC Group,"Five Corners, Hudson County","SMBC Group is a top-tier global financial group. Headquartered in Tokyo and with a 400-year history, SMBC Group offers a diverse range of financial services, including banking, leasing, securities, credit cards, and consumer finance. The Group has more than 130 offices and 80,000 employees worldwide in nearly 40 countries. Sumitomo Mitsui Financial Group, Inc. (SMFG) is the holding company of SMBC Group, which is one of the three largest banking groups in Japan. SMFG’s shares trade on the Tokyo…",IT Jobs,2025-04-01T12:53:56Z,140555.72,140555.72
Machine Learning Engineer,Sensor Tower,"New York City, New York","Fraud warning: It's common for scammers to create positions that look legitimate on other sites. To ensure your submission is considered, only apply for positions at Sensor Tower through our company website or through posts directly associated with Sensor Tower company profiles on sites such as LinkedIn, Indeed, BuiltIn or Hackajob. At no point will Sensor Tower ever ask for money, credit card, or bank account information to complete a job application. Communications received from Sensor Tower …",IT Jobs,2025-02-02T09:48:34Z,120000.0,150000.0
Product Marketing Manager,Uphold Uphold,"Greeley Square, Manhattan","About Uphold Uphold, is a financial technology company that believes on-chain services are the future of finance. It provides modern infrastructure for on-chain payments, banking and investments. Offering Consumer Services, Business Services and Institutional Trading. Uphold makes pioneering financial services easy and trusted for millions of customers in more than 140 countries. Uphold integrates with more than 30 trading venues, including centralized and decentralized exchanges, to deliver su…","PR, Advertising & Marketing Jobs",2025-03-13T20:20:33Z,90000.0,114000.0
Machine Learning Engineer,Sensor Tower,"Grand Central, Manhattan","Fraud warning: Its common for scammers to create positions that look legitimate on other sites. To ensure your submission is considered, only apply for positions at Sensor Tower through our company website or through posts directly associated with Sensor Tower company profiles on sites such as LinkedIn, Indeed, BuiltIn or Hackajob. At no point will Sensor Tower ever ask for money, credit card, or bank account information to complete a job application. Communications received from Sensor Tower a…",IT Jobs,2025-03-29T12:40:59Z,115984.62,115984.62
"Managing Account Supervisor, Professional Services Communications",Ketchum,"Grand Central, Manhattan","About Ketchum As a global communications consultancy with 100 years of experience, Ketchum is a trusted partner who is equal parts creative and analytical. Ketchum is a place where all perspectives and points of view are welcome and encouraged. We are a collection of communications specialists, content creators, creatives, researchers, data analysts, media pros, digital strategists, issues and crisis counselors, and tech nerds. And we love when those worlds collide to create the very best teams…","PR, Advertising & Marketing Jobs",2025-02-19T09:33:39Z,112847.31,112847.31
Conversation AI Product Manager,Newrez,"New York City, New York","Exceed the expectations of our residential mortgage borrowers & business partners through superior service, simple processes, and effective communications. We deliver on this mission by empowering our employees by encouraging and recognizing superior performance and innovative solutions, by promoting teamwork and divisional cooperation. POSITION SUMMARY We're seeking a visionary Sr Product Manager to spearhead our Conversational Artificial (AI) strategy for Lending and Servicing. In this role, …",IT Jobs,2025-04-13T19:41:58Z,104502.55,104502.55
"Product Manager II, Games",The New York Times,"New York City, New York","The mission of The New York Times is to seek the truth and help people understand the world. That means independent journalism is at the heart of all we do as a company. It’s why we have a world-renowned newsroom that sends journalists to report on the ground from nearly 160 countries. It’s why we focus deeply on how our readers will experience our journalism, from print to audio to a world-class digital and app destination. And it’s why our business strategy centers on making journalism so goo…",IT Jobs,2025-04-13T04:44:00Z,116000.0,140000.0
"Finance Manager, AWS Specialist and Partner Organization",Amazon,"Grand Central, Manhattan","Description The AWS Global Specialist and Partner (ASP) organization is a force multiplier for AWS's customer reach, relationships, and revenue by recruiting and enabling partners to sell with, resell, and build their cloud businesses on AWS. This team manages the AWS Partner Network (APN) which is comprised of over 130K partners from more than 150 countries, including Global SIs (GSIs), System Integrators (SIs), Distributors, Resellers, Independent Software Vendors (ISVs), Strategic Alliances …",Accounting & Finance Jobs,2025-04-02T11:18:54Z,141165.19,141165.19
Product Designer - Growth,Teachable,"New York City, New York","What is Teachable? Teachable is trusted by creator-educators around the world to grow their impact and income. From online courses and communities to memberships and downloads, Teachable's digital learning products help creator-educators drive meaningful connection and sustainable revenue. With industry-best ecommerce tools, easily toggled on directly within the platform, creators can confidently maximize their earnings, while getting paid directly by their audience. Teachable's unmatched focus…",Creative & Design Jobs,2025-04-08T21:26:39Z,92000.0,135000.0
Product Marketing Manager,Uphold,"New York City, New York","Job Description Job Description Salary: About Uphold Uphold, is a financial technology company that believes on-chain services are the future of finance. It provides modern infrastructure for on-chain payments, banking and investments. Offering Consumer Services, Business Services and Institutional Trading. Uphold makes pioneering financial services easy and trusted for millions of customers in more than 140 countries. Uphold integrates with more than 30 trading venues, including centralized an…","PR, Advertising & Marketing Jobs",2025-04-19T13:55:14Z,126939.98,126939.98
"Vice President, Health",Ketchum,"Grand Central, Manhattan","About Ketchum As a global communications consultancy with 100 years of experience, Ketchum is a trusted partner who is equal parts creative and analytical. Ketchum is a place where all perspectives and points of view are welcome and encouraged. We are a collection of communications specialists, content creators, creatives, researchers, data analysts, media pros, digital strategists, issues and crisis counselors, and tech nerds. And we love when those worlds collide to create the very best teams…","PR, Advertising & Marketing Jobs",2025-02-18T09:46:39Z,157568.73,157568.73
Senior Business Analyst,Amazon,"Grand Central, Manhattan","Description Business Analysts are responsible for converting data into actionable business insights. They are analysis experts who leverage a variety of data platforms and analytical tools to provide timely, meaningful, and consumable information. They build deep contextual and domain knowledge. They ensure data quality and build scalable tools. They communicate findings with the most effective and influential methods. Amazon is seeking an exemplary Senior Business Analyst with broad technical …",IT Jobs,2025-03-27T10:45:34Z,103930.27,103930.27
Business Analyst,Amazon,"Grand Central, Manhattan","Description Business Analysts are responsible for converting data into actionable business insights. They are analysis experts who leverage a variety of data platforms and analytical tools to provide timely, meaningful, and consumable information. They build deep contextual and domain knowledge. They ensure data quality and build scalable tools. They communicate findings with the most effective and influential methods. Amazon is seeking an exemplary Business Analyst with broad technical skills …",IT Jobs,2025-03-27T10:45:34Z,81693.84,81693.84
"Senior Data Scientist, Analytics",Etsy,"Brooklyn, New York City","Company Description Etsy is the global marketplace for unique and creative goods. We build, power, and evolve the tools and technologies that connect millions of entrepreneurs with millions of buyers around the world. As an Etsy Inc. employee , whether a team member of Etsy, Reverb, or Depop, you will tackle unique, meaningful, and large-scale problems alongside passionate coworkers, all the while making a rewarding impact and Keeping Commerce Human. Salary Range: $136,000.00 - $176,000.00 What…",IT Jobs,2025-03-23T20:03:38Z,136000.0,176000.0
"Senior Consultant, Ketchum Analytics",Ketchum,"Grand Central, Manhattan","About Ketchum As a global communications consultancy with 100 years of experience, Ketchum is a trusted partner who is equal parts creative and analytical. Ketchum is a place where all perspectives and points of view are welcome and encouraged. We are a collection of communications specialists, content creators, creatives, researchers, data analysts, media pros, digital strategists, issues and crisis counselors, and tech nerds. And we love when those worlds collide to create the very best teams…","PR, Advertising & Marketing Jobs",2025-04-18T10:56:35Z,115617.98,115617.98
"Business Analyst, Selling Partner Services, Central FP&A",Amazon,"Grand Central, Manhattan","Description The WW Selling Partner Services team's vision is to enable every brand - from the small business with an idea to the large, multi-national corporation - to be able to thrive and grow into a global selling success. Our mission (i.e., our roadmap to achieve that vision) is to enable the long-term success of our selling partners by providing the most trusted shopping and selling experience and by providing impactful solutions for accelerating our selling partners' business growth. We a…",IT Jobs,2025-02-15T09:25:33Z,109257.88,109257.88
"Senior Associate, Digital & Social",Ketchum,"Grand Central, Manhattan","About Ketchum As a global communications consultancy with 100 years of experience, Ketchum is a trusted partner who is equal parts creative and analytical. Ketchum is a place where all perspectives and points of view are welcome and encouraged. We are a collection of communications specialists, content creators, creatives, researchers, data analysts, media pros, digital strategists, issues and crisis counselors, and tech nerds. And we love when those worlds collide to create the very best teams…",IT Jobs,2025-02-18T09:46:38Z,108146.27,108146.27
"Senior Product Manager, Data",Grata,"New York City, New York","Overview Grata is the leading private market dealmaking platform. We make it easy to find, research, and engage with private companies. Our platform has the most comprehensive, accurate, and searchable proprietary data on private companies, their financials, and their owners. We help leading investors (PE/growth), investment bankers, management consultants, and corporate development teams discover and win more deals. Grata has over 700 customers and has been widely recognized as the market lead…",IT Jobs,2025-03-18T21:47:18Z,140000.0,170000.0
Staff Product Manager,Understood,"New York City, New York","About Understood Understood is a nonprofit focused on shaping the world for difference. We raise awareness of the challenges and strengths of people who learn and think differently. Our resources help people navigate challenges, gain confidence, and find support and community so they can thrive. Having a shared commitment to our values is a key factor in any hire we make. We have five core values: Continuously learn. Act with intention. Champion difference. Inspire change. Grow together. Come b…",IT Jobs,2025-02-20T18:04:55Z,170000.0,190000.0
"Senior Manager, Data Analytics - Banking",Current,"New York City, New York","Current is a leading consumer fintech platform transforming financial access for everyday Americans with over five million members. We provide access to financial solutions that seamlessly work together to solve the needs of our members and enable all Americans to build better financial futures. Based in NYC, our results-driven environment drives us to build better products, grow faster and empower everyone on our team to have an impact on our business and mission to improve financial outcomes.…",Accounting & Finance Jobs,2025-02-16T11:01:10Z,220000.0,265000.0
"Senior Product Designer, Seller Services",Etsy,"Brooklyn, New York City","Company Description Etsy is the global marketplace for unique and creative goods. We build, power, and evolve the tools and technologies that connect millions of entrepreneurs with millions of buyers around the world. As an Etsy Inc. employee , whether a team member of Etsy, Reverb, or Depop, you will tackle unique, meaningful, and large-scale problems alongside passionate coworkers, all the while making a rewarding impact and Keeping Commerce Human. Salary Range: $149,000.00 - $193,000.00 What…",Creative & Design Jobs,2025-02-22T20:56:59Z,149000.0,193000.0
Research Business Specialist,Hackensack Meridian Health,"Hackensack, Bergen County","Research Business SpecialistHACKENSACK UNIVERSITY MED CNTRHackensack, New Jersey Apply (https://careers-hackensackmeridianhealth.icims.com/jobs/156334/login) - Requisition  2024-156334 - Shift Day - Status Full Time with Benefits Overview Our team members are the heart of what makes us better. At Hackensack Meridian Health we help our patients live better, healthier lives - and we help one another to succeed. With a culture rooted in connection and collaboration, our employees are team members.…",Scientific & QA Jobs,2025-04-02T12:01:22Z,55929.46,55929.46
"Technical Product Manager, Aladdin Studio, Associate Job at US Company in New Yo",US Company,"New York City, New York","You will need to login before you can apply for a job. Technical Product Manager, Aladdin Studio, Associate About this role BlackRock is the world's leading asset management firm and Aladdin is the central nervous system for investment professionals to see their whole portfolio, understand risk exposure, and act with precision. It is a $1BN technology business that has significant growth aspirations over the next five years. Being a part of BlackRock means being a part of a community of smart, …",IT Jobs,2025-03-14T07:04:11Z,101107.84,101107.84
Senior Product Designer - Industrial Design Focus (Hard Goods),UncommonGoods,"New York City, New York","Senior Product Designer - Industrial Design Focus (Hard Goods) You're an industrial designer who doesn't just sketch pretty things-you bring them to life and get a team excited to do the same. You think in form, function, and feasibility. You lead brainstorms that actually spark ideas. You present concepts with clarity and conviction. You're here to raise the bar. At Uncommon Goods, we create joyful, design-forward objects-from clever kitchen tools to conversation-starting home goods. We're loo…",Creative & Design Jobs,2025-04-20T15:30:35Z,131744.03,131744.03
"Technical Product Manager, Aladdin Studio, Associate Job at ENGINEERINGUK in New",ENGINEERINGUK,"New York City, New York","You will need to login before you can apply for a job. Technical Product Manager, Aladdin Studio, Associate About this role BlackRock is the world's leading asset management firm and Aladdin is the central nervous system for investment professionals to see their whole portfolio, understand risk exposure, and act with precision. It is a $1BN technology business that has significant growth aspirations over the next five years. Being a part of BlackRock means being a part of a community of smart, …",IT Jobs,2025-02-17T05:47:46Z,99698.59,99698.59
Google Cloud Data Engineer,Tech Tammina LLC,"Manhattan, New York City","Title: Senior GCP Data Engineer Location: Onsite in Manhattan, NY Duration: 12 Months (with strong possibility for renewal) Visa : USC OR GC Key Responsibilities Design, build, and optimize end-to-end data pipelines using GCP-native services such as Dataflow, Dataproc, and Pub/Sub. Implement data ingestion, transformation, and processing workflows using Apache Beam, Apache Spark, and scripting in Python. Manage and optimize data storage using BigQuery, Cloud Storage, and Cloud SQL to ensure per…",IT Jobs,2025-04-15T07:44:34Z,116520.78,116520.78
"Youth Coach, Alternative to Detention",Center for Justice Innovation,"Queens, New York City","THE ORGANIZATION The Center for Justice Innovation is a community justice organization that centers safety and racial justice. Since our founding in 1996, the Center has partnered with community members, courts, and the people most impacted to create stronger, healthier, more just communities. Our decades of experience in courts and communities, coupled with our field-leading research and practitioner expertise, help us drive justice nationwide in innovative, powerful, and durable ways. For mor…",Social work Jobs,2025-03-28T17:24:35Z,48945.84,48945.84
Temporary Digital Archive Specialist,Center for Justice Innovation,"New York City, New York","THE ORGANIZATION The Center for Justice Innovation is a community justice organization that centers safety and racial justice. Since our founding in 1996, the Center has partnered with community members, courts, and the people most impacted to create stronger, healthier, more just communities. Our decades of experience in courts and communities, coupled with our field-leading research and practitioner expertise, help us drive justice nationwide in innovative, powerful, and durable ways. For mor…",IT Jobs,2025-01-28T19:44:32Z,96840.78,96840.78
"Vice President, Product Marketing",NBC Universal,"Grand Central, Manhattan","We create world-class content, which we distribute across our portfolio of film, television, and streaming, and bring to life through our theme parks and consumer experiences. We own and operate leading entertainment and news brands, including NBC, NBC News, MSNBC, CNBC, NBC Sports, Telemundo, NBC Local Stations, Bravo, USA Network, and Peacock, our premium ad-supported streaming service. We produce and distribute premier filmed entertainment and programming through Universal Filmed Entertainme…","PR, Advertising & Marketing Jobs",2025-04-10T12:08:36Z,90521.05,90521.05
"Vice President, Product Marketing",NBCUniversal,"New York City, New York","Company Description Do you have the following skills, experience and drive to succeed in this role Find out below. We create world-class content, which we distribute across our portfolio of film, television, and streaming, and bring to life through our theme parks and consumer experiences. We own and operate leading entertainment and news brands, including NBC, NBC News, MSNBC, CNBC, NBC Sports, Telemundo, NBC Local Stations, Bravo, USA Network, and Peacock, our premium ad-supported streaming s…","PR, Advertising & Marketing Jobs",2025-04-15T15:35:38Z,115005.66,115005.66
Head of Investor Relations,eToro,"Hoboken, Hudson County","eToro has created an intuitive Social Trading platform that gives traders and investors access to global stock markets, commodity trading, cryptocurrency trading, and more. We strive to make money management available and accessible to everyone (even to users with no prior experience or knowledge). We have over 33 million users worldwide, and our platform is available in over 140 countries around the world. With over 1500 employees worldwide, We have locations in the US, Cyprus, UK, Australia, …",Accounting & Finance Jobs,2025-02-20T14:48:04Z,154269.44,154269.44
Machine Learning Researcher,Quanta Search,"Franklin D Roosevelt, Manhattan","Our client is a process driven investment management group consisting of a team of researchers, traders and technologists who harness and apply the power of technology and automation to identify, model and trade global financial markets. They offer an array of quantitative investment fund products to their clients. They are seeking candidates with exceptional academic credentials to join our team and participate in and support of the firm’s efforts in the research, trading and production proces…",IT Jobs,2024-08-01T05:03:28Z,164580.66,164580.66
GCP Data Engineers,Tech Tammina LLC,"Grand Central, Manhattan","Role: GCP Data Engineers Location: ONSITE IN MANHATTAN NYC Duration: 12 Months (with strong possibility for renewal) Rate: Market Need only USC/ GC Key Responsibilities: Design, build, and optimize end-to-end data pipelines using GCP-native services such as Dataflow, Dataproc, and Pub/Sub. Implement data ingestion, transformation, and processing workflows using Apache Beam, Apache Spark, and scripting in Python. Manage and optimize data storage using BigQuery, Cloud Storage, and Cloud SQL to en…",IT Jobs,2025-04-15T07:44:34Z,134754.6,134754.6
Account Director – Alternative Data,Hatched Analytics,"Chelsea and Clinton, Manhattan","The Role We’re hiring an Account Director to grow revenue from our hedge fund clients. This role is focused on onboarding new accounts, expanding existing relationships across teams, and driving upsells and renewals within active users. You’ll work closely with our co-founders, analysts, and sales team to ensure clients see the full value of our 70 company-specific data feeds. You’ll open doors, manage trials, build relationships, and keep commercial conversations active. We’re looking for some…",Sales Jobs,2025-04-15T22:04:09Z,125906.84,125906.84
Data Scientist,Spearhead Staffing,"Bushwick and Williamsburg, Brooklyn","We are currently looking for a Full-Time Data Scientist to come on-board for one of our Hedge Fund Clients in NYC. They are a private credit fund specializing in fixed income investments and private credit, using data-driven strategies to optimize returns and manage risks. This Data Scientist should be proficient in data engineering, predictive modeling, and reporting, with expertise in data visualization, machine learning techniques, Python, Azure, and SQL databases to support investment decis…",IT Jobs,2024-11-28T18:49:25Z,148247.6,148247.6
"Bilingual Japanese, Desktop Publisher Specialist Job at APA International Placem",APA International Placement Consultants,"New York City, New York","Bilingual Japanese, Desktop Publisher Specialist, New York We are seeking a DTP specialist to join our team to meet increased workload requirements of product integration with Asian operation. The Desktop Publisher Specialist will perform specialized desktop publishing work, including page layout, chart construction, data checking, and assist with registration of research products. Responsibilities: Prepare charts for research material based on data provided by analysts and translators. Ensure …","PR, Advertising & Marketing Jobs",2025-01-11T06:37:00Z,59549.89,59549.89
Data Product Manager,FanDuel,"New York City, New York","ABOUT FANDUEL FanDuel Group is the premier mobile gaming company in the United States. FanDuel Group consists of a portfolio of leading brands across mobile wagering including, America’s 1 Sportsbook FanDuel Sportsbook, its leading iGaming platform FanDuel Casino, the industry’s unquestioned leader in horse racing and advance-deposit wagering, FanDuel Racing and its daily fantasy sports product. In addition, FanDuel Group operates FanDuel TV, its broadly distributed linear cable television netw…",IT Jobs,2025-03-03T18:14:41Z,114000.0,145000.0
"Senior Associate, Sr Data Engineer",New York Life Insurance Co,"New York City, New York","Location Designation: Hybrid - 3 days per week Our New York Life culture has laid the foundation for over 175 years of commitment to our employees, agents, policy owners, and the communities where we live and work. Here you become a valued part of a welcoming, inclusive, and caring organization with a long-standing legacy in stability and growth. The strength revolves around our diversified, multi-dimensional business portfolio that goes beyond life insurance. As a Fortune 100 company and indus…",IT Jobs,2025-03-13T21:38:20Z,141970.39,141970.39
Lead Mentor,Center for Justice Innovation,"Brooklyn, New York City","THE ORGANIZATION The Center for Justice Innovation is a community justice organization that centers safety and racial justice. Since our founding in 1996, the Center has partnered with community members, courts, and the people most impacted to create stronger, healthier, more just communities. Our decades of experience in courts and communities, coupled with our field-leading research and practitioner expertise, help us drive justice nationwide in innovative, powerful, and durable ways. For mor…",Legal Jobs,2025-01-21T15:50:58Z,67160.18,67160.18
Leave of Absence and Accommodations Specialist,Center for Justice Innovation,"New York City, New York","THE ORGANIZATION The Center for Justice Innovation is a community justice organization that centers safety and racial justice. Since our founding in 1996, the Center has partnered with community members, courts, and the people most impacted to create stronger, healthier, more just communities. Our decades of experience in courts and communities, coupled with our field-leading research and practitioner expertise, help us drive justice nationwide in innovative, powerful, and durable ways. For mor…",Legal Jobs,2025-02-06T16:48:59Z,108319.27,108319.27
Social Worker,Center for Justice Innovation,"Brooklyn, New York City","THE ORGANIZATION The Center for Justice Innovation is a community justice organization that centers safety and racial justice. Since our founding in 1996, the Center has partnered with community members, courts, and the people most impacted to create stronger, healthier, more just communities. Our decades of experience in courts and communities, coupled with our field-leading research and practitioner expertise, help us drive justice nationwide in innovative, powerful, and durable ways. For mor…",Social work Jobs,2024-11-14T19:15:54Z,65633.7,65633.7
Compliance Specialist,Center for Justice Innovation,"Brooklyn, New York City","THE ORGANIZATION The Center for Justice Innovation is a community justice organization that centers safety and racial justice. Since our founding in 1996, the Center has partnered with community members, courts, and the people most impacted to create stronger, healthier, more just communities. Our decades of experience in courts and communities, coupled with our field-leading research and practitioner expertise, help us drive justice nationwide in innovative, powerful, and durable ways. For mor…",Legal Jobs,2025-02-27T17:59:26Z,77115.34,77115.34
"Sr. Editor, Private Equity Job at PitchBook Data in New York",PitchBook Data,"New York City, New York","At PitchBook, we are always looking forward. We continue to innovate, evolve, and invest in ourselves to bring out the best in everyone. We’re deeply collaborative and thrive on the excitement, energy, and fun that reverberates throughout the company. Our extensive learning programs and mentorship opportunities help us create a culture of curiosity that pushes us to always find new solutions and better ways of doing things. The combination of a rapidly evolving industry and our high ambitions m…",IT Jobs,2025-03-30T15:17:11Z,130434.62,130434.62
"Account Director, Client Development & Strategy",US Storyful,"New York City, New York","Storyful is an equal opportunity employer Job Description : Job Title: Account Director, Client Development & Strategy Location: New York Hybrid Role - in office three days/week About Storyful: Storyful, a News Corp company, is a global leader in social media news and intelligence reporting. We harness data from across the digital and social media landscape to provide trusted, cross-platform content and context in a complex online information environment. Storyful Intelligence We help partners …","PR, Advertising & Marketing Jobs",2025-03-27T00:46:09Z,116727.76,116727.76
Head of Data Management,Allied World Assurance Company,"New York City, New York","Professional Experience / Qualifications: § 10 years of experience in leading data engineering teams for global organization § Hands-on and demonstrated experience in building strong data pipeline, data warehouse, data lake, data hub solutions § Demonstrated experience in migrating from traditional ETL/Data Warehouse capabilities into modern data and analytics platforms § Strong experience in leading modern cloud-based data platform capabilities i.e. AWS, Azure, Databricks, Snowflake, etc., § S…",IT Jobs,2025-04-08T22:57:42Z,120146.3,120146.3
"Senior Software Engineer I, Web Recommendations",Etsy,"Brooklyn, New York City","Company Description Etsy is the global marketplace for unique and creative goods. We build, power, and evolve the tools and technologies that connect millions of entrepreneurs with millions of buyers around the world. As an Etsy Inc. employee , whether a team member of Etsy, Reverb, or Depop, you will tackle unique, meaningful, and large-scale problems alongside passionate coworkers, all the while making a rewarding impact and Keeping Commerce Human. Salary Range: $158,000.00 - $186,000.00 What…",IT Jobs,2025-03-08T20:20:44Z,158000.0,186000.0
Business Development Rep,MotherDuck,"New York City, New York","About MotherDuck Don’t let the quirky name fool you We’re on a mission to radically transform the data analyst user experience. We think we can empower and delight analysts using a novel cloud architecture built on top of DuckDB, an open source foundation with a vibrant community. Our team is a diverse mix of passionate, collaborative and empathetic data industry veterans from Google, Amazon, Meta, Snowflake, SingleStore, Databricks, Looker, and the like. What you will do MotherDuck is looking …",Sales Jobs,2025-03-26T22:35:50Z,75769.76,75769.76
Data Systems Specialist,Ethical Culture Fieldston School,"Upper West Side, Manhattan","Who we are? Ethical Culture Fieldston School is a progressive PreK-12 independent school that has been serving students from throughout New York City and the surrounding suburbs since 1878. ECFS offers a rich curriculum in the arts, sciences, and humanities. A co-ed, nonsectarian school, it serves a diverse community of about 1,700 students on two campuses  one in the Riverdale section of the Bronx and the other in Manhattan. What is essential about working at our school? The Ethical Culture Fi…",IT Jobs,2025-04-13T19:51:34Z,70000.0,90000.0
Senior Data Engineer,EliseAI,"New York City, New York","About EliseAI EliseAI develops cutting-edge conversational AI technology for industries fundamental to our lives: housing and healthcare. Everything is built on the foundation of health and home. Broken systems or ineffective processes in these domains have a disproportionate impact on our quality of life and society’s overall wellbeing. Conversely, any solution or technology that solves problems in these areas will have an impact that ripples far beyond them. That’s the only kind of impact we …",IT Jobs,2025-03-30T20:44:14Z,240000.0,300000.0
Junior Data Engineer,National Audubon Society,"New York City, New York","Position Summary : In pursuit of Audubon's conservation mission, the Data & Technology team partners with programmatic and business teams across the organization to develop and deploy enterprise data systems and data-driven practices at the scale needed to achieve our ambitious goals. The Junior Data Engineer will play a key role in helping maintain and support software applications and data solutions within a modern-day data stack, using enterprise scale data resources to ensure that high qual…",IT Jobs,2025-02-08T10:48:22Z,62400.0,72800.0
"Measurement Strategist, Ad Platforms AMR",Apple,"Grand Central, Manhattan","Measurement Strategist, Ad Platforms AMR New York City, New York, United States Marketing Summary Posted: Feb 10, 2025 Role Number: 200590616 At Apple, we believe in the power of technology to enrich people's lives. Everything we build is designed to empower people, including our advertising platform. We deliver ads in a way that benefits both customers and advertisers - helping people discover content, supporting creators, and protecting and respecting everyone's privacy. Our technology makes …",Engineering Jobs,2025-02-11T18:54:18Z,159079.22,159079.22
"Buyer (Home, Art and Garden)",Uncommon Goods,"Brooklyn, New York City","ABOUT US Uncommon Goods partners with independent makers and small businesses to offer a wide , constantly evolving assortment of original, creative products. We are built on better business practices and committed to having a positive impact. Learn more here . The best part of Uncommon Goods is us—our team. We've been around for over 25 years because of all the wonderful people who make UG the one-of-a-kind company it is. Learn more about our products , B Corp certification, guiding principles…","PR, Advertising & Marketing Jobs",2025-03-02T01:55:59Z,79378.62,79378.62
"Futu US, Inc. is hiring: Strategic Influencer Business Development Manager in Je","Futu US, Inc.","Jersey City, Hudson County","About Futu US Inc.: Futu US Inc. stands at the forefront of financial services, housing two SEC registered broker-dealers alongside a cryptocurrency brokerage - all operating under the reputable wing of Futu Holdings Limited (Nasdaq: FUTU). Our core mission revolves around innovating the investing landscape through a digitized brokerage and wealth management platform that's designed to elevate the investment experience. Here's a closer look at our key entities: Futu Clearing Inc.: An SEC regist…",Accounting & Finance Jobs,2025-03-01T06:14:45Z,76806.05,76806.05
VP Business Operations,DataDome,"New York City, New York","⭐ About the team: Reporting directly to the COO, the VP Business Ops will play a pivotal role in shaping our ops landscape, driving a team of 6 people composed of sales ops, CRM engineer and data analysts based in EMEA and NYC.  You will be more specifically in charge of things like Strategic Alignment & Performance Management Ensure cross-functional alignment on key business objectives, reporting to the COO and working closely with the CRO, the CMO, the CSO (strategy), and the CEO . Define and…",Sales Jobs,2025-03-21T00:42:20Z,241206.3,241206.3
Solutions Architect,Alloy,"New York City, New York","Alloy is where you belong Alloy helps solve the identity risk problem for companies that offer financial products by enabling them to outpace fraud and confidently serve more people around the world. Over 600 of the world’s largest financial institutions and fintechs turn to Alloy to take control of fraud, credit, and compliance risk, and grow with the clearest picture of their customers. Through our values: Be Bold, Get Scrappy, Collaborate, and Celebrate Our Differences, we are creating a wor…",IT Jobs,2025-03-10T19:54:41Z,110000.0,129000.0
Data Architect,Paramount,"Grand Central, Manhattan","Overview and Summary: Paramount Data Technology Solutions (DTS) team plays a crucial role in Paramount`s global engineering organization. Through our projects we make sure that millions of users worldwide can enjoy Paramount content through web, mobile, and TV applications and help with our vision of entertaining the planet We are seeking a highly skilled and experienced Data Architect to play a meaningful role in the design, development, and evolution of our data landscape. This individual wil…",IT Jobs,2025-01-04T18:29:36Z,137722.67,137722.67
"Research & Insights Director, Global Marketing",MiQ Digital,"New York City, New York","Role: Research & Insights Director, Global Marketing Location: New York City, NY THE OPPORTUNITY We’re looking for a Research and Insights Director, Global Marketing to join our Global Marketing team, to lead, develop and execute our global research strategy. WHAT YOU’LL BE DOING In your day-to-day role, you’ll be part of the Central Marketing leadership team, but the exciting thing about the role is that you will be speaking to everyone . From our immediate global and local marketing and produ…","PR, Advertising & Marketing Jobs",2025-03-26T20:16:32Z,118763.77,118763.77
Senior Associate,Riptide Partners,"New York City, New York","Overview of Riptide Partners Riptide Partners offers a full suite of Customer Experience (CX) advisory, CX Managed Services, and Management Consulting, with a focus on helping companies undertake a cultural transformation in order to achieve greater success in a customer-centric world. We focus on enabling companies to reorient their business to better serve the customer across all business units and channels. Riptide applies the considerable insight gained through years of collective successes…",IT Jobs,2024-08-07T07:37:54Z,129214.36,129214.36
"Senior Product Designer, Checkout",Etsy,"Brooklyn, New York City","Company Description Etsy is the global marketplace for unique and creative goods. We build, power, and evolve the tools and technologies that connect millions of entrepreneurs with millions of buyers around the world. As an Etsy Inc. employee , whether a team member of Etsy, Reverb, or Depop, you will tackle unique, meaningful, and large-scale problems alongside passionate coworkers, all the while making a rewarding impact and Keeping Commerce Human. Salary Range: $149,000.00 - $193,000.00 What…",Creative & Design Jobs,2025-01-08T06:18:03Z,149000.0,193000.0
SupportFinity™ is hiring: Content Strategist in New York,SupportFinity™,"New York City, New York","Enterprise Engineering Engagement delivers internal end-user technical support that drives productivity at Meta. We are a dynamic, diverse and globally dispersed team of IT professionals. Our mission is to unlock every individual’s productivity and to this end, we are undertaking an exciting transformation roadmap across our tooling and processes. As we progress our digital strategy transformation, with a focus on self-service, dynamic, and targeted “right channeled” solutions, we are seeking a…",IT Jobs,2025-04-13T15:34:51Z,130944.62,130944.62
"Strategic Influencer Business Development Manager Job at Futu US, Inc. in Jersey","Futu US, Inc.","Jersey City, Hudson County","About Futu US Inc.: Futu US Inc. stands at the forefront of financial services, housing two SEC registered broker-dealers alongside a cryptocurrency brokerage - all operating under the reputable wing of Futu Holdings Limited (Nasdaq: FUTU). Our core mission revolves around innovating the investing landscape through a digitized brokerage and wealth management platform that's designed to elevate the investment experience. Here's a closer look at our key entities: Futu Clearing Inc.: An SEC regist…",Accounting & Finance Jobs,2025-04-05T17:34:16Z,73596.6,73596.6
"Corporate Vice President, Technical Data Engineering Lead",New York Life Insurance Company,"Grand Central, Manhattan","We are seeking energetic and passionate Technical Data Engineering Lead to design and execute our company’s modern data management strategy. As a key member of Enterprise Data Platform team, you will work with talented engineers, architects, data scientists and end users to reimagine, design and build the next generation of Insurance solutions in the cloud leveraging nascent and modern technologies and platforms including AWS and Azure cloud, APIs, and AI. In this role, you will be responsible …",IT Jobs,2025-03-25T12:43:52Z,169434.42,169434.42
RZS Recruitment is hiring: Automotive Content Analyst in New York,RZS Recruitment,"New York City, New York","About the job Automotive Content Analyst Job is fully remote, no location specified| Job Type: Remote Industry: Information Technology Job Category: Manufacturing - Automation Compensation: USD $60,000 to $80,000 Full-time Benefits - Ful l Relocation Assistance Available: No Bonus Eligible: Yes Overtime Eligible: No Interview Travel Reimbursed: No Candidate Details: 7 to 10 years experience Seniority Level: Mid-Senior Management Experience Required: No Minimum Education: Bachelor's Degree Willi…",Scientific & QA Jobs,2025-03-08T06:49:05Z,116885.83,116885.83
Automotive Content Analyst,RZS Recruitment,"New York City, New York","About the job Automotive Content Analyst Job is fully remote, no location specified| Job Type: Remote Industry: Information Technology Job Category: Manufacturing - Automation Compensation: USD $60,000 to $80,000 Full-time Benefits - Ful l Relocation Assistance Available: No Bonus Eligible: Yes Overtime Eligible: No Interview Travel Reimbursed: No Candidate Details: 7 to 10 years experience Seniority Level: Mid-Senior Management Experience Required: No Minimum Education: Bachelor's Degree Willi…",Scientific & QA Jobs,2025-03-29T18:24:14Z,112965.33,112965.33
"Senior Manager, Media Buyer",Charlotte Tilbury,"New York City, New York",Job Description Job Description Job Description Charlotte Tilbury is seeking a talented Lead Media Planner to join our dynamic team. The ideal candidate will have extensive experience in media planning with ecommerce vendor platforms. Job Duties Include: Full funnel media buying and bidding management to drive overall US Brand awareness. Management of Charlotte Tilbury's audience segmentation strategy Responsible for Data Clean Room integration to ensure clear separation of new audiences to Cha…,"PR, Advertising & Marketing Jobs",2025-04-11T14:49:43Z,125391.59,125391.59
"Senior Manager, Media Buyer Job at Charlotte Tilbury in New York",Charlotte Tilbury,"New York City, New York",Job Description Job Description Job Description Charlotte Tilbury is seeking a talented Lead Media Planner to join our dynamic team. The ideal candidate will have extensive experience in media planning with ecommerce vendor platforms. Job Duties Include: Full funnel media buying and bidding management to drive overall US Brand awareness. Management of Charlotte Tilbury's audience segmentation strategy Responsible for Data Clean Room integration to ensure clear separation of new audiences to Cha…,"PR, Advertising & Marketing Jobs",2025-04-09T15:27:50Z,118271.31,118271.31
"Charlotte Tilbury Limited is hiring: Senior Manager, Media Buyer in New York",Charlotte Tilbury Limited,"New York City, New York",Job Description Charlotte Tilbury is seeking a talented Lead Media Planner to join our dynamic team. The ideal candidate will have extensive experience in media planning with ecommerce vendor platforms. Job Duties Include: Full funnel media buying and bidding management to drive overall US Brand awareness. Management of Charlotte Tilbury's audience segmentation strategy Responsible for Data Clean Room integration to ensure clear separation of new audiences to Charlotte Tilbury. Budget managemen…,"PR, Advertising & Marketing Jobs",2025-04-09T15:38:27Z,113265.87,113265.87
"Charlotte Tilbury Beauty is hiring: Senior Manager, Media Buyer in New York",Charlotte Tilbury Beauty,"New York City, New York",Job Description Charlotte Tilbury is seeking a talented Lead Media Planner to join our dynamic team. The ideal candidate will have extensive experience in media planning with ecommerce vendor platforms. Job Duties Include: Full funnel media buying and bidding management to drive overall US Brand awareness. Management of Charlotte Tilbury's audience segmentation strategy. Responsible for Data Clean Room integration to ensure clear separation of new audiences to Charlotte Tilbury. Budget manageme…,"PR, Advertising & Marketing Jobs",2025-04-13T15:34:54Z,108924.64,108924.64
"Senior Manager, Media Buyer Job at Charlotte Tilbury in New York",Charlotte Tilbury,"New York City, New York",Job Description Charlotte Tilbury is seeking a talented Lead Media Planner to join our dynamic team. The ideal candidate will have extensive experience in media planning with ecommerce vendor platforms. Job Duties Include: Full funnel media buying and bidding management to drive overall US Brand awareness. Management of Charlotte Tilbury's audience segmentation strategy Responsible for Data Clean Room integration to ensure clear separation of new audiences to Charlotte Tilbury. Budget managemen…,"PR, Advertising & Marketing Jobs",2025-04-13T15:32:17Z,118660.41,118660.41
"Outreach Worker, Save Our Streets",Center for Justice Innovation,"Brooklyn, New York City","THE ORGANIZATION The Center for Justice Innovation is a community justice organization that centers safety and racial justice. Since our founding in 1996, the Center has partnered with community members, courts, and the people most impacted to create stronger, healthier, more just communities. Our decades of experience in courts and communities, coupled with our field-leading research and practitioner expertise, help us drive justice nationwide in innovative, powerful, and durable ways. For mor…",Social work Jobs,2024-10-18T16:42:48Z,58795.75,58795.75
"Senior Director, Philanthropic Partnerships",Center for Justice Innovation,"New York City, New York","THE ORGANIZATION The Center for Justice Innovation is a community justice organization that centers safety and racial justice. Since our founding in 1996, the Center has partnered with community members, courts, and the people most impacted to create stronger, healthier, more just communities. Our decades of experience in courts and communities, coupled with our field-leading research and practitioner expertise, help us drive justice nationwide in innovative, powerful, and durable ways. For mor…",Charity & Voluntary Jobs,2025-04-03T21:05:22Z,119204.84,119204.84
Resource Navigator,Center for Justice Innovation,"Bronx, New York City","THE ORGANIZATION The Center for Justice Innovation is a community justice organization that centers safety and racial justice. Since our founding in 1996, the Center has partnered with community members, courts, and the people most impacted to create stronger, healthier, more just communities. Our decades of experience in courts and communities, coupled with our field-leading research and practitioner expertise, help us drive justice nationwide in innovative, powerful, and durable ways. For mor…",Legal Jobs,2025-02-18T18:07:42Z,70514.67,70514.67
"Peer Specialist, Harm Reduction",Center for Justice Innovation,"Brooklyn, New York City","THE ORGANIZATION The Center for Justice Innovation is a community justice organization that centers safety and racial justice. Since our founding in 1996, the Center has partnered with community members, courts, and the people most impacted to create stronger, healthier, more just communities. Our decades of experience in courts and communities, coupled with our field-leading research and practitioner expertise, help us drive justice nationwide in innovative, powerful, and durable ways. For mor…",Social work Jobs,2025-04-03T21:05:22Z,53531.08,53531.08
"Social Worker, Safety and Empowerment",Center for Justice Innovation,"Bronx, New York City","THE ORGANIZATION The Center for Justice Innovation is a community justice organization that centers safety and racial justice. Since our founding in 1996, the Center has partnered with community members, courts, and the people most impacted to create stronger, healthier, more just communities. Our decades of experience in courts and communities, coupled with our field-leading research and practitioner expertise, help us drive justice nationwide in innovative, powerful, and durable ways. For mor…",Social work Jobs,2025-02-18T18:07:41Z,71154.53,71154.53
"Outreach Worker, Save Our Streets South Bronx",Center for Justice Innovation,"Bronx, New York City","THE ORGANIZATION The Center for Justice Innovation is a community justice organization that centers safety and racial justice. Since our founding in 1996, the Center has partnered with community members, courts, and the people most impacted to create stronger, healthier, more just communities. Our decades of experience in courts and communities, coupled with our field-leading research and practitioner expertise, help us drive justice nationwide in innovative, powerful, and durable ways. For mor…",Social work Jobs,2025-04-10T00:33:28Z,62085.23,62085.23
"Clinical Coordinator, Infant Mental Health Specialist",Center for Justice Innovation,"New York City, New York","THE ORGANIZATION The Center for Justice Innovation is a community justice organization that centers safety and racial justice. Since our founding in 1996, the Center has partnered with community members, courts, and the people most impacted to create stronger, healthier, more just communities. Our decades of experience in courts and communities, coupled with our field-leading research and practitioner expertise, help us drive justice nationwide in innovative, powerful, and durable ways. For mor…",Social work Jobs,2024-11-12T19:11:44Z,67348.36,67348.36
Chief Law Clerk,Office of Administrative Trials and Hearings,"New York City, New York","ABOUT OATH: The City of New York’s Office of Administrative Trials and Hearings (OATH) is the nation’s largest administrative tribunal, holding approximately 400,000 trials and hearings a year. As the City’s central, independent administrative law court, OATH adjudicates a wide range of matters filed by nearly every city agency, board and commission. OATH also houses the Center for Creative Conflict Resolution which provides mediation and restorative justice support to City government agencies …",Admin Jobs,2025-04-07T20:55:16Z,93596.0,93596.0
Full Stack Developer,Wfnqav17T5,"Grand Central, Manhattan","Job brief We are looking for a Full Stack Developer to produce scalable software solutions. You’ll be part of a cross-functional team that’s responsible for the full software development life cycle, from conception to deployment. Responsibilities Work with development teams and product managers to ideate software solutions Design client-side and server-side architecture Build the front-end of applications through appealing visual design Develop and manage well-functioning databases and applicat…",IT Jobs,2024-09-20T07:14:04Z,108083.99,108083.99
Nutrition Education Program Coordinator,Ny Common Pantry,"Hub, Bronx","JOB DESCRIPTION Nutrition Education Program Coordinator Location: New York, NY New York Common Pantry is one of the city’s largest hunger relief organizations, providing food assistance, case management services, senior food provision, nutrition education, and hygiene services. We are a dynamic, mission-driven organization experiencing rapid growth and expansion. NYCP is a poverty-fighting organization that reduces hunger and promotes dignity, health, and self-sufficiency by using a holistic ap…",Healthcare & Nursing Jobs,2024-11-25T10:07:39Z,62400.0,64000.0
"Employer Brand Manager, Amazon Global Talent Acquisition",Amazon,"Grand Central, Manhattan","Description Are you looking for a role where you can drive innovative brand storytelling and data-driven marketing that leads to measurable business outcomes? Are you seeking to work alongside a growing team of enthusiastic marketers who work hard and have fun? Employer Brand Marketing within Amazon Global Talent Acquisition is seeking an experienced Brand Manager to join our team of 34 marketers across the globe. We're looking for a highly analytical, creative, and passionate brand strategist …","PR, Advertising & Marketing Jobs",2025-03-20T10:44:55Z,107296.99,107296.99
Content Strategist,Meta,"Grand Central, Manhattan","Summary: Enterprise Engineering Engagement delivers internal end-user technical support that drives productivity at Meta. We are a dynamic, diverse and globally dispersed team of IT professionals. Our mission is to unlock every individual's productivity and to this end, we are undertaking an exciting transformation roadmap across our tooling and processes. As we progress our digital strategy transformation, with a focus on self-service, dynamic, and targeted ""right channeled"" solutions, we are …",IT Jobs,2025-03-21T10:40:51Z,112268.3,112268.3
Associate Designer,Uncommon Goods,"Brooklyn, New York City","ABOUT US Uncommon Goods partners with independent makers and small businesses to offer a wide, constantly evolving assortment of original, creative products. We are built on better business practices and committed to having a positive impact. Learn more here . The best part of Uncommon Goods is us— our team. We've been around for over 25 years because of all the wonderful people who make UG the one-of-a-kind company it is. Learn more about our products , B Corp certification, guiding principles…",Creative & Design Jobs,2025-03-31T20:33:31Z,65000.0,70000.0
"VP, Director Data & Analytics",Omnicom Health,"New York City, New York","SSCG Media Group (SSCGMedia.com) is a global leader in healthcare-focused media strategy, planning, and buying and the media center of excellence for Omnicom Health. We help pharmaceutical, biotech, medical device, and healthcare brands connect with the right audiences through precision-targeted media, advanced analytics, and AI-powered strategies. Here you will be a part of a collaborative team who believes that having fun, learning something new every day, and being creative in everything we …",IT Jobs,2025-04-08T03:34:58Z,185000.0,210000.0
"Vice President, People",Ketchum,"Grand Central, Manhattan","About Ketchum As a global communications consultancy with 100 years of experience, Ketchum is a trusted partner who is equal parts creative and analytical. Ketchum is a place where all perspectives and points of view are welcome and encouraged. We are a collection of communications specialists, content creators, creatives, researchers, data analysts, media pros, digital strategists, issues and crisis counselors, and tech nerds. And we love when those worlds collide to create the very best teams…",HR & Recruitment Jobs,2025-03-14T10:43:30Z,156570.52,156570.52
"Senior Analyst, Model Development",Synchrony,"Grand Central, Manhattan","Job Description: Role Summary/Purpose: This role will be responsible for providing analytical/quantitative input to develop, document, implement and monitor the build of complex consumer credit risk loss forecasting, reserve and capital models. This successful candidate will use their business analysis, process, and quantitative knowledge to ensure business intent is matched with modeling outcome, and document development decisions under SR11-7 guidelines. In addition to responsibilities on ind…",Accounting & Finance Jobs,2025-04-01T10:53:50Z,94226.7,94226.7
Marketing Copywriter,Simon & Schuster,"Grand Central, Manhattan","Marketing Copywriter 1230 Ave of the Americas, New York, NY 10036, USA ? Concord, MA 01742, USAReq 321 Thursday, January 2, 2025 Simon & Schuster was named to Forbes magazine list of America's Best Mid-Size Employers 2022. Simon & Schuster is a global leader in general interest publishing, dedicated to providing the best in fiction and nonfiction for readers of all ages, and in all printed, digital and audio formats. Its distinguished roster of authors includes many of the world's most popular …","PR, Advertising & Marketing Jobs",2024-09-28T16:22:56Z,64379.21,64379.21
"Solutions Architect, Majors (NYC)",dbt Labs,"New York City, New York","About Us Since 2016, dbt Labs has been on a mission to help analysts create and disseminate organizational knowledge. We've pioneered the practice of analytics engineering, built the primary tool in the analytics engineering toolbox, and have been fortunate enough to see a fantastic community coalesce to help push the boundaries of the analytics engineering workflow. Today, there are 50,000 teams using dbt every week, 100,000 dbt Community members, and over 5,100 dbt Cloud customers. As of Febr…",IT Jobs,2025-04-06T22:32:09Z,210000.0,255000.0
"VP, Risk Data & Analytics","Raymond James Financial, Inc.","Grand Central, Manhattan","Job Description Under limited direction with a high level of autonomy, the Vice President of RJF Risk Data & Analytics will support the technology, platforms, data and analytics of RJF Risk Management across all financial and non-financial risk stripes. Drive development of critical analytics used in day to day risk management in conjunction with Risk Stripe Leads and Segment Chief Risk Officers. Define risk technology infrastructure, data and tooling strategy in order to effectively identify, …",Accounting & Finance Jobs,2025-04-03T10:58:37Z,152745.03,152745.03
Data Analytics Engineer,SecurityScorecard,"New York City, New York","About SecurityScorecard: SecurityScorecard is the global leader in cybersecurity ratings, with over 12 million companies continuously rated, operating in 64 countries. Founded in 2013 by security and risk experts Dr. Alex Yampolskiy and Sam Kassoumeh and funded by world-class investors, SecurityScorecard’s patented rating technology is used by over 25,000 organizations for self-monitoring, third-party risk management, board reporting, and cyber insurance underwriting; making all organizations m…",IT Jobs,2025-04-02T20:48:04Z,140000.0,183000.0
Pension Outsourcing - Technology Consultant,WTW,"Grand Central, Manhattan","Description In this challenging role as a Technical Consultant, you will contribute as part of a team to the entire range of retirement administration projects. If you're looking for an exciting opportunity, with one of the leaders in the defined benefit outsourcing business and the opportunity to grow and develop your career, apply now. The Role As a Technical Consultant you will play a key role for our pension administration software and service delivery business by serving as the central lin…",Consultancy Jobs,2025-04-15T10:52:39Z,87829.94,87829.94
CRM Product Manager - Salesforce,Neuberger Berman,"Grand Central, Manhattan","We are looking for an experienced Product Manager to own the Salesforce.com platform supporting our Global Institutional and Intermediary (Retail) business lines. The platform is used by 700 staff across sales, client services, marketing, management, and analytics teams. The CRM Product Manager will be responsible for the continual evolution, support, and promotion of the CRM platform to drive commercial outcomes for these teams and the firm. Responsibilities : - Build and maintain relationship…",Accounting & Finance Jobs,2025-04-15T10:54:59Z,132726.17,132726.17
Internal Auditor - Investment Management,Neuberger Berman,"Grand Central, Manhattan","Neuberger Berman delivers comprehensive investment management products and services to a broad base of clients, from individuals to mid-sized businesses to large institutional investors. This includes separately managed institutional accounts, private wealth management services, 40 Act Mutual Funds, UCITS Funds, and Private Funds. Investment management strategies and products cover a spectrum of traditional and alternative asset classes and risk/return profiles. As an Internal Auditor, you will…",Accounting & Finance Jobs,2025-03-20T10:47:25Z,112508.39,112508.39
"Technical Product Manager, Aladdin Studio, Associate",BlackRock,"New York City, New York","About this role BlackRock is the world’s leading asset management firm and Aladdin is the central nervous system for investment professionals to see their whole portfolio, understand risk exposure, and act with precision. It is a $1BN technology business that has significant growth aspirations over the next five years. Being a part of BlackRock means being a part of a community of smart, results-oriented people who are pursuing some of the world’s most sophisticated financial challenges. And ou…",IT Jobs,2025-02-23T23:33:43Z,132500.0,162500.0
"BlackRock, Inc. is hiring: Technical Product Manager, Aladdin Studio, Associate","BlackRock, Inc.","New York City, New York","About this role BlackRock is the world's leading asset management firm and Aladdin is the central nervous system for investment professionals to see their whole portfolio, understand risk exposure, and act with precision. It is a $1BN technology business that has significant growth aspirations over the next five years. Being a part of BlackRock means being a part of a community of smart, results-oriented people who are pursuing some of the world's most sophisticated financial challenges. And ou…",IT Jobs,2025-03-01T06:14:33Z,102123.23,102123.23
Content Strategist,META,"New York City, New York","Summary: Enterprise Engineering Engagement delivers internal end-user technical support that drives productivity at Meta. We are a dynamic, diverse and globally dispersed team of IT professionals. Our mission is to unlock every individual’s productivity and to this end, we are undertaking an exciting transformation roadmap across our tooling and processes. As we progress our digital strategy transformation, with a focus on self-service, dynamic, and targeted “right channeled” solutions, we are …",IT Jobs,2025-03-23T07:08:39Z,122306.9,122306.9
Content Strategist Job at META in New York,META,"New York City, New York","Summary: Enterprise Engineering Engagement delivers internal end-user technical support that drives productivity at Meta. We are a dynamic, diverse and globally dispersed team of IT professionals. Our mission is to unlock every individual’s productivity and to this end, we are undertaking an exciting transformation roadmap across our tooling and processes. As we progress our digital strategy transformation, with a focus on self-service, dynamic, and targeted “right channeled” solutions, we are …",IT Jobs,2025-03-23T07:07:55Z,109181.21,109181.21
Compliance Manager,Center for Justice Innovation,"Brooklyn, New York City","THE ORGANIZATION The Center for Justice Innovation is a community justice organization that centers safety and racial justice. Since our founding in 1996, the Center has partnered with community members, courts, and the people most impacted to create stronger, healthier, more just communities. Our decades of experience in courts and communities, coupled with our field-leading research and practitioner expertise, help us drive justice nationwide in innovative, powerful, and durable ways. For mor…",Legal Jobs,2025-03-19T19:24:11Z,91053.52,91053.52
"Clinician, Supervised Release Program",Center for Justice Innovation,"Staten Island, New York City","THE ORGANIZATION The Center for Justice Innovation is a community justice organization that centers safety and racial justice. Since our founding in 1996, the Center has partnered with community members, courts, and the people most impacted to create stronger, healthier, more just communities. Our decades of experience in courts and communities, coupled with our field-leading research and practitioner expertise, help us drive justice nationwide in innovative, powerful, and durable ways. For mor…",Legal Jobs,2025-02-02T16:37:06Z,86754.72,86754.72
Executive Assistant,Center for Justice Innovation,"New York City, New York","THE ORGANIZATION The Center for Justice Innovation is a community justice organization that centers safety and racial justice. Since our founding in 1996, the Center has partnered with community members, courts, and the people most impacted to create stronger, healthier, more just communities. Our decades of experience in courts and communities, coupled with our field-leading research and practitioner expertise, help us drive justice nationwide in innovative, powerful, and durable ways. For mor…",Admin Jobs,2025-04-10T19:47:49Z,72947.86,72947.86
Family Functional Therapy (FFT) Therapist,Center for Justice Innovation,"Queens, New York City","THE ORGANIZATION The Center for Justice Innovation is a community justice organization that centers safety and racial justice. Since our founding in 1996, the Center has partnered with community members, courts, and the people most impacted to create stronger, healthier, more just communities. Our decades of experience in courts and communities, coupled with our field-leading research and practitioner expertise, help us drive justice nationwide in innovative, powerful, and durable ways. For mor…",Social work Jobs,2025-04-10T13:06:41Z,59626.84,59626.84
Social Worker,Center for Justice Innovation,"New York City, New York","THE ORGANIZATION The Center for Justice Innovation is a community justice organization that centers safety and racial justice. Since our founding in 1996, the Center has partnered with community members, courts, and the people most impacted to create stronger, healthier, more just communities. Our decades of experience in courts and communities, coupled with our field-leading research and practitioner expertise, help us drive justice nationwide in innovative, powerful, and durable ways. For mor…",Social work Jobs,2025-01-03T18:48:53Z,61575.94,61575.94
Senior Clinician,Center for Justice Innovation,"Brooklyn, New York City","THE ORGANIZATION The Center for Justice Innovation is a community justice organization that centers safety and racial justice. Since our founding in 1996, the Center has partnered with community members, courts, and the people most impacted to create stronger, healthier, more just communities. Our decades of experience in courts and communities, coupled with our field-leading research and practitioner expertise, help us drive justice nationwide in innovative, powerful, and durable ways. For mor…",Legal Jobs,2025-01-03T15:48:17Z,81016.05,81016.05
"Case Manager, Supervised Release Program",Center for Justice Innovation,"Staten Island, New York City","THE ORGANIZATION The Center for Justice Innovation is a community justice organization that centers safety and racial justice. Since our founding in 1996, the Center has partnered with community members, courts, and the people most impacted to create stronger, healthier, more just communities. Our decades of experience in courts and communities, coupled with our field-leading research and practitioner expertise, help us drive justice nationwide in innovative, powerful, and durable ways. For mor…",Legal Jobs,2025-03-17T16:17:18Z,81616.04,81616.04
"Community Engagement Coordinator, Supervised Release Program",Center for Justice Innovation,"Staten Island, New York City","THE ORGANIZATION The Center for Justice Innovation is a community justice organization that centers safety and racial justice. Since our founding in 1996, the Center has partnered with community members, courts, and the people most impacted to create stronger, healthier, more just communities. Our decades of experience in courts and communities, coupled with our field-leading research and practitioner expertise, help us drive justice nationwide in innovative, powerful, and durable ways. For mor…",Social work Jobs,2024-07-22T16:47:52Z,74454.27,74454.27
"Court Liaison, Night Shift",Center for Justice Innovation,"Brooklyn, New York City","THE ORGANIZATION The Center for Justice Innovation is a community justice organization that centers safety and racial justice. Since our founding in 1996, the Center has partnered with community members, courts, and the people most impacted to create stronger, healthier, more just communities. Our decades of experience in courts and communities, coupled with our field-leading research and practitioner expertise, help us drive justice nationwide in innovative, powerful, and durable ways. For mor…",Legal Jobs,2025-04-07T17:06:49Z,79203.56,79203.56
"Coordinator, Community Engagement",Center for Justice Innovation,"New York City, New York","THE ORGANIZATION The Center for Justice Innovation is a community justice organization that centers safety and racial justice. Since our founding in 1996, the Center has partnered with community members, courts, and the people most impacted to create stronger, healthier, more just communities. Our decades of experience in courts and communities, coupled with our field-leading research and practitioner expertise, help us drive justice nationwide in innovative, powerful, and durable ways. For mor…",Social work Jobs,2024-11-11T16:11:39Z,57134.81,57134.81
Supervising Court Liaison,Center for Justice Innovation,"Brooklyn, New York City","THE ORGANIZATION The Center for Justice Innovation is a community justice organization that centers safety and racial justice. Since our founding in 1996, the Center has partnered with community members, courts, and the people most impacted to create stronger, healthier, more just communities. Our decades of experience in courts and communities, coupled with our field-leading research and practitioner expertise, help us drive justice nationwide in innovative, powerful, and durable ways. For mor…",Legal Jobs,2025-02-28T18:03:29Z,104473.45,104473.45
Hospital Responder,Center for Justice Innovation,"Brooklyn, New York City","THE ORGANIZATION The Center for Justice Innovation is a community justice organization that centers safety and racial justice. Since our founding in 1996, the Center has partnered with community members, courts, and the people most impacted to create stronger, healthier, more just communities. Our decades of experience in courts and communities, coupled with our field-leading research and practitioner expertise, help us drive justice nationwide in innovative, powerful, and durable ways. For mor…",Social work Jobs,2024-05-15T13:19:00Z,75966.41,75966.41
Outreach Worker Supervisor,Center for Justice Innovation,"Brooklyn, New York City","THE ORGANIZATION The Center for Justice Innovation is a community justice organization that centers safety and racial justice. Since our founding in 1996, the Center has partnered with community members, courts, and the people most impacted to create stronger, healthier, more just communities. Our decades of experience in courts and communities, coupled with our field-leading research and practitioner expertise, help us drive justice nationwide in innovative, powerful, and durable ways. For mor…",Social work Jobs,2025-03-21T16:31:10Z,62649.56,62649.56
"Case Management Coordinator, Supervised Release Program",Center for Justice Innovation,"Staten Island, New York City","THE ORGANIZATION The Center for Justice Innovation is a community justice organization that centers safety and racial justice. Since our founding in 1996, the Center has partnered with community members, courts, and the people most impacted to create stronger, healthier, more just communities. Our decades of experience in courts and communities, coupled with our field-leading research and practitioner expertise, help us drive justice nationwide in innovative, powerful, and durable ways. For mor…",Legal Jobs,2025-02-27T20:59:45Z,85274.6,85274.6
"Part-Time Case Manager, Supervised Release Program",Center for Justice Innovation,"Staten Island, New York City","THE ORGANIZATION The Center for Justice Innovation is a community justice organization that centers safety and racial justice. Since our founding in 1996, the Center has partnered with community members, courts, and the people most impacted to create stronger, healthier, more just communities. Our decades of experience in courts and communities, coupled with our field-leading research and practitioner expertise, help us drive justice nationwide in innovative, powerful, and durable ways. For mor…",Part time Jobs,2025-02-25T15:25:45Z,72055.92,72055.92
"Hospital Responder, Save Our Streets South Bronx",Center for Justice Innovation,"Bronx, New York City","THE ORGANIZATION The Center for Justice Innovation is a community justice organization that centers safety and racial justice. Since our founding in 1996, the Center has partnered with community members, courts, and the people most impacted to create stronger, healthier, more just communities. Our decades of experience in courts and communities, coupled with our field-leading research and practitioner expertise, help us drive justice nationwide in innovative, powerful, and durable ways. For mor…",Social work Jobs,2024-11-25T16:53:27Z,85121.93,85121.93
Violence Interrupter- SOS Crown Heights,Center for Justice Innovation,"Brooklyn, New York City","THE ORGANIZATION The Center for Justice Innovation is a community justice organization that centers safety and racial justice. Since our founding in 1996, the Center has partnered with community members, courts, and the people most impacted to create stronger, healthier, more just communities. Our decades of experience in courts and communities, coupled with our field-leading research and practitioner expertise, help us drive justice nationwide in innovative, powerful, and durable ways. For mor…",Social work Jobs,2025-03-21T19:31:30Z,65046.84,65046.84
"Project Manager, Business and Operations",Center for Justice Innovation,"New York City, New York","THE ORGANIZATION The Center for Justice Innovation is a community justice organization that centers safety and racial justice. Since our founding in 1996, the Center has partnered with community members, courts, and the people most impacted to create stronger, healthier, more just communities. Our decades of experience in courts and communities, coupled with our field-leading research and practitioner expertise, help us drive justice nationwide in innovative, powerful, and durable ways. For mor…",Admin Jobs,2025-04-04T19:10:17Z,79346.23,79346.23
Executive Director ME&I,VML,"Grand Central, Manhattan","Who We Are: At VML, we are a beacon of innovation and growth in an ever-evolving world. Our heritage is built upon a century of combined expertise, where creativity meets technology, and diverse perspectives ignite inspiration. With the merger of VMLY&R and Wunderman Thompson, we have forged a new path as a growth partner that is part creative agency, part consultancy, and part technology powerhouse. Our global family now encompasses over 30,000 employees across 150 offices in 64 markets, each …","PR, Advertising & Marketing Jobs",2025-03-03T14:32:06Z,119175.05,119175.05
"Sr Product Manager, Customer Data",Spring Health,"New York City, New York","Job Description Job Description Our mission: to eliminate every barrier to mental health. At Spring Health, we're on a mission to revolutionize mental healthcare by removing every barrier that prevents people from getting the help they need, when they need it. Our clinically validated technology, Precision Mental Healthcare , empowers us to deliver the right care at the right time—whether it's therapy, coaching, medication, or beyond—tailored to each individual's needs. We proudly partner with …",IT Jobs,2025-04-16T23:28:30Z,119421.95,119421.95
Research Product Manager,Cantor Fitzgerald,"Grand Central, Manhattan","Description Position Overview Newmark is seeking a Research Product Manager to assess and define the functional requirements needed to enhance the Research team’s ability to report on market trends and provide data-driven support to brokerage teams. This role will focus on gathering requirements, defining needs, and developing a strategic plan for execution rather than direct implementation. The ideal candidate has a background in commercial real estate research, with experience in product mana…",Consultancy Jobs,2025-04-05T19:55:53Z,98378.19,98378.19
Manager/Senior Manager - Data Science (Pharma & Life sciences),Tiger Analytics,"Jersey City, Hudson County","Tiger Analytics is an advanced analytics consulting firm that partners with some of the largest global organizations to turn data into actionable insights. We solve complex analytical problems at scale and have built a reputation for delivering valuable data-driven solutions across various industries, including Pharma and Life Sciences. If you are passionate about leveraging data science to address critical challenges in the Pharma & Life Sciences sector, this role is an excellent fit for you. …",IT Jobs,2025-03-11T12:18:09Z,106163.52,106163.52
Senior GCP Data Engineer,Marencor,"Wall Street, Manhattan","Location : NYC Duration : 12 months Role-Specific Technical Requirements (Based on Interview Questions) Deep understanding of SQL compression techniques and optimization strategies. Expert knowledge of GCP architecture, core services, and best practices. Ability to design and implement Pub/Sub-based solutions for real-time, high-volume data ingestion. Proven approach to ensuring low-latency data processing in distributed environments. Demonstrated experience implementing security and access con…",IT Jobs,2025-04-17T07:45:38Z,145600.0,
INTERN - Data Research,UN Department of Operational Support,"New York City, New York","These positions are located in the Office of Supply Chain Management (OSCM), Department of Operational Support (DOS). The programme is normally full-time, i.e. an intern is expected to work five days per week (9: 00 a.m. - 5:00 p.m.) in the department or office of the Secretariat to which he/she is assigned, carrying out his/her tasks under the supervision of a staff member - the supervisor. Our Interns work as full members of our team, pursue projects that are designed to make a significant di…",IT Jobs,2024-03-26T11:40:26Z,33832.99,33832.99
Corporate Vice President - Financial / Actuarial Modeling Tech Solutions Lead,New York Life Insurance Company,"Grand Central, Manhattan","As part of Technology, youll have the opportunity to contribute to groundbreaking initiatives that shape New York Lifes digital landscape. Leverage cutting-edge technologies like Generative AI to increase productivity, streamline processes, and create seamless experiences for clients, agents, and employees. Your expertise fuels innovation, agility, and growth — driving the companys success . Role Overview: We are currently seeking a Technology Solutions Lead within the New York Life Corporate F…",IT Jobs,2025-03-24T12:27:58Z,142181.48,142181.48
"Account Director, Client Development & Strategy",Storyful,"New York City, New York","Job Description : Job Title: Account Director, Client Development & Strategy Location: New York Hybrid Role - in office three days/week About Storyful: Storyful, a News Corp company, is a global leader in social media news and intelligence reporting. We harness data from across the digital and social media landscape to provide trusted, cross-platform content and context in a complex online information environment. Storyful Intelligence We help partners understand the attitudes, behaviors, and e…","PR, Advertising & Marketing Jobs",2025-03-25T22:45:47Z,113475.73,113475.73
Resource Coordinator,Center for Justice Innovation,"Brooklyn Heights, Brooklyn","THE ORGANIZATION The Center for Justice Innovation is a community justice organization that centers safety and racial justice. Since our founding in 1996, the Center has partnered with community members, courts, and the people most impacted to create stronger, healthier, more just communities. Our decades of experience in courts and communities, coupled with our field-leading research and practitioner expertise, help us drive justice nationwide in innovative, powerful, and durable ways. For mor…",Legal Jobs,2025-03-11T01:29:07Z,52000.0,55500.0
Senior Analytics Engineer,FanDuel,"New York City, New York","ABOUT FANDUEL FanDuel Group is the premier mobile gaming company in the United States. FanDuel Group consists of a portfolio of leading brands across mobile wagering including, America’s 1 Sportsbook FanDuel Sportsbook, its leading iGaming platform FanDuel Casino, the industry’s unquestioned leader in horse racing and advance-deposit wagering, FanDuel Racing and its daily fantasy sports product. In addition, FanDuel Group operates FanDuel TV, its broadly distributed linear cable television netw…",IT Jobs,2025-02-16T10:42:32Z,126000.0,163800.0
Senior Analytics Engineer,FanDuel,"Jersey City, Hudson County","ABOUT FANDUEL FanDuel Group is the premier mobile gaming company in the United States. FanDuel Group consists of a portfolio of leading brands across mobile wagering including, America’s 1 Sportsbook FanDuel Sportsbook, its leading iGaming platform FanDuel Casino, the industry’s unquestioned leader in horse racing and advance-deposit wagering, FanDuel Racing and its daily fantasy sports product. In addition, FanDuel Group operates FanDuel TV, its broadly distributed linear cable television netw…",IT Jobs,2025-02-17T21:07:47Z,126000.0,163800.0
"Senior Product Designer, Consumer Mobile",Fora Travel,"New York City, New York","About Fora Fora is the modern travel agency, redefining what it means to be a travel advisor in today's world. We're a next-generation platform that provides a comprehensive, business-in-a-box solution -combining cutting-edge technology , personalized training , a vibrant community , and exclusive industry partnerships -all designed to empower anyone with a passion for travel to turn that passion into a thriving business. Whether you're a travel enthusiast or an experienced professional, Fora e…",Creative & Design Jobs,2025-04-18T15:25:18Z,155739.83,155739.83
"Group VP, Strategy & Analytics",Mars United Commerce,"New York City, New York","We seek a hands-on Group Vice President of Strategy and Analytics with a strong background in shopper marketing, retail strategy, and the confectionery category. The ideal candidate will have significant experience driving growth for clients, possess a strong shopper and commerce marketing strategy background, possess strong research and analytical skills, and has a demonstrable track record of having the ability to devise category and brand-inspiring growth strategies. This person must reside …","PR, Advertising & Marketing Jobs",2025-03-13T02:05:17Z,150000.0,210000.0
Solutions Architect - Oracle Data & Analytics - Manager,PwC,"Grand Central, Manhattan","Specialty/Competency: Oracle Industry/Sector: Not Applicable Time Type: Full time Travel Requirements: Up to 60% A career in Oracle consulting will provide you with the opportunity to help organisations use enterprise technology to achieve their digital technology goals and capitalise on business opportunities. We help our clients implement and effectively use Oracle offerings to solve their business problems and fuel success in the areas of finance, operations, human capital, customer, and gov…",IT Jobs,2025-02-13T09:35:28Z,164702.03,164702.03
"Technical Product Manager, Aladdin Studio, Associate",BlackRock,"Grand Central, Manhattan","About this role BlackRock is the world's leading asset management firm and Aladdin is the central nervous system for investment professionals to see their whole portfolio, understand risk exposure, and act with precision. It is a $1BN technology business that has significant growth aspirations over the next five years. Being a part of BlackRock means being a part of a community of smart, results-oriented people who are pursuing some of the world's most sophisticated financial challenges. And ou…",IT Jobs,2025-02-13T10:13:53Z,87249.89,87249.89
"Senior Product Designer, Consumer Mobile",Fora Travel,"New York City, New York","About Fora Fora is the modern travel agency, redefining what it means to be a travel advisor in today’s world. We’re a next-generation platform that provides a comprehensive, business-in-a-box solution —combining cutting-edge technology , personalized training , a vibrant community , and exclusive industry partnerships —all designed to empower anyone with a passion for travel to turn that passion into a thriving business. Whether you're a travel enthusiast or an experienced professional, Fora e…",Creative & Design Jobs,2025-04-08T03:53:05Z,160000.0,180000.0
Marketing Research Analyst,Goya Foods Inc,"Washington Street, Hudson County","Marketing Research Analyst Goya Foods, Inc., a leader in the consumer-packaged goods (CPG) industry based in Jersey City, New Jersey, is looking for a data driven marketing analyst to join our Marketing Research team. The position requires a pivotal role between several departments, sharing and informing about the market trends. Summary of Essential Duties and Responsibilities: Provides analytical business support to several company stakeholders by: Drive the Scan/Panel data research at the com…","PR, Advertising & Marketing Jobs",2025-04-16T08:32:54Z,96488.27,96488.27
Marketing Research Analyst,Goya Foods Inc,"Jersey City, Hudson County","Marketing Research Analyst Goya Foods, Inc., a leader in the consumer-packaged goods (CPG) industry based in Jersey City, New Jersey, is looking for a data driven marketing analyst to join our Marketing Research team. The position requires a pivotal role between several departments, sharing and informing about the market trends. Summary of Essential Duties and Responsibilities: Provides analytical business support to several company stakeholders by: Drive the Scan/Panel data research at the com…","PR, Advertising & Marketing Jobs",2025-04-18T15:26:28Z,86292.63,86292.63
IT Associate Business Analyst,SourcePro Search,"Prince, Manhattan","SourcePro Search has a fantastic opportunity for an IT Associate Business Analyst for a large global group serving an international clientele consisting of some of the largest brands in the world. This role offers a competitive salary, excellent benefits and tremendous growth opportunities. The ideal candidate will focus on project implementation, procedural design, daily support such as data integrity check, process reengineering and co-ordinate project activities and processes with different …",IT Jobs,2024-08-08T09:34:52Z,81638.54,81638.54
"Supervising Case Manager, Supervised Release Program",Center for Justice Innovation,"Brooklyn, New York City","THE ORGANIZATION The Center for Justice Innovation is a community justice organization that centers safety and racial justice. Since our founding in 1996, the Center has partnered with community members, courts, and the people most impacted to create stronger, healthier, more just communities. Our decades of experience in courts and communities, coupled with our field-leading research and practitioner expertise, help us drive justice nationwide in innovative, powerful, and durable ways. For mor…",Legal Jobs,2025-03-19T19:24:12Z,106739.84,106739.84
"Senior BI Engineer, New York",ION Group,"New York City, New York","We are seeking a Senior BI Engineer with extensive experience in business intelligence, reporting, and analytics to join our dynamic team. The ideal candidate will possess deep expertise in Amazon Redshift, Amazon QuickSight, and will collaborate closely with major financial institutions to develop and optimize robust BI solutions. This role involves designing, building, and maintaining data models and analytics platforms to drive data-informed decision-making processes. Key Responsibilities Bu…",IT Jobs,2024-10-25T07:29:00Z,170000.0,200000.0
"Digital Insights Analyst, GZERO Media",Eurasia Group,"Gramercy Park and Murray Hill, Manhattan","GZERO Media is seeking a Digital Insights Analyst to support the efforts of our growing media company. This position is based in our NYC headquarters in the Flatiron district and reports to the Head of Growth. The successful digital insights analyst is intellectually curious and passionate about data analysis and insights storytelling. The successful candidate will be primarily responsible for tracking audience engagement, content performance, and traffic across digital platforms - including ou…","PR, Advertising & Marketing Jobs",2024-08-08T09:55:57Z,80250.61,80250.61
Head of Data,Rize Education,"New York City, New York","Rize Education Overview Mission : fundamentally transform higher education and provide every student with an enjoyable and riskless pathway to a fulfilling career Initial Problem : colleges desperately need to increase enrollment & improve outcomes, but can’t afford the upfront investment & costs for new degree programs Solution : high-quality, flexible degree programs that dramatically reduce cost and risk. By allowing colleges to add new online courses taught by other institutions, Rize provi…",IT Jobs,2025-04-01T03:26:09Z,200000.0,230000.0
Operations Supervisor,Fortune Society,"Astoria, Queens","Job Details Long Island City - Long Island City, NY Full-Time Exempt $65000.00 - $75000.00 Salary/year Description Title: Operations Supervisor (Team Leader) Unit: Education & Employment Services Salary: $65,000 to $75,000 Reports to: Project Director, Pathway Home 5 Status: Full Time; Regular, Exempt Location: NYS DOCCS Facilities; LIC Office Days/Hours: Monday - Friday , 9am-5pm; Some evenings and weekends may be required Organization Overview: The Fortune Society, Inc. (Fortune) has been wor…",Customer Services Jobs,2024-12-09T12:41:51Z,65000.0,75000.0
Google Cloud Data Engineer,Tech Tammina LLC,"New York City, New York","Job Description Job Description Title: Senior GCP Data Engineer Location: Onsite in Manhattan, NY Duration: 12 Months (with strong possibility for renewal) Visa : USC OR GC Key Responsibilities Design, build, and optimize end-to-end data pipelines using GCP-native services such as Dataflow, Dataproc, and Pub/Sub. Implement data ingestion, transformation, and processing workflows using Apache Beam, Apache Spark, and scripting in Python. Manage and optimize data storage using BigQuery, Cloud Stor…",IT Jobs,2025-04-15T11:20:24Z,120099.68,120099.68
Global Consumer Claims Analytics Product Owner,Chubb,"Jersey City, Hudson County","Description Define and deliver consumer claims AI and analytics capabilities while aligning with overall business objectives and industry trends. Leverage advanced analytics techniques, including machine learning and AI, to identify opportunities for process optimization and customer experience enhancement. Collaborate with data scientists and analysts to develop solutions to deliver cost savings and operational efficiency. Work closely with development teams to ensure the timely delivery of hi…",IT Jobs,2024-12-05T12:49:02Z,147802.92,147802.92
Temporary Digital Archive Specialist,Center for Justice Innovation,"Chelsea and Clinton, Manhattan","THE ORGANIZATION The Center for Justice Innovation is a community justice organization that centers safety and racial justice. Since our founding in 1996, the Center has partnered with community members, courts, and the people most impacted to create stronger, healthier, more just communities. Our decades of experience in courts and communities, coupled with our field-leading research and practitioner expertise, help us drive justice nationwide in innovative, powerful, and durable ways. For mor…",IT Jobs,2025-02-01T07:59:41Z,58240.0,62400.0
"Senior Director of Product, Maternity Program",Maven Clinic,"New York City, New York","Job Description Job Description Maven is the world's largest virtual clinic for women and families on a mission to make healthcare work for all of us. Maven's award-winning digital programs provide clinical, emotional, and financial support all in one platform, spanning fertility & family building, maternity & newborn care, parenting & pediatrics, and menopause & midlife. More than 2,000 employers and health plans trust Maven's end-to-end platform to improve clinical outcomes, reduce healthcare…",Healthcare & Nursing Jobs,2025-04-04T13:57:51Z,155070.98,155070.98
"Youth Coach, Alternative to Detention",Center for Justice Innovation,"Jamaica, Queens","THE ORGANIZATION The Center for Justice Innovation is a community justice organization that centers safety and racial justice. Since our founding in 1996, the Center has partnered with community members, courts, and the people most impacted to create stronger, healthier, more just communities. Our decades of experience in courts and communities, coupled with our field-leading research and practitioner expertise, help us drive justice nationwide in innovative, powerful, and durable ways. For mor…",Social work Jobs,2025-04-02T01:09:35Z,52000.0,53925.0
"Sr. Engineering Manager, Data and Customer Platforms",Tory Burch,"Jersey City, Hudson County","We are an American luxury lifestyle brand, founded in 2004. Anchored in the casual elegance of American sportswear, Tory’s design philosophy is defined by effortless silhouettes, innovative materials, eclectic juxtapositions of color, and the tension of past and present. The collections include ready-to-wear, handbags, footwear, accessories, jewelry, home and beauty. Empowering women is the company’s guiding principle, expressed through Tory’s collections and reflected in the company culture as…",IT Jobs,2025-03-03T21:17:39Z,0.0,215000.0
Employee Relations Specialist,Center for Justice Innovation,"New York City, New York","THE ORGANIZATION The Center for Justice Innovation is a community justice organization that centers safety and racial justice. Since our founding in 1996, the Center has partnered with community members, courts, and the people most impacted to create stronger, healthier, more just communities. Our decades of experience in courts and communities, coupled with our field-leading research and practitioner expertise, help us drive justice nationwide in innovative, powerful, and durable ways. For mor…",HR & Recruitment Jobs,2025-03-13T21:53:46Z,75000.0,90000.0
"Aladdin Business, Sales Lead for Aladdin Studio, Vice President Job at BlackRock",BlackRock,"New York City, New York","About this role ALADDIN is our operating system for handling financial portfolios. It unites the information, people, and technology needed to manage money in real time at every step of the investment process. Aladdin exists so that every financial professional can see, understand, and act with clarity. Aladdin combines sophisticated risk analytics with comprehensive portfolio management, trading, and operations tools on a single platform to power informed decision-making. The platform builds a…",Accounting & Finance Jobs,2024-12-28T06:06:45Z,134414.47,134414.47
"Director, Data Science",MoneyLion,"New York City, New York","About the Role We are seeking a Director of Data Science to lead our Data Science team within the Marketplace division of MoneyLion. In this role, you will take ownership of a team that builds and optimizes high revenue, client facing predictive pricing and recommendation models. You will work closely with our Engineering and Research leads to streamline and optimize our model and data product development processes, own model performance and results within the marketplace, and build long term s…",IT Jobs,2025-03-08T20:55:43Z,180000.0,190000.0
Borrower Credit Analyst,Cantor Fitzgerald,"Grand Central, Manhattan","Description Spring11: Spring11, an affiliate of Newmark provides a full suite of commercial real estate services to a wide range of clients including some of the world’s largest banks, debt and equity funds, REITs, life insurance companies, brokerages, and investors throughout the United States and Europe. Our team consists of over 600 employees based in New York, Atlanta, Houston, Boca Raton, Kansas City, and Chennai, India. Responsibilities Job Title: Borrower Credit Analyst Location: Remote …",Accounting & Finance Jobs,2025-04-18T23:37:00Z,65000.0,70000.0
"Behavior Technician, Willing to Train",Proud Moments,"Colonial Park, Manhattan","Overview: Proud Moments ABA is a national behavioral health organization, providing the gold standard of Applied Behavior Analysis (ABA) services for children on the autism spectrum from birth to age 21. We are looking for Behavior Technicians (BT's) to join our growing team. Our BT's are an essential part of the treatment team- providing 1-1 specialized treatment in partnership with our Board Certified Behavior Analysts to our clients in a home-based setting. If you are looking for a career th…",Healthcare & Nursing Jobs,2025-04-20T03:18:09Z,49259.86,49259.86
"Executive Director, Marketing Analytics",Hudson Rouge,"New York City, New York","WHO IS HUDSON ROUGE? Hudson Rouge (a VML company) is a luxury boutique marketing and communications agency that works solely on luxury brands and is the exclusive agency of record for the Lincoln Automotive business across all channels. We combine brand strategy, media strategy, activation, digital, social, earned media, production and analytics to provide exquisitely crafted creativity. We are a small group of people spread across several offices — New York, Detroit, Shanghai, Toronto, and Mex…","PR, Advertising & Marketing Jobs",2025-03-29T00:19:59Z,155000.0,390000.0
"Principal Economist, Stores Economics and Science",Amazon,"Grand Central, Manhattan","Description This role will contribute to developing the Economics and Science products and services in the Fee domain, with specialization in supply chain systems and fees. Through the lens of economics, you will develop causal links for how Amazon, Sellers and Customers interact. You will be a key and senior scientist, advising Amazon leaders how to price our services. You will work on developing frameworks and scaleable, repeatable models supporting optimal pricing and policy in the two-sided…",Scientific & QA Jobs,2025-04-19T10:56:03Z,115368.17,115368.17
Operations Analyst,James Allen,"New York City, New York","The Operations Analyst will take a data-driven approach to gathering insights geared towards making informed decisions and process improvements critical to the success of the company’s production. This position entails working on multiple projects across departments to provide clear and actionable insight for business operations and strategy such as production/sales, inventory management, and fulfillment. You will be expected to act as a strategist, identifying and proposing policies and practi…",IT Jobs,2025-03-06T16:58:47Z,65000.0,85000.0
Staff Analyst/Transportation Planner Series - Operations Planning,Metropolitan Transportation Authority,"New York City, New York","Description Position at MABSTOA JOB INFORMATION Title Staff Analyst/ Transportation Planner Series First Day of Posting 3.18.2025 Last Day of Posting Open till filled Authority OA/TA Department Operations Planning Division/Unit Rail Planning Reports to Manager, Transit Demand Analysis Work Location 2 Broadway, New York NY Hours of Work 9am -5pm COMPENSATION Transportation Planner Series Principal Transportation Planner (OA): $96,595- $128,289 Senior Transportation Planner (OA): $91,154 – $116,2…",Consultancy Jobs,2025-03-22T22:21:53Z,68962.0,81642.0
Leave of Absence and Accommodations Specialist,Center for Justice Innovation,"Chelsea and Clinton, Manhattan","THE ORGANIZATION The Center for Justice Innovation is a community justice organization that centers safety and racial justice. Since our founding in 1996, the Center has partnered with community members, courts, and the people most impacted to create stronger, healthier, more just communities. Our decades of experience in courts and communities, coupled with our field-leading research and practitioner expertise, help us drive justice nationwide in innovative, powerful, and durable ways. For mor…",Legal Jobs,2025-02-14T07:33:06Z,75000.0,95000.0
AI & Business Intelligence Engineering Manager,Stevens Institute of Technology,"Hoboken, Hudson County","Job Description Job Summary The AI & Business Intelligence Engineering Manager will lead the design, development, and integration of AI solutions while performing data analysis, forecasting, and business strategy initiatives. This hands-on role involves full-stack software development using technologies such as React, Python, JavaScript, and large language models (LLMs) and other AI technologies to build an AI career coach application. The candidate will also be responsible for automating proce…",IT Jobs,2025-04-15T08:31:53Z,125000.0,125000.0
Senior/Lead Product Designer – Engagement & Retention,Artsy,"New York City, New York","Artsy is on a mission to expand the art market to support more artists and art in the world. As a Senior or Lead Product Designer, you will play a key role in shaping and elevating our customer experience, ensuring collectors can seamlessly discover, follow, and purchase artworks. This role requires strategic, user-centered thinking and exceptional design craft to deliver engaging, frictionless experiences. You’ll work on complex design challenges that directly impact Artsy’s marketplace, empow…",Creative & Design Jobs,2025-03-01T19:00:23Z,150000.0,195000.0
Compliance Specialist,Center for Justice Innovation,"Brooklyn Heights, Brooklyn","THE ORGANIZATION The Center for Justice Innovation is a community justice organization that centers safety and racial justice. Since our founding in 1996, the Center has partnered with community members, courts, and the people most impacted to create stronger, healthier, more just communities. Our decades of experience in courts and communities, coupled with our field-leading research and practitioner expertise, help us drive justice nationwide in innovative, powerful, and durable ways. For mor…",Legal Jobs,2025-03-02T21:42:54Z,52000.0,63500.0
Lead Mentor,Center for Justice Innovation,"Central Brooklyn, Brooklyn","THE ORGANIZATION The Center for Justice Innovation is a community justice organization that centers safety and racial justice. Since our founding in 1996, the Center has partnered with community members, courts, and the people most impacted to create stronger, healthier, more just communities. Our decades of experience in courts and communities, coupled with our field-leading research and practitioner expertise, help us drive justice nationwide in innovative, powerful, and durable ways. For mor…",Legal Jobs,2025-01-23T13:36:15Z,52000.0,54000.0
Senior Designer,Uncommon Goods,"Brooklyn, New York City","ABOUT US Uncommon Goods partners with independent makers and small businesses to offer a wide and constantly evolving assortment of original, creative products. We are built on better business practices and committed to having a positive impact. Learn more here . The best part of Uncommon Goods is us—our team. We've been around for over 20 years because of all the wonderful people who make UG the one-of-a-kind company it is. Learn more about our products , B Corp certification , guiding princip…",Creative & Design Jobs,2025-04-05T22:43:32Z,117608.38,117608.38
Principal Data Scientist,,"New York City, New York","Location: Barcelona Office or Remote from Spain About the Role: At Heetch , we are looking for a Principal Data Scientist to lead and drive data science initiatives that will shape the future of our platform. You will own the end-to-end development of impactful analysis, experimentation, machine learning models and algorithms, turning complex data into actionable insights that enhance the experience of both drivers and passengers. As a technical leader , you will set the vision for data science…",IT Jobs,2025-04-01T16:12:50Z,149052.81,149052.81
Director of Data Science and Credit Risk,Biz2Credit,"Greeley Square, Manhattan","About US At Biz2Credit, we look for individuals who are ready to join a dynamic and innovative fintech company on a mission to change the lending landscape for small businesses. Our values of Collaboration, Responsibility, Empowerment, Disruption, Innovation, and Trust guide everything we do, and our purpose of helping small businesses succeed drives us forward. As a company, we believe that with the right tools and support, small business owners can achieve their dreams, and we're here to make…",IT Jobs,2025-03-12T22:51:35Z,160000.0,190000.0
"Behavior Technician, Willing to Train",Proud Moments,"Staten Island, New York City","Overview: Proud Moments ABA is a national behavioral health organization, providing the gold standard of Applied Behavior Analysis (ABA) services for children on the autism spectrum from birth to age 21. We are looking for Behavior Technicians (BT's) to join our growing team. Our BT's are an essential part of the treatment team- providing 1-1 specialized treatment in partnership with our Board Certified Behavior Analysts to our clients in a home-based setting. If you are looking for a career th…",Healthcare & Nursing Jobs,2025-04-20T03:18:09Z,48485.34,48485.34
"Behavior Technician, Willing to Train",Proud Moments,"Gramercy Park and Murray Hill, Manhattan","Overview: Proud Moments ABA is a national behavioral health organization, providing the gold standard of Applied Behavior Analysis (ABA) services for children on the autism spectrum from birth to age 21. We are looking for Behavior Technicians (BT's) to join our growing team. Our BT's are an essential part of the treatment team- providing 1-1 specialized treatment in partnership with our Board Certified Behavior Analysts to our clients in a home-based setting. If you are looking for a career th…",Healthcare & Nursing Jobs,2025-04-20T06:19:59Z,51140.06,51140.06
"Peer Specialist, Bronx HOPE",Center for Justice Innovation,"High Bridge and Morrisania, Bronx","THE ORGANIZATION The Center for Justice Innovation is a community justice organization that centers safety and racial justice. Since our founding in 1996, the Center has partnered with community members, courts, and the people most impacted to create stronger, healthier, more just communities. Our decades of experience in courts and communities, coupled with our field-leading research and practitioner expertise, help us drive justice nationwide in innovative, powerful, and durable ways. For mor…",Social work Jobs,2024-10-04T09:24:20Z,52000.0,57500.0
"Content Strategist, Sports & Outdoor",WGSN,"New York City, New York","The role We are looking to hire a Content Strategist to join our Sports & Outdoor team based in New York. Salary range - $62,634 - $76,000 Please note, this is not a marketing role. We are looking for a Content Trend Forecaster who has the ability to demonstrate world class written, video and visual reports/content. Working at WGSN Together, we create tomorrow A career with WGSN is fast-paced, exciting and full of opportunities to grow and develop. We’re a team of consumer and design trend fore…","PR, Advertising & Marketing Jobs",2025-03-12T22:20:40Z,62634.0,76000.0
Service Owner - Data Platforms,Kyndryl,"Grand Central, Manhattan","Who We Are At Kyndryl, we design, build, manage and modernize the mission-critical technology systems that the world depends on every day. So why work at Kyndryl? We are always moving forward - always pushing ourselves to go further in our efforts to build a more equitable, inclusive world for our employees, our customers and our communities. The Role Your Future at Kyndryl Every position at Kyndryl offers a way forward to grow your career. We have training and upskilling programs that you find…",Consultancy Jobs,2025-03-14T10:43:31Z,167654.12,167654.12
Violence Interrupter,Center for Justice Innovation,"New York City, New York","THE ORGANIZATION The Center for Justice Innovation is a community justice organization that centers safety and racial justice. Since our founding in 1996, the Center has partnered with community members, courts, and the people most impacted to create stronger, healthier, more just communities. Our decades of experience in courts and communities, coupled with our field-leading research and practitioner expertise, help us drive justice nationwide in innovative, powerful, and durable ways. For mor…",Legal Jobs,2025-03-24T22:53:03Z,52000.0,57500.0
"Peer Specialist, Bronx HOPE",Center for Justice Innovation,"Bronx, New York City","THE ORGANIZATION The Center for Justice Innovation is a community justice organization that centers safety and racial justice. Since our founding in 1996, the Center has partnered with community members, courts, and the people most impacted to create stronger, healthier, more just communities. Our decades of experience in courts and communities, coupled with our field-leading research and practitioner expertise, help us drive justice nationwide in innovative, powerful, and durable ways. For mor…",Social work Jobs,2025-03-07T18:23:46Z,47556.39,47556.39
"Axiom Software Engineer (Regulatory Reporting), Associate Vice President",MUFG,"Tyler Park, Hudson County","Do you want your voice heard and your actions to count? Discover your opportunity with Mitsubishi UFJ Financial Group (MUFG), one of the world's leading financial groups. Across the globe, we're 120,000 colleagues, striving to make a difference for every client, organization, and community we serve. We stand for our values, building long-term relationships, serving society, and fostering shared and sustainable growth for a better world. With a vision to be the world's most trusted financial gro…",IT Jobs,2025-01-17T18:56:40Z,166618.55,166618.55
"Social Worker, Safety and Empowerment",Center for Justice Innovation,"Williamsbridge, Bronx","THE ORGANIZATION The Center for Justice Innovation is a community justice organization that centers safety and racial justice. Since our founding in 1996, the Center has partnered with community members, courts, and the people most impacted to create stronger, healthier, more just communities. Our decades of experience in courts and communities, coupled with our field-leading research and practitioner expertise, help us drive justice nationwide in innovative, powerful, and durable ways. For mor…",Social work Jobs,2025-02-20T20:53:39Z,57500.0,73500.0
"Peer Specialist, Harm Reduction",Center for Justice Innovation,"Brooklyn Heights, Brooklyn","THE ORGANIZATION The Center for Justice Innovation is a community justice organization that centers safety and racial justice. Since our founding in 1996, the Center has partnered with community members, courts, and the people most impacted to create stronger, healthier, more just communities. Our decades of experience in courts and communities, coupled with our field-leading research and practitioner expertise, help us drive justice nationwide in innovative, powerful, and durable ways. For mor…",Social work Jobs,2025-04-06T20:49:36Z,52000.0,57500.0
"Program Manager, Community Initiatives",Center for Justice Innovation,"Hub, Bronx","THE ORGANIZATION The Center for Justice Innovation is a community justice organization that centers safety and racial justice. Since our founding in 1996, the Center has partnered with community members, courts, and the people most impacted to create stronger, healthier, more just communities. Our decades of experience in courts and communities, coupled with our field-leading research and practitioner expertise, help us drive justice nationwide in innovative, powerful, and durable ways. For mor…",Social work Jobs,2024-12-28T13:38:15Z,66490.0,85600.0
"Senior Marketing Consultant, Business Banking: Brand, Content, and Digital",Wells Fargo,"Grand Central, Manhattan","About this role: Wells Fargo is seeking a Senior Marketing Consultant to help support the brand positioning, and messaging of Business Banking across marketing channels to drive awareness, engagement, and conversion. Brand Strategy and Execution: · This role will aid in the development, socialization, consulting, and management of the Business Banking brand implementation across the enterprise. · Partner cross-functionally on the seamless execution of upper funnel General Market and Hispanic ma…","PR, Advertising & Marketing Jobs",2025-04-15T10:56:11Z,120193.18,120193.18
Temporary Benefits Manager,Center for Justice Innovation,"Chelsea and Clinton, Manhattan","THE ORGANIZATION The Center for Justice Innovation is a community justice organization that centers safety and racial justice. Since our founding in 1996, the Center has partnered with community members, courts, and the people most impacted to create stronger, healthier, more just communities. Our decades of experience in courts and communities, coupled with our field-leading research and practitioner expertise, help us drive justice nationwide in innovative, powerful, and durable ways. For mor…",Legal Jobs,2025-04-02T09:59:33Z,114296.0,125715.0
"Project Manager, Business and Operations",Center for Justice Innovation,"Chelsea and Clinton, Manhattan","THE ORGANIZATION The Center for Justice Innovation is a community justice organization that centers safety and racial justice. Since our founding in 1996, the Center has partnered with community members, courts, and the people most impacted to create stronger, healthier, more just communities. Our decades of experience in courts and communities, coupled with our field-leading research and practitioner expertise, help us drive justice nationwide in innovative, powerful, and durable ways. For mor…",Admin Jobs,2025-04-07T17:03:52Z,70000.0,88500.0
"Data Management Pipeline Engineer, Vice President",MUFG Bank,"Jersey City, Hudson County","Do you want your voice heard and your actions to count? Discover your opportunity with Mitsubishi UFJ Financial Group (MUFG), one of the world’s leading financial groups. Across the globe, we’re 120,000 colleagues, striving to make a difference for every client, organization, and community we serve. We stand for our values, building long-term relationships, serving society, and fostering shared and sustainable growth for a better world. With a vision to be the world’s most trusted financial gro…",IT Jobs,2025-04-08T20:55:20Z,143000.0,182000.0
Violence Interrupter,Center for Justice Innovation,"Bronx, New York City","THE ORGANIZATION The Center for Justice Innovation is a community justice organization that centers safety and racial justice. Since our founding in 1996, the Center has partnered with community members, courts, and the people most impacted to create stronger, healthier, more just communities. Our decades of experience in courts and communities, coupled with our field-leading research and practitioner expertise, help us drive justice nationwide in innovative, powerful, and durable ways. For mor…",Legal Jobs,2025-04-11T20:51:13Z,87019.55,87019.55
"WGSN is hiring: Content Strategist, Sports & Outdoor in New York",WGSN,"New York City, New York","The role We are looking to hire a Content Strategist to join our Sports & Outdoor team based in New York. Salary range - $62,634 - $76,000 Please note, this is not a marketing role. We are looking for a Content Trend Forecaster who has the ability to demonstrate world class written, video and visual reports/content. Working at WGSN Together, we create tomorrow A career with WGSN is fast-paced, exciting and full of opportunities to grow and develop. We're a team of consumer and design trend fore…","PR, Advertising & Marketing Jobs",2025-03-01T06:14:56Z,100871.11,100871.11
"Peer Specialist, Harm Reduction",Center for Justice Innovation,"New York City, New York","Job Description Job Description THE ORGANIZATION The Center for Justice Innovation is a community justice organization that centers safety and racial justice. Since our founding in 1996, the Center has partnered with community members, courts, and the people most impacted to create stronger, healthier, more just communities. Our decades of experience in courts and communities, coupled with our field-leading research and practitioner expertise, help us drive justice nationwide in innovative, pow…",Social work Jobs,2025-04-07T12:56:27Z,52667.09,52667.09
Resource Navigator,Center for Justice Innovation,"High Bridge and Morrisania, Bronx","THE ORGANIZATION The Center for Justice Innovation is a community justice organization that centers safety and racial justice. Since our founding in 1996, the Center has partnered with community members, courts, and the people most impacted to create stronger, healthier, more just communities. Our decades of experience in courts and communities, coupled with our field-leading research and practitioner expertise, help us drive justice nationwide in innovative, powerful, and durable ways. For mor…",Legal Jobs,2025-02-20T21:17:05Z,52000.0,57000.0
Product Manager,Center for Justice Innovation,"New York City, New York","THE ORGANIZATION The Center for Justice Innovation is a community justice organization that centers safety and racial justice. Since our founding in 1996, the Center has partnered with community members, courts, and the people most impacted to create stronger, healthier, more just communities. Our decades of experience in courts and communities, coupled with our field-leading research and practitioner expertise, help us drive justice nationwide in innovative, powerful, and durable ways. For mor…",IT Jobs,2025-03-18T19:38:23Z,98500.0,130000.0
"Senior Director, Philanthropic Partnerships",Center for Justice Innovation,"Chelsea and Clinton, Manhattan","THE ORGANIZATION The Center for Justice Innovation is a community justice organization that centers safety and racial justice. Since our founding in 1996, the Center has partnered with community members, courts, and the people most impacted to create stronger, healthier, more just communities. Our decades of experience in courts and communities, coupled with our field-leading research and practitioner expertise, help us drive justice nationwide in innovative, powerful, and durable ways. For mor…",Charity & Voluntary Jobs,2025-03-01T19:44:18Z,155000.0,185000.0
"Outreach Worker, Save Our Streets South Bronx",Center for Justice Innovation,"High Bridge and Morrisania, Bronx","THE ORGANIZATION The Center for Justice Innovation is a community justice organization that centers safety and racial justice. Since our founding in 1996, the Center has partnered with community members, courts, and the people most impacted to create stronger, healthier, more just communities. Our decades of experience in courts and communities, coupled with our field-leading research and practitioner expertise, help us drive justice nationwide in innovative, powerful, and durable ways. For mor…",Social work Jobs,2024-11-03T06:00:06Z,55000.0,58400.0
"Group Work Facilitator, Criminal Justice Programs",Center for Justice Innovation,"Stapleton and St. George, Staten Island","THE ORGANIZATION The Center for Justice Innovation is a community justice organization that centers safety and racial justice. Since our founding in 1996, the Center has partnered with community members, courts, and the people most impacted to create stronger, healthier, more just communities. Our decades of experience in courts and communities, coupled with our field-leading research and practitioner expertise, help us drive justice nationwide in innovative, powerful, and durable ways. For mor…",Legal Jobs,2024-10-26T07:44:39Z,54500.0,65000.0
"Program Manager, Community Initiatives",Center for Justice Innovation,"Bronx, New York City","THE ORGANIZATION The Center for Justice Innovation is a community justice organization that centers safety and racial justice. Since our founding in 1996, the Center has partnered with community members, courts, and the people most impacted to create stronger, healthier, more just communities. Our decades of experience in courts and communities, coupled with our field-leading research and practitioner expertise, help us drive justice nationwide in innovative, powerful, and durable ways. For mor…",Social work Jobs,2025-04-10T00:33:28Z,86316.01,86316.01
"Group Work Facilitator, Criminal Justice Programs",Center for Justice Innovation,"Staten Island, New York City","THE ORGANIZATION The Center for Justice Innovation is a community justice organization that centers safety and racial justice. Since our founding in 1996, the Center has partnered with community members, courts, and the people most impacted to create stronger, healthier, more just communities. Our decades of experience in courts and communities, coupled with our field-leading research and practitioner expertise, help us drive justice nationwide in innovative, powerful, and durable ways. For mor…",Legal Jobs,2025-04-16T00:08:26Z,74077.41,74077.41
Violence Interrupter,Center for Justice Innovation,"Throggs Neck, Bronx","THE ORGANIZATION The Center for Justice Innovation is a community justice organization that centers safety and racial justice. Since our founding in 1996, the Center has partnered with community members, courts, and the people most impacted to create stronger, healthier, more just communities. Our decades of experience in courts and communities, coupled with our field-leading research and practitioner expertise, help us drive justice nationwide in innovative, powerful, and durable ways. For mor…",Legal Jobs,2024-11-29T10:22:37Z,59425.0,65707.0
Ntchito is hiring: Graphic Designer in New York,Ntchito,"New York City, New York","Background Office/Unit/Project Description The Complex Risk Analytics Fund (CRAF’d) is the first and only multi-partner initiative to finance, connect, and reimagine data to save lives. CRAF’d is driven by the belief that data, analytics, and AI can help global partners to better anticipate, prevent, and respond to complex risks. Inspired by the UN Secretary-General’s Data Strategy, CRAF’d is the result of a joint design process championed by Germany, the Netherlands, the United States, and the…",Creative & Design Jobs,2025-04-18T15:26:01Z,110540.18,110540.18
The Farmer's Dog is hiring: Social Video Creative in New York,The Farmer's Dog,"New York City, New York","Who We Are The Farmer's Dog was born from a mission to change the landscape of pet health, providing dogs and their humans with honest, smart, and simple care. We're starting by radically improving the $90 billion pet food industry, replacing bags of highly-processed pellets with a personalized subscription service that sends complete and balanced, freshly-made dog food directly to customers' doors. Our ultimate goal is to create innovative, delightful and personalized experiences across all as…",HR & Recruitment Jobs,2025-03-30T15:26:08Z,94523.34,94523.34
"Content Strategist, Sports & Outdoor Job at WGSN in New York",WGSN,"New York City, New York","The role We are looking to hire a Content Strategist to join our Sports & Outdoor team based in New York. Salary range - $62,634 - $76,000 Please note, this is not a marketing role. We are looking for a Content Trend Forecaster who has the ability to demonstrate world class written, video and visual reports/content. Working at WGSN Together, we create tomorrow A career with WGSN is fast-paced, exciting and full of opportunities to grow and develop. We're a team of consumer and design trend fore…","PR, Advertising & Marketing Jobs",2025-04-20T15:39:03Z,94529.84,94529.84
Graphic Designer (Office-Based) Job at UNDP in New York,UNDP,"New York City, New York","Job Description Background Office/Unit/Project Description The Complex Risk Analytics Fund (CRAF'd) is the first and only multi-partner initiative to finance, connect, and reimagine data to save lives. CRAF'd is driven by the belief that data, analytics, and AI can help global partners to better anticipate, prevent, and respond to complex risks. Inspired by the UN Secretary-General's Data Strategy, CRAF'd is the result of a joint design process championed by Germany, the Netherlands, the United…",Creative & Design Jobs,2025-04-14T15:35:09Z,97578.35,97578.35
Data Analytics Auditor - NYC Office of School Health,Nursing Unit,"Chelsea and Clinton, Manhattan","The Office of School Health (OSH) is a joint Program of the NYC Public Schools (NYCPS) and the Department of Health and Mental Hygiene (DOHMH) responsible for promoting the health of the 1 million school children enrolled in approximately 1,800 public and non-public schools in the New York City. OSH has health records on all these students and collects vital health and wellness information in the Automated Student Health Record System. The Office of School Health has a Bureau of 2,000 employees…",IT Jobs,2024-11-29T10:46:53Z,88992.04,88992.04
Stewardship and Sustainable Investing Associate,Neuberger Berman,"New York City, New York","About Neuberger Berman: Founded in 1939, Neuberger Berman is a private, independent, employee-owned investment manager. From offices in 39 cities worldwide, the firm manages $508 billion in client assets (as of December 31, 2024) across a range of strategies—including equity, fixed income, quantitative and multi-asset class, private equity and hedge funds—on behalf of institutions, advisors and individual investors globally. Tenured, stable and long-term in focus, the firm has built a diverse t…",Accounting & Finance Jobs,2025-03-31T19:16:31Z,120000.0,140000.0
Registered Behavior Technician,Proud Moments,"Staten Island, New York City","Overview: Proud Moments ABA is a national behavioral health organization, providing the gold standard of Applied Behavior Analysis (ABA) services for children on the autism spectrum from birth to age 21. We are looking for Behavior Technicians (BT's) to join our growing team. Our BT's are an essential part of the treatment team- providing 1-1 specialized treatment in partnership with our Board Certified Behavior Analysts to our clients in a home-based setting. If you are looking for a career th…",Healthcare & Nursing Jobs,2025-04-09T17:09:13Z,46353.76,46353.76
Registered Behavior Technician,Proud Moments,"Teaneck, Bergen County","Overview: Proud Moments ABA is a national behavioral health organization, providing the gold standard of Applied Behavior Analysis (ABA) services for children on the autism spectrum from birth to age 21. We are looking for Behavior Technicians (BT's) to join our growing team. Our BT's are an essential part of the treatment team- providing 1-1 specialized treatment in partnership with our Board Certified Behavior Analysts to our clients in a center-based setting. If you are looking for a career …",Healthcare & Nursing Jobs,2025-04-15T02:29:09Z,47062.85,47062.85
Database Developer,Ariel Partners,"New York City, New York","We are seeking an experienced and detail-oriented Database Developer with 7 years of experience to develop and maintain systems that store, organize, and provide secure access to data. This highly technical role blends software engineering, data architecture, and programming to support organizational data needs across applications and business functions. The ideal candidate has deep knowledge of Microsoft SQL Server (2014/2016/2019), SQL Server Data Tools, SSRS, Power BI, and Visual Studio. Thi…",IT Jobs,2025-04-18T00:48:54Z,97559.93,97559.93
"Manager, Strategic Partner Initiatives",Meta,"Grand Central, Manhattan","Summary: Meta is seeking a Manager, Strategic Programs to support Facebook's zero-to-1 partnership initiatives. This person will operate as the ""quarterback"" helping to set up, support and help execute complex, cross-organization partner initiatives with high leadership visibility spanning multiple product areas and teams. This person will have experience driving strategic initiatives through proactive operational and thought leadership in a cross-functional environment, someone who is strategi…",Engineering Jobs,2025-03-19T10:40:51Z,137894.7,137894.7
"Manager, Strategic Partner Initiatives",Meta,"Grand Central, Manhattan","Summary: Meta is seeking a Manager, Strategic Partner Initiatives to support Facebook's zero-to-1 partnership initiatives. This person will operate as the ""quarterback"" helping to set up, support and help execute complex, cross-organization partner initiatives with high leadership visibility spanning multiple product areas and teams. This person will have experience driving strategic initiatives through proactive operational and thought leadership in a cross-functional environment, someone who …",Engineering Jobs,2025-03-19T10:40:51Z,127773.53,127773.53
Database Developer,Ariel Partners,"Brooklyn Heights, Brooklyn","We are seeking an experienced and detail-oriented Database Developer with 7 years of experience to develop and maintain systems that store, organize, and provide secure access to data. This highly technical role blends software engineering, data architecture, and programming to support organizational data needs across applications and business functions. The ideal candidate has deep knowledge of Microsoft SQL Server (2014/2016/2019), SQL Server Data Tools, SSRS, Power BI, and Visual Studio. Thi…",IT Jobs,2025-04-01T11:51:55Z,87054.24,87054.24
Head of Creator Marketplace Intelligence Job at StartUs GmbH in New York,StartUs GmbH,"New York City, New York",_Spotify’s Mission is to unlock the potential of human creativity - by giving a million creative artists the _opportunity to live off their work and billions of fans the opportunity to enjoy and be inspired by it. Spotify’s Creator Marketplace team develops services and tools for creators and rights holders so that we can enable more people to build successful careers in music. We are seeking an experienced leader to join the leadership team of Creator Marketplace as the Head Creator Marketplac…,IT Jobs,2025-04-09T18:52:07Z,110202.83,110202.83
"Clinical Intake Specialist, Supervised Release Program",Center for Justice Innovation,"Brooklyn, New York City","THE ORGANIZATION The Center for Justice Innovation is a community justice organization that centers safety and racial justice. Since our founding in 1996, the Center has partnered with community members, courts, and the people most impacted to create stronger, healthier, more just communities. Our decades of experience in courts and communities, coupled with our field-leading research and practitioner expertise, help us drive justice nationwide in innovative, powerful, and durable ways. For mor…",Legal Jobs,2025-03-27T00:03:10Z,58500.0,73500.0
"Case Manager, Supervised Release Program",Center for Justice Innovation,"Stapleton and St. George, Staten Island","THE ORGANIZATION The Center for Justice Innovation is a community justice organization that centers safety and racial justice. Since our founding in 1996, the Center has partnered with community members, courts, and the people most impacted to create stronger, healthier, more just communities. Our decades of experience in courts and communities, coupled with our field-leading research and practitioner expertise, help us drive justice nationwide in innovative, powerful, and durable ways. For mor…",Legal Jobs,2025-03-20T20:38:10Z,53050.0,66800.0
"Case Manager, Community Site",Center for Justice Innovation,"Brooklyn, New York City","THE ORGANIZATION The Center for Justice Innovation is a community justice organization that centers safety and racial justice. Since our founding in 1996, the Center has partnered with community members, courts, and the people most impacted to create stronger, healthier, more just communities. Our decades of experience in courts and communities, coupled with our field-leading research and practitioner expertise, help us drive justice nationwide in innovative, powerful, and durable ways. For mor…",Legal Jobs,2025-01-27T16:14:03Z,70851.18,70851.18
"Hospital Responder, Save Our Streets South Bronx",Center for Justice Innovation,"New York City, New York","THE ORGANIZATION The Center for Justice Innovation is a community justice organization that centers safety and racial justice. Since our founding in 1996, the Center has partnered with community members, courts, and the people most impacted to create stronger, healthier, more just communities. Our decades of experience in courts and communities, coupled with our field-leading research and practitioner expertise, help us drive justice nationwide in innovative, powerful, and durable ways. For mor…",Social work Jobs,2024-11-29T10:52:14Z,56000.0,60000.0
"Case Management Coordinator, Supervised Release Program",Center for Justice Innovation,"Stapleton and St. George, Staten Island","THE ORGANIZATION The Center for Justice Innovation is a community justice organization that centers safety and racial justice. Since our founding in 1996, the Center has partnered with community members, courts, and the people most impacted to create stronger, healthier, more just communities. Our decades of experience in courts and communities, coupled with our field-leading research and practitioner expertise, help us drive justice nationwide in innovative, powerful, and durable ways. For mor…",Legal Jobs,2025-03-02T20:01:15Z,80000.0,89500.0
Supervising Court Liaison,Center for Justice Innovation,"Brooklyn Heights, Brooklyn","THE ORGANIZATION The Center for Justice Innovation is a community justice organization that centers safety and racial justice. Since our founding in 1996, the Center has partnered with community members, courts, and the people most impacted to create stronger, healthier, more just communities. Our decades of experience in courts and communities, coupled with our field-leading research and practitioner expertise, help us drive justice nationwide in innovative, powerful, and durable ways. For mor…",Legal Jobs,2025-03-02T21:35:06Z,56500.0,75500.0
Senior CAD/BIM Technician - 4383,STV,"New York City, New York","Description STV currently has an opening in either our New York City or Newark, NJ office for a Senior CAD /BIM Technician to work with our Transportation & Infrastructure group . Key Responsibilities include: Perform highway and bridge related drawing development using Bentley and Autodesk on large scale transportation projects Prepare drawings, layouts, sketches, maps, and graphic representations of engineering designs with occasional assistance Formatting cad drawings to client standards usi…",Engineering Jobs,2024-08-26T09:01:18Z,80738.68,80738.68
Compliance Manager,Center for Justice Innovation,"Brooklyn Heights, Brooklyn","THE ORGANIZATION The Center for Justice Innovation is a community justice organization that centers safety and racial justice. Since our founding in 1996, the Center has partnered with community members, courts, and the people most impacted to create stronger, healthier, more just communities. Our decades of experience in courts and communities, coupled with our field-leading research and practitioner expertise, help us drive justice nationwide in innovative, powerful, and durable ways. For mor…",Legal Jobs,2025-03-22T23:34:47Z,60000.0,72500.0
"Case Manager, Community Site",Center for Justice Innovation,"East New York and New Lots, Brooklyn","THE ORGANIZATION The Center for Justice Innovation is a community justice organization that centers safety and racial justice. Since our founding in 1996, the Center has partnered with community members, courts, and the people most impacted to create stronger, healthier, more just communities. Our decades of experience in courts and communities, coupled with our field-leading research and practitioner expertise, help us drive justice nationwide in innovative, powerful, and durable ways. For mor…",Legal Jobs,2024-07-31T10:14:25Z,53050.0,66800.0
Family Functional Therapy (FFT) Therapist,Center for Justice Innovation,"Borough Hall, Queens","THE ORGANIZATION The Center for Justice Innovation is a community justice organization that centers safety and racial justice. Since our founding in 1996, the Center has partnered with community members, courts, and the people most impacted to create stronger, healthier, more just communities. Our decades of experience in courts and communities, coupled with our field-leading research and practitioner expertise, help us drive justice nationwide in innovative, powerful, and durable ways. For mor…",Social work Jobs,2025-04-13T22:54:49Z,70000.0,75000.0
Family Functional Therapy (FFT) Therapist,Center for Justice Innovation,"Jamaica, Queens","Job Description Job Description THE ORGANIZATION The Center for Justice Innovation is a community justice organization that centers safety and racial justice. Since our founding in 1996, the Center has partnered with community members, courts, and the people most impacted to create stronger, healthier, more just communities. Our decades of experience in courts and communities, coupled with our field-leading research and practitioner expertise, help us drive justice nationwide in innovative, pow…",Social work Jobs,2025-04-14T14:38:38Z,62731.71,62731.71
Product Analyst,Shiftsmart,"New York City, New York","Why Shiftsmart We’re building the Amazon of labor. We’re a labor platform pairing end-to-end workforce management technology with a rapidly growing global network of 4M flexible workers (ranked 3 in the App Store) to create scalable labor solutions for the largest companies and government agencies in the world like Walmart, PepsiCo, Starbucks, and Circle K. Our unique business model fractionalizes jobs down to shifts and makes it easy for workers to work across multiple employers through a digi…",IT Jobs,2025-02-05T14:21:19Z,117175.34,117175.34
"Court Liaison, Night Shift",Center for Justice Innovation,"Brooklyn Heights, Brooklyn","THE ORGANIZATION The Center for Justice Innovation is a community justice organization that centers safety and racial justice. Since our founding in 1996, the Center has partnered with community members, courts, and the people most impacted to create stronger, healthier, more just communities. Our decades of experience in courts and communities, coupled with our field-leading research and practitioner expertise, help us drive justice nationwide in innovative, powerful, and durable ways. For mor…",Legal Jobs,2025-04-10T03:13:42Z,53500.0,66000.0
"Court Liaison, Night Shift",Center for Justice Innovation,"New York City, New York","Job Description Job Description THE ORGANIZATION The Center for Justice Innovation is a community justice organization that centers safety and racial justice. Since our founding in 1996, the Center has partnered with community members, courts, and the people most impacted to create stronger, healthier, more just communities. Our decades of experience in courts and communities, coupled with our field-leading research and practitioner expertise, help us drive justice nationwide in innovative, pow…",Legal Jobs,2025-04-09T02:14:46Z,77931.39,77931.39
Service Owner - Application Managed Services,Kyndryl,"Grand Central, Manhattan","Who We Are At Kyndryl, we design, build, manage and modernize the mission-critical technology systems that the world depends on every day. So why work at Kyndryl? We are always moving forward - always pushing ourselves to go further in our efforts to build a more equitable, inclusive world for our employees, our customers and our communities. The Role The Application Development AMS Practice Goal The consulting organization you are leading will focus on providing advisory services to clients wi…",IT Jobs,2025-03-14T10:43:31Z,135918.78,135918.78
"Case Manager, Supervised Release Program",Center for Justice Innovation,"Brooklyn Heights, Brooklyn","THE ORGANIZATION The Center for Justice Innovation is a community justice organization that centers safety and racial justice. Since our founding in 1996, the Center has partnered with community members, courts, and the people most impacted to create stronger, healthier, more just communities. Our decades of experience in courts and communities, coupled with our field-leading research and practitioner expertise, help us drive justice nationwide in innovative, powerful, and durable ways. For mor…",Social work Jobs,2025-03-04T19:40:12Z,53050.0,66800.0
Community Navigator,Center for Justice Innovation,"Meadows, Hudson County","THE ORGANIZATION The Center for Justice Innovation is a community justice organization that centers safety and racial justice. Since our founding in 1996, the Center has partnered with community members, courts, and the people most impacted to create stronger, healthier, more just communities. Our decades of experience in courts and communities, coupled with our field-leading research and practitioner expertise, help us drive justice nationwide in innovative, powerful, and durable ways. For mor…",Social work Jobs,2025-03-18T20:38:12Z,59300.0,68577.0
Violence Interrupter- SOS Crown Heights,Center for Justice Innovation,"Flatbush, Brooklyn","THE ORGANIZATION The Center for Justice Innovation is a community justice organization that centers safety and racial justice. Since our founding in 1996, the Center has partnered with community members, courts, and the people most impacted to create stronger, healthier, more just communities. Our decades of experience in courts and communities, coupled with our field-leading research and practitioner expertise, help us drive justice nationwide in innovative, powerful, and durable ways. For mor…",Social work Jobs,2025-03-27T00:13:57Z,28.0,29.0
Infrastructure and Cloud Engineer,Center for Justice Innovation,"Chelsea and Clinton, Manhattan","THE ORGANIZATION The Center for Justice Innovation is a community justice organization that centers safety and racial justice. Since our founding in 1996, the Center has partnered with community members, courts, and the people most impacted to create stronger, healthier, more just communities. Our decades of experience in courts and communities, coupled with our field-leading research and practitioner expertise, help us drive justice nationwide in innovative, powerful, and durable ways. For mor…",IT Jobs,2024-11-03T07:43:34Z,95500.0,120000.0
Outreach Worker Supervisor,Center for Justice Innovation,"Flatbush, Brooklyn","THE ORGANIZATION The Center for Justice Innovation is a community justice organization that centers safety and racial justice. Since our founding in 1996, the Center has partnered with community members, courts, and the people most impacted to create stronger, healthier, more just communities. Our decades of experience in courts and communities, coupled with our field-leading research and practitioner expertise, help us drive justice nationwide in innovative, powerful, and durable ways. For mor…",Social work Jobs,2025-03-26T00:19:09Z,58500.0,65000.0
Service Owner - App Integration & Testing,Kyndryl,"Grand Central, Manhattan","Who We Are At Kyndryl, we design, build, manage and modernize the mission-critical technology systems that the world depends on every day. So why work at Kyndryl? We are always moving forward - always pushing ourselves to go further in our efforts to build a more equitable, inclusive world for our employees, our customers and our communities. The Role App Integration and Testing Practice Goals The consulting organization that you are creating and leading will be focused on advising clients on a…",IT Jobs,2025-03-14T10:43:31Z,171286.38,171286.38
Hospital Responder,Center for Justice Innovation,"Brooklyn, New York City","THE ORGANIZATION The Center for Justice Innovation is a community justice organization that centers safety and racial justice. Since our founding in 1996, the Center has partnered with community members, courts, and the people most impacted to create stronger, healthier, more just communities. Our decades of experience in courts and communities, coupled with our field-leading research and practitioner expertise, help us drive justice nationwide in innovative, powerful, and durable ways. For mor…",Social work Jobs,2025-03-26T00:41:17Z,56000.0,60000.0
Resident Engineer - 4287,STV,"New York City, New York","Description STV currently has an opening in its’ NYC Office for a Resident Senior Enginee r for our Transportation and Infrastructure division to work on transportation and bridge projects in the New York Metropolitan Area. The Resident Engineer should have a minimum of 11 years of experience as a Resident Engineer on infrastructure and preferably transportation infrastructure construction projects. Candidate should have experience with and working knowledge of PANYNJ, NYCDDC, NYSDOT and/or NYC…",Engineering Jobs,2024-08-25T08:16:25Z,86212.1,86212.1
"Court Liaison, Supervised Release Program",Center for Justice Innovation,"Brooklyn Heights, Brooklyn","THE ORGANIZATION The Center for Justice Innovation is a community justice organization that centers safety and racial justice. Since our founding in 1996, the Center has partnered with community members, courts, and the people most impacted to create stronger, healthier, more just communities. Our decades of experience in courts and communities, coupled with our field-leading research and practitioner expertise, help us drive justice nationwide in innovative, powerful, and durable ways. For mor…",Legal Jobs,2025-03-28T19:29:39Z,53500.0,66000.0
"Case Manager, Supervised Release Program",Center for Justice Innovation,"Brooklyn, New York City","THE ORGANIZATION The Center for Justice Innovation is a community justice organization that centers safety and racial justice. Since our founding in 1996, the Center has partnered with community members, courts, and the people most impacted to create stronger, healthier, more just communities. Our decades of experience in courts and communities, coupled with our field-leading research and practitioner expertise, help us drive justice nationwide in innovative, powerful, and durable ways. For mor…",Legal Jobs,2025-03-13T16:20:25Z,80715.36,80715.36
Violence Interrupter,Center for Justice Innovation,"New York City, New York","THE ORGANIZATION The Center for Justice Innovation is a community justice organization that centers safety and racial justice. Since our founding in 1996, the Center has partnered with community members, courts, and the people most impacted to create stronger, healthier, more just communities. Our decades of experience in courts and communities, coupled with our field-leading research and practitioner expertise, help us drive justice nationwide in innovative, powerful, and durable ways. For mor…",Legal Jobs,2024-11-16T19:40:18Z,73228.2,73228.2
Infrastructure and Cloud Engineer,Center for Justice Innovation,"New York City, New York","THE ORGANIZATION The Center for Justice Innovation is a community justice organization that centers safety and racial justice. Since our founding in 1996, the Center has partnered with community members, courts, and the people most impacted to create stronger, healthier, more just communities. Our decades of experience in courts and communities, coupled with our field-leading research and practitioner expertise, help us drive justice nationwide in innovative, powerful, and durable ways. For mor…",IT Jobs,2025-01-29T16:20:47Z,118664.03,118664.03
Case Management Supervisor,Fortune Society,"Astoria, Queens","Job Details Long Island City - Long Island City, NY Full-Time Exempt $65000.00 - $70000.00 Salary/year Description Title: Case Management Supervisor Unit: Education & Employment Services Salary: $65,000 to $70,000 Reports to: Director, Workforce Development Status: Full Time; Regular, Exempt Location: Long Island City, Queens Days/Hours: Monday to Friday , 9:00am to 5:00pm; some evenings and weekends as required Organization Overview: The Fortune Society, Inc. (Fortune) has been working for ove…",Social work Jobs,2025-03-18T22:50:41Z,65000.0,70000.0
Executive Assistant,Center for Justice Innovation,"Chelsea and Clinton, Manhattan","THE ORGANIZATION The Center for Justice Innovation is a community justice organization that centers safety and racial justice. Since our founding in 1996, the Center has partnered with community members, courts, and the people most impacted to create stronger, healthier, more just communities. Our decades of experience in courts and communities, coupled with our field-leading research and practitioner expertise, help us drive justice nationwide in innovative, powerful, and durable ways. For mor…",Admin Jobs,2025-04-15T23:34:11Z,68000.0,78000.0
"Data Management Pipeline Engineer, Vice President",MUFG,"Tyler Park, Hudson County","Do you want your voice heard and your actions to count? Discover your opportunity with Mitsubishi UFJ Financial Group (MUFG), one of the world's leading financial groups. Across the globe, we're 120,000 colleagues, striving to make a difference for every client, organization, and community we serve. We stand for our values, building long-term relationships, serving society, and fostering shared and sustainable growth for a better world. With a vision to be the world's most trusted financial gro…",IT Jobs,2025-04-04T11:55:03Z,204193.98,204193.98
"Part-Time Case Manager, Supervised Release Program",Center for Justice Innovation,"Stapleton and St. George, Staten Island","THE ORGANIZATION The Center for Justice Innovation is a community justice organization that centers safety and racial justice. Since our founding in 1996, the Center has partnered with community members, courts, and the people most impacted to create stronger, healthier, more just communities. Our decades of experience in courts and communities, coupled with our field-leading research and practitioner expertise, help us drive justice nationwide in innovative, powerful, and durable ways. For mor…",Part time Jobs,2025-03-01T18:05:45Z,60632.0,76336.0
Senior Clinician,Center for Justice Innovation,"New York City, New York","Job Description Job Description THE ORGANIZATION The Center for Justice Innovation is a community justice organization that centers safety and racial justice. Since our founding in 1996, the Center has partnered with community members, courts, and the people most impacted to create stronger, healthier, more just communities. Our decades of experience in courts and communities, coupled with our field-leading research and practitioner expertise, help us drive justice nationwide in innovative, pow…",Legal Jobs,2025-04-12T01:18:43Z,79719.25,79719.25
"Court Liaison, Supervised Release Program",Center for Justice Innovation,"New York City, New York","Job Description Job Description THE ORGANIZATION The Center for Justice Innovation is a community justice organization that centers safety and racial justice. Since our founding in 1996, the Center has partnered with community members, courts, and the people most impacted to create stronger, healthier, more just communities. Our decades of experience in courts and communities, coupled with our field-leading research and practitioner expertise, help us drive justice nationwide in innovative, pow…",Legal Jobs,2025-04-20T12:19:21Z,88230.56,88230.56
"Director, Social Creative Job at The Farmer's Dog in New York",The Farmer's Dog,"New York City, New York","Who We Are The Farmer's Dog was born from a mission to change the landscape of pet health, providing dogs and their humans with honest, smart, and simple care. We're starting by radically improving the $90 billion pet food industry, replacing bags of highly-processed pellets with a personalized subscription service that sends complete and balanced, freshly-made dog food directly to customers' doors. Our ultimate goal is to create innovative, delightful and personalized experiences across all as…",HR & Recruitment Jobs,2025-04-02T18:41:35Z,127069.57,127069.57
Corporate Vice President - Technical Data Engineering Lead,New York Life Insurance Co,"New York City, New York","Location Designation: Hybrid - 3 days per week When you join New York Life, you’re joining a company that values career development, collaboration, innovation, and inclusiveness. We want employees to feel proud about being part of a company that is committed to doing the right thing. You’ll have the opportunity to grow your career while developing personally and professionally through various resources and programs. New York Life is a relationship-based company and appreciates how both virtual …",IT Jobs,2025-03-20T21:44:16Z,184752.95,184752.95
Data Product Manager,Maven Clinic,"New York City, New York","Job Description Job Description Maven is the world's largest virtual clinic for women and families on a mission to make healthcare work for all of us. Maven's award-winning digital programs provide clinical, emotional, and financial support all in one platform, spanning fertility & family building, maternity & newborn care, parenting & pediatrics, and menopause & midlife. More than 2,000 employers and health plans trust Maven's end-to-end platform to improve clinical outcomes, reduce healthcare…",IT Jobs,2025-04-19T12:00:06Z,132818.61,132818.61
"Sr. Business Intelligence Engineer, Amazon Business",Amazon,"Grand Central, Manhattan","Description Come be a part of a rapidly expanding $25 billion-dollar global business. At Amazon Business (AB), we set out every day to innovate and disrupt the status quo. We stand at the intersection of tech and retail in the B2B space developing innovative purchasing and procurement solutions to help businesses and organizations reimagine buying. Bring your insight, imagination and a healthy disregard for the impossible. Join us in building and celebrating the value of AB to buyers and seller…",IT Jobs,2025-02-26T09:32:33Z,102845.51,102845.51
"Staff Analyst, Sales Commissions",Angi,"New York City, New York","At Angi®, we’ve had one simple mission for 30 years: get jobs done well. We make it happen by connecting homeowners with reliable pros who have the skills they need — and connecting pros with homeowners who have the jobs they want. Angi at a glance: A new homeowner turns to Angi every second Our network has 150,000 skilled pros in 50 service categories 150,000,000 projects brought to Angi (and counting) Why join Angi: Angi® is defining the future of the home services industry, creating an envir…",Sales Jobs,2025-04-15T22:15:55Z,150000.0,200000.0
Director of Data & Analytics - (REMOTE -USA),FEVO,"New York City, New York","THE COMPANY FEVO’s mission is to rehumanize online shopping — by which we mean, “make it engaging and fun rather than lonely and isolating.” We are doing that by building innovative, highly social e-commerce tools for the biggest brands in the world, allowing their shoppers to interact with the people they care about throughout the purchase process. Our team is made up of innovators and self-starters who move fast, love what they do and consider the status quo a sworn enemy. We are currently th…",IT Jobs,2025-02-27T19:56:22Z,152481.02,152481.02
"Assistant District Attorney, Domestic Violence Bureau, PROACT-DV Program",Queens District Attorney's Office,"Kew Gardens, Queens","Job Description: The Queens County District Attorney’s Domestic Violence Bureau prides itself on taking an innovative, evidence-based approach in finding a balance between accountability for domestic abusers and safety for victims of intimate partner violence. We have an immediate opening for experienced Assistant District Attorneys to work on a proactive pre-arrest case enhancement program that prioritizes victim safety and allows us to identify and enhance the prosecution of high-risk domesti…",Legal Jobs,2025-03-11T19:18:53Z,94000.0,113500.0
AWS Technical Lead - Data & Analytics (USA),Adastra Corporation,"Wall Street, Manhattan","Are you ready to lead the charge in the world of data innovation? Adastra is seeking an AWS Technical Lead with a solid background in Data and Analytics to join our team. In this role, you will be at the forefront of building high-impact, scalable cloud solutions for our clients. Your expertise will be instrumental in driving successful data analytics and AI projects. As the AWS Technical Lead, you will be responsible for building and maintaining our data pipelines and ensuring the efficient an…",IT Jobs,2025-04-10T22:12:40Z,87644.86,87644.86
"Corporate Vice President, Technical Data Engineering Lead",New York Life Insurance Co,"New York City, New York","Location Designation: Hybrid - 3 days per week Our New York Life culture has laid the foundation for over 175 years of commitment to our employees, agents, policy owners, and the communities where we live and work. Here you become a valued part of a welcoming, inclusive, and caring organization with a long-standing legacy in stability and growth. The strength revolves around our diversified, multi-dimensional business portfolio that goes beyond life insurance. As a Fortune 100 company and indus…",IT Jobs,2025-03-10T21:25:15Z,167357.47,167357.47
Construction Manager - 4418,STV,"New York City, New York","Description Superintendent A $7,000 signing bonus may be available for those who qualify STV is a nationally recognized leader for delivering value and excellence in construction management, engineering, architecture, planning and environmental services, is seeking a Construction Manager/Superintendent for their New York, NY location to work a 2 nd shift. Primary Responsibilities: Coordinate, schedule and manage all construction activities, expedite work and schedule on a daily and weekly basis…",Engineering Jobs,2025-03-12T22:28:43Z,91930.16,91930.16
Scheduler - 4399,STV,"New York City, New York","Description Build Your Career at STV At STV, we not only tackle world-class projects, but we also develop employee skills, recognize achievements, and offer opportunities for advancement. So, if you’re looking for a rewarding position working for an award-winning industry leader, then STV is the place for you. We are a well-respected AEC firm with 40 offices throughout the US and 2,400 employees. Grow at STV Life is an ongoing learning experience, and we want you to continue to grow here at STV…",Engineering Jobs,2024-08-25T08:09:00Z,64250.04,64250.04
Water Resources Project Engineer - 3165,STV,"New York City, New York","Description Water Resources Project Engineer – Electrical and I&C STV is a nationally recognized leader for delivering value and excellence in construction management, engineering, architecture, planning and environmental services and is seeking a Water Resources Project Engineer in White Plains, NY with electrical and instrumentation & control design and construction experience on water and wastewater projects. Key responsibilities will include providing design and construction services on mul…",Engineering Jobs,2025-03-13T20:06:32Z,94392.37,94392.37
Senior Transportation Planner - 4148,STV,"New York City, New York","Description STV is seeking a Senior Transportation Planner to be based in the New York City office, as part of our Northeast Transportation & Infrastructure Division. The successful candidate will be responsible for leading pursuits to win new transportation planning contracts, managing projects, and managing staff and supporting their development. The Transportation Planner is responsible for: Managing and leading transportation planning projects and tasks, establishing and tracking project sc…",Engineering Jobs,2025-03-14T00:50:35Z,77870.03,77870.03
"Coordinator, Forensic Assessment",Center for Justice Innovation,"New York City, New York","THE ORGANIZATION The Center for Justice Innovation is a community justice organization that centers safety and racial justice. Since our founding in 1996, the Center has partnered with community members, courts, and the people most impacted to create stronger, healthier, more just communities. Our decades of experience in courts and communities, coupled with our field-leading research and practitioner expertise, help us drive justice nationwide in innovative, powerful, and durable ways. For mor…",Healthcare & Nursing Jobs,2025-04-14T20:55:19Z,78500.0,95500.0
"Supervising Case Manager, Supervised Release Program",Center for Justice Innovation,"Brooklyn Heights, Brooklyn","THE ORGANIZATION The Center for Justice Innovation is a community justice organization that centers safety and racial justice. Since our founding in 1996, the Center has partnered with community members, courts, and the people most impacted to create stronger, healthier, more just communities. Our decades of experience in courts and communities, coupled with our field-leading research and practitioner expertise, help us drive justice nationwide in innovative, powerful, and durable ways. For mor…",Legal Jobs,2025-03-22T23:22:14Z,64800.0,74501.0
Plumbing/Fire Protection Engineer - 4552,STV,"New York City, New York","Description STV is seeking a dynamic Plumbing/Fire Protection Design Engineering to join our team in the New York office. Key responsibilities will include the preparation of Plumbing and Fire Protection designs, calculations, estimates, reports and specifications for building projects. Additional responsibilities will include site survey of existing conditions, construction punchlists and meeting with clients to discuss project matters and making recommendations when necessary based on the cli…",Engineering Jobs,2025-03-12T22:11:45Z,94865.79,94865.79
"Night Clinical Intake Specialist, Supervised Release Program",Center for Justice Innovation,"Brooklyn, New York City","THE ORGANIZATION The Center for Justice Innovation is a community justice organization that centers safety and racial justice. Since our founding in 1996, the Center has partnered with community members, courts, and the people most impacted to create stronger, healthier, more just communities. Our decades of experience in courts and communities, coupled with our field-leading research and practitioner expertise, help us drive justice nationwide in innovative, powerful, and durable ways. For mor…",Legal Jobs,2024-12-13T17:50:07Z,72751.11,72751.11
Sr. Manager/ Associate Director - Analytics Consulting (Banking),Tiger Analytics,"Jersey City, Hudson County","Tiger Analytics is an advanced analytics consulting firm. We are the trusted analytics partner for several Fortune 100 companies, enabling them to generate business value from data. Our consultants bring deep expertise in Data Science, Machine Learning, and AI. Our business value and leadership have been recognized by various market research firms, including Forrester and Gartner. We are looking for someone with a good blend of business consulting skills and a data analytics background to add t…",IT Jobs,2025-04-03T06:25:00Z,183979.84,183979.84
Customer Success Manager - High Growth/Disruptive PR/Communications/AdTech/MarTe,Three Pillars Recruiting,"New York City, New York","PLEASE CLICK HERE TO SEE ALL OF OUR JOB OPENINGS Digital Strategy Manager About the Role: You will serve as a client leader, project manager, and strategist contributing to targeted digital advertising and marketing efforts on behalf of some of the country's most prominent companies, trade associations, non-profits, and advocacy organizations. In this role, you will counsel clients on the implementation of and best practices for the company's products, such as digital strategy and reporting, ac…",Consultancy Jobs,2025-04-09T15:48:33Z,70517.7,70517.7
Risk and Compliance Analyst - US Based Remote,Anywhere Real Estate,"Grand Central, Manhattan","Information security and Data Privacy are at the core of Anywhere and your work efforts will help identify, protect, and govern sensitive data for our business areas as well as internal and external customers. The Data Privacy and Compliance Analyst is responsible for assessing applications, policies/procedures, and business operations to ensure the organization meets privacy requirements and government regulations for the protection of sensitive information. Our Privacy and Compliance Analysts…",Property Jobs,2025-04-15T10:51:31Z,94251.86,94251.86
Senior Data Scientist,Squarespace,"New York City, New York","The Data Science & Machine Learning team is looking for a Data Scientist. We are a group of curious data scientists and machine learning engineers who solve challenges with durable data solutions. We collaborate to develop and integrate data science models into company practices and the product to unlock value for Squarespace and its customers. You will support marketing investment decisions through statistical modeling, test design, and causal inference techniques. In addition to this main foc…",IT Jobs,2025-04-02T23:16:16Z,128500.0,207000.0
Squarespace is hiring: Lead UX Researcher in New York,Squarespace,"New York City, New York","We are looking for a Lead UX Researcher to lead and support research for our Growth and Core Websites product teams. You will focus on a mix of exploratory work with prospective and current users, as well as iterative product development work for core website product enhancements. You are passionate about understanding user behaviors, needs, and motivations and highlighting them across the organization. You will work closely with product owners to guide the direction and influence of Research a…",IT Jobs,2025-02-23T12:53:04Z,124256.17,124256.17
"Sr. Reporter, Leveraged Loans Job at Tbwa Chiat/Day Inc in New York",Tbwa Chiat/Day Inc,"New York City, New York","At PitchBook, we are always looking forward. We continue to innovate, evolve, and invest in ourselves to bring out the best in everyone. We’re deeply collaborative and thrive on the excitement, energy, and fun that reverberates throughout the company. Our extensive learning programs and mentorship opportunities help us create a culture of curiosity that pushes us to always find new solutions and better ways of doing things. The combination of a rapidly evolving industry and our high ambitions m…",Accounting & Finance Jobs,2025-02-06T06:22:25Z,90916.86,90916.86
Stewardship and Sustainable Investing Associate,Neuberger Berman,"Grand Central, Manhattan","About Neuberger Berman: Founded in 1939, Neuberger Berman is a private, independent, employee-owned investment manager. From offices in 39 cities worldwide, the firm manages $508 billion in client assets (as of December 31, 2024) across a range of strategies-including equity, fixed income, quantitative and multi-asset class, private equity and hedge funds-on behalf of institutions, advisors and individual investors globally. Tenured, stable and long-term in focus, the firm has built a diverse t…",Accounting & Finance Jobs,2025-03-28T11:12:15Z,110865.14,110865.14
"Manager, Data Science",Bldg Svc 32 B-J,"Cooper, Manhattan","Job Title: Manager, Data Science Labor Grade: Department: Executive Office Reports To: Director, Data Strategy FLSA Status: Exempt, Management Summary: Reporting to Director of Data Strategy, the Manager, Data Science at Building Service 32BJ Benefit Funds will lead a small team of data scientists in developing and deploying predictive models and statistical solutions that support the organization's operational and strategic goals. This role blends hands-on technical work, team leadership, and …",IT Jobs,2025-04-03T21:30:56Z,170000.0,180000.0
Senior Data Visualization Developer,Altice USA,"Astoria, Queens","As a Data Visualization developer at Altice USA, you will be responsible for the expansion of rich interactive graphics, data visualizations and charting, designing, developing and supporting interactive data visualizations used across the enterprise. This position emphasizes a need for an artistic mind to conceptualize, design, and develop reusable graphic/data visualizations as well as very strong technical knowledge for implementing these visualizations using the very latest technologies suc…",IT Jobs,2024-09-09T09:49:59Z,96780.41,96780.41
"Director, Growth Strategy, External Intelligence, Knowledge and Information",Google,"Grand Central, Manhattan","Minimum qualifications: Bachelors degree in a management, technical, or engineering discipline, or equivalent practical experience 15 years of experience in corporate strategy/development, product strategy, strategy consulting, investing, market and user research, or product management, supporting consumer technology organizations to develop an organizational road map Experience developing investment theses, including via M&A or net-new zero-to-one product bets that are in the process of being …",Other/General Jobs,2024-06-13T11:51:13Z,149175.11,149175.11
"Sales Engineer, Enterprise",Hex Technologies,"New York City, New York"," Status: Open  About the role Hex's user base is continuing to grow rapidly. We are hiring an Enterprise Sales Engineer to partner with potential customers to support their Hex evaluations. As a Sales Engineer, you will leverage your product, ecosystem, and technical expertise to support our potential customers as they evaluate and adopt Hex. You will work day in and day out with the Sales team to help prospects understand the challenges in their current state, connect Hex’s value to those chal…",IT Jobs,2025-04-14T15:04:50Z,180000.0,225000.0
Structural Engineering Specialist - 4176,STV,"New York City, New York","Description Build Your Career at STV At STV, we not only tackle world-class projects, but we also develop employee skills, recognize achievements, and offer opportunities for advancement. So, if you’re looking for a rewarding position working for an award-winning industry leader, then STV is the place for you. We are a well-respected AEC firm with 40 offices throughout the US and 2,400 employees. Grow at STV Life is an ongoing learning experience, and we want you to continue to grow here at STV…",Engineering Jobs,2025-03-13T22:04:08Z,75318.19,75318.19
Asbestos Technician - 3957,STV,"New York City, New York","Description Who We Are: STV is an award-winning national leader consistently ranking among the country's top companies in the design and planning of infrastructure and transportation systems. More than 100 years old, the firm provides comprehensive architectural, engineering, planning, environmental, and construction management services for public and private sector clients. Our success is the direct result of our employees' commitment to innovation and quality across all 40 offices and over 20…",Engineering Jobs,2025-03-12T22:53:08Z,81947.9,81947.9
SSPC Lead Supervisor - 3956,STV,"New York City, New York","Description We have a thriving AEC practice with a close-knit, team-oriented group that is growing rapidly. Due to our success, we need a Lead Supervisor to assist with the delivery of our current extensive backlog of work. MTA Title – Lead-Based Paint SSPC C3 Supervisor STV Title –Environmental Scientist This role emphasizes field work, SSPC C3 Lead Supervision, asbestos and lead survey, asbestos and lead monitoring, with the ability to develop both professionally and personally. The ideal can…",Engineering Jobs,2025-03-13T19:41:26Z,78326.14,78326.14
Estimator - 4398,STV,"New York City, New York","Description Build Your Career at STV At STV, we not only tackle world-class projects, but we also develop employee skills, recognize achievements, and offer opportunities for advancement. So, if you’re looking for a rewarding position working for an award-winning industry leader, then STV is the place for you. We are a well-respected AEC firm with 40 offices throughout the US and 2,400 employees. Grow at STV Life is an ongoing learning experience, and we want you to continue to grow here at STV…",Engineering Jobs,2025-03-13T22:12:52Z,76997.76,76997.76
Communications Engineering Specialist - 4296,STV,"New York City, New York","Description Build Your Career at STV At STV, we not only tackle world-class projects, but we also develop employee skills, recognize achievements, and offer opportunities for advancement. So, if you’re looking for a rewarding position working for an award-winning industry leader, then STV is the place for you. We are a well-respected AEC firm with 40 offices throughout the US and 2,400 employees. Grow at STV Life is an ongoing learning experience, and we want you to continue to grow here at STV…",Engineering Jobs,2025-03-12T22:20:03Z,74274.2,74274.2
"Staff Product Manager, Data Platform",Etsy,"Brooklyn, New York City","Company Description Etsy is the global marketplace for unique and creative goods. We build, power, and evolve the tools and technologies that connect millions of entrepreneurs with millions of buyers around the world. As an Etsy Inc. employee , whether a team member of Etsy, Reverb, or Depop, you will tackle unique, meaningful, and large-scale problems alongside passionate coworkers, all the while making a rewarding impact and Keeping Commerce Human. Salary Range: $187,000.00 - $243,000.00 What…",IT Jobs,2025-03-08T18:41:23Z,187000.0,243000.0
Data Governance,SMBC,"Grand Central, Manhattan","SMBC Group is a top-tier global financial group. Headquartered in Tokyo and with a 400-year history, SMBC Group offers a diverse range of financial services, including banking, leasing, securities, credit cards, and consumer finance. The Group has more than 130 offices and 80,000 employees worldwide in nearly 40 countries. Sumitomo Mitsui Financial Group, Inc. (SMFG) is the holding company of SMBC Group, which is one of the three largest banking groups in Japan. SMFG's shares trade on the Tokyo…",Accounting & Finance Jobs,2025-02-15T09:23:52Z,94085.54,94085.54
Data Governance,SMBC,"Grand Central, Manhattan","SMBC Group is a top-tier global financial group. Headquartered in Tokyo and with a 400-year history, SMBC Group offers a diverse range of financial services, including banking, leasing, securities, credit cards, and consumer finance. The Group has more than 130 offices and 80,000 employees worldwide in nearly 40 countries. Sumitomo Mitsui Financial Group, Inc. (SMFG) is the holding company of SMBC Group, which is one of the three largest banking groups in Japan. SMFG's shares trade on the Tokyo…",Accounting & Finance Jobs,2025-02-15T09:23:52Z,101430.02,101430.02
Data Governance,SMBC Group,"Grand Central, Manhattan","SMBC Group is a top-tier global financial group. Headquartered in Tokyo and with a 400-year history, SMBC Group offers a diverse range of financial services, including banking, leasing, securities, credit cards, and consumer finance. The Group has more than 130 offices and 80,000 employees worldwide in nearly 40 countries. Sumitomo Mitsui Financial Group, Inc. (SMFG) is the holding company of SMBC Group, which is one of the three largest banking groups in Japan. SMFG’s shares trade on the Tokyo…",Accounting & Finance Jobs,2025-04-01T12:54:24Z,94688.81,94688.81
Data Governance,SMBC Group,"Grand Central, Manhattan","SMBC Group is a top-tier global financial group. Headquartered in Tokyo and with a 400-year history, SMBC Group offers a diverse range of financial services, including banking, leasing, securities, credit cards, and consumer finance. The Group has more than 130 offices and 80,000 employees worldwide in nearly 40 countries. Sumitomo Mitsui Financial Group, Inc. (SMFG) is the holding company of SMBC Group, which is one of the three largest banking groups in Japan. SMFG’s shares trade on the Tokyo…",Accounting & Finance Jobs,2025-04-01T12:53:56Z,102124.98,102124.98
Corporate Vice President - Financial / Actuarial Modeling Tech Solutions Lead,New York Life Insurance Co,"New York City, New York","Location Designation: Hybrid - 3 days per month Our New York Life culture has laid the foundation for over 175 years of commitment to our employees, agents, policy owners, and the communities where we live and work. Here you become a valued part of a welcoming, inclusive, and caring organization with a long-standing legacy in stability and growth. The strength revolves around our diversified, multi-dimensional business portfolio that goes beyond life insurance. As a Fortune 100 company and indu…",IT Jobs,2024-11-05T19:33:38Z,148778.44,148778.44
Senior Data Scientist (Local Candidates Only / Hybrid 1-2x Per Week),TEKsystems,"Flatbush, Brooklyn","Description Seller, Payments and Finance Analytics (SPF) is an analytics team committed to applying the techniques of data science and analytics to drive significant insights, including: - Understanding the nuances of seller and buyer behavior, with a focus on the myriad interactions with financial systems, payments, and marketplace services. - Building rich data sources of truth that interweave complex payments & finance data with other foundational user data from across the Etsy ecosystem - F…",Engineering Jobs,2025-04-15T10:52:08Z,140662.19,140662.19
Digital Media Buyer 2026 Q2 (April-June) Job at Within in New York,WITHIN,"New York City, New York","WITHIN is the world's first Performance Branding company, partnering with some of the biggest brands in the world to drive business growth through innovative marketing strategies. Our integrated operating model collapses the traditional marketing silos between creative and media, performance and brand, and across media channels. With a full suite of offerings including media, creative, SEO, Lifecycle, Retail Media, Affiliate and Influencer, we’re able to work with our brand partners in an integ…","PR, Advertising & Marketing Jobs",2025-01-20T06:15:55Z,61968.41,61968.41
Senior ETL Developer - SSIS/Azure Data Tools,ZT Systems,"Secaucus, Hudson County","About the Role We are looking for a passionate Senior ETL Developer – SSIS /Azure Data tools. The ETL Developer will be involved in developing solutions for enterprise data warehousing (EDW), reporting and business intelligence ( SSIS / SSRS ) initiatives. Work with business users and functional and development teams to collect, analyze, and document requirements. The role is responsible for designing, coding, testing, and scheduling ETL programs to support the enterprise and reporting data war…",IT Jobs,2025-01-12T06:25:11Z,164847.08,164847.08
Machine Learning Engineer,Dstillery,"Grand Central, Manhattan","About Dstillery Dstillery is the leading AI ad targeting company. We empower brands and agencies to target their best prospects for high-performing programmatic advertising campaigns. Backed by our award-winning Data Science, Dstillery has earned 24 patents (and counting) for the AI technology that powers our precise, scalable audiences. Our newest technology, ID-free ® , is patented, privacy-safe behavioral targeting that reaches 100% of ad impressions and can be used with any Dstillery produc…",IT Jobs,2025-03-13T18:27:36Z,128531.02,128531.02
Senior Business Intelligence Data Engineer,Oura,"New York City, New York","Our mission at Oura is to empower every person to own their inner potential. Our award-winning products help our global community gain a deeper knowledge of their readiness, activity, and sleep quality by using their Oura Ring and its connected app. We've helped millions of people understand and improve their health by providing daily insights and practical steps to inspire healthy lifestyles. Empowering the world starts with living our values and empowering our team. As a quickly growing compa…",IT Jobs,2025-04-14T18:24:30Z,139000.0,244000.0
Planner - 4536,STV,"New York City, New York","Description Build Your Career at STV At STV, we not only tackle world-class projects, but we also develop employee skills, recognize achievements, and offer opportunities for advancement. So, if you’re looking for a rewarding position working for an award-winning industry leader, then STV is the place for you. We are a well-respected AEC firm with 40 offices throughout the US and 2,400 employees. Grow at STV Life is an ongoing learning experience, and we want you to continue to grow here at STV…",Engineering Jobs,2025-03-12T21:50:47Z,75032.42,75032.42
Senior Structural Tunneling Engineer - 4175,STV,"New York City, New York","Description Build Your Career at STV At STV, we not only tackle world-class projects, but we also develop employee skills, recognize achievements, and offer opportunities for advancement. So, if you’re looking for a rewarding position working for an award-winning industry leader, then STV is the place for you. We are a well-respected AEC firm with 40 offices throughout the US and 2,400 employees. Grow at STV Life is an ongoing learning experience, and we want you to continue to grow here at STV…",Engineering Jobs,2025-03-12T21:46:19Z,108871.88,108871.88
Tunneling & Geotechnical CADD Manager - 4052,STV,"New York City, New York","Description Build Your Career at STV At STV, we not only tackle world-class projects, but we also develop employee skills, recognize achievements, and offer opportunities for advancement. So, if you’re looking for a rewarding position working for an award-winning industry leader, then STV is the place for you. We are a well-respected AEC firm with 40 offices throughout the US and 2,400 employees. Grow at STV Life is an ongoing learning experience, and we want you to continue to grow here at STV…",Engineering Jobs,2025-03-13T23:28:16Z,97001.62,97001.62
Senior Electrical Engineer - 4343,STV,"New York City, New York","Description STV is an award-winning national leader consistently ranking among the country's top companies in the design and planning of buildings, infrastructure, and transportation systems. More than 110 years old, the firm provides comprehensive architectural, engineering, planning, environmental, construction management and program management services for public and private sector clients all over the Country . We are a well-respected AEC firm with 40 offices and 2,400 employees throughout …",Engineering Jobs,2025-03-13T01:49:15Z,81596.51,81596.51
Infrastructure Economist - 4459,STV,"New York City, New York","Description Build Your Career at STV At STV, we not only tackle world-class projects, but we also develop employee skills, recognize achievements, and offer opportunities for advancement. So, if you’re looking for a rewarding position working for an award-winning industry leader, then STV is the place for you. We are a well-respected AEC firm with 40 offices throughout the US and 2,400 employees. Grow at STV Life is an ongoing learning experience, and we want you to continue to grow here at STV…",Engineering Jobs,2024-08-26T07:54:05Z,88118.63,88118.63
Healthcare Construction Project Manager - 3477,STV,"New York City, New York","Description STV is a leading, award-winning professional firm offering engineering, architectural, planning, environmental and construction management services. STV consistently ranks among the country's top firms in many of the markets we serve. STV’s PM/CM Division is a national practice providing a comprehensive compendium of services to a broad and ever expanding client base. Our services encompass program advisory, project management, project controls, owner’s representative and constructi…",Engineering Jobs,2025-03-12T20:40:10Z,132404.92,132404.92
Industrial Hygienist - 4297,STV,"New York City, New York","Description We have a thriving AEC practice with a close-knit, team-oriented group that is growing rapidly. Due to our success, we need an Asbestos Technician to assist with the delivery of our current extensive backlog of work. This backlog includes tasks associated with construction and capital improvement projects for MTA agencies including New York City Transit and various infrastructure improvement projects for New York government agencies such as NYCHA and DASNY. Who We Are: STV is an awa…",Engineering Jobs,2025-03-12T23:22:17Z,79551.63,79551.63
Certified Industrial Hygienist Project Manager - 4298,STV,"New York City, New York","Description We have a thriving AEC practice with a close-knit, team-oriented group that is growing rapidly. Due to our success, we need an Asbestos Technician to assist with the delivery of our current extensive backlog of work. This backlog includes tasks associated with construction and capital improvement projects for MTA agencies including New York City Transit and various infrastructure improvement projects for New York government agencies such as NYCHA and DASNY. Who We Are: STV is an awa…",Engineering Jobs,2025-03-12T19:10:03Z,85827.36,85827.36
Compensation Analyst I,Motion Recruitment Partners,"Grand Central, Manhattan","Compensation Analyst I New York, New York Contract We have multiple openings for a Compensation Analyst with our client -a global company that provides commercial insurance brokerage services, strategic risk management services, employee benefits, and investment & compensation management. Duration : 4-month contract (Extensions are a possibility depending on business need). Location: This position is 100% REMOTE. Description: Seeking Temporary Compensation Analysts (LTI Data Cleaners) to join t…",Accounting & Finance Jobs,2025-04-08T11:49:44Z,66815.97,66815.97
Senior Data Engineer (Healthcare Data & Pipelines),Kontakt.io,"New York City, New York","Kontakt.io is building the platform that care operations run on. We reduce waste, cut costs, and improve revenue by improving throughput, asset utilization and staff productivity. Our platform uses AI, RTLS, and EHR data to enable self-learning agents to automate workflows, adapt in real-time, and orchestrate all of care delivery operations. Easy to deploy and scale, it gives a clear picture of spaces, equipment, and people, eliminating inefficiencies and enhancing the patient experience. With …",IT Jobs,2025-01-25T09:44:49Z,175279.27,175279.27
Project Manager - Reporting & Analytics (Contractor),Macmillan,"Wall Street, Manhattan","Macmillan is seeking a Project Manager to join our Project Management Office (PMO) team. The Project Manager will lead multiple Reporting & Analytics projects within a large-scale Dynamics 365 and Snowflake implementation. The ideal candidate will also have experience managing projects that focus on data integration, analytics, and reporting solutions, particularly using Snowflake, Cognos, and Power BI (or similar tools). This is a 12-month contract opportunity. Major Responsibilities: Workstre…",IT Jobs,2025-03-11T23:44:37Z,99943.24,99943.24
"SVP, Data Science",BGB Group,"New York City, New York","BGB Group SVP, Data Science Our Agency BGB Group is a healthcare communications agency that offers a wide range of services, including traditional pharmaceutical advertising, promotional medical education, payer marketing, and consulting services. Known for excellence and professionalism, we’re hired as strategic and creative partners by our biopharmaceutical clients to drive category/brand awareness and growth. SVP, Data Science Job Overview As the Senior Vice President, Data Science , you wil…",IT Jobs,2025-02-05T12:42:06Z,210000.0,240000.0
"SVP, Data Science",BGB Group,"Grand Central, Manhattan","BGB Group SVP, Data Science Our Agency BGB Group is a healthcare communications agency that offers a wide range of services, including traditional pharmaceutical advertising, promotional medical education, payer marketing, and consulting services. Known for excellence and professionalism, we’re hired as strategic and creative partners by our biopharmaceutical clients to drive category/brand awareness and growth. SVP, Data Science Job Overview As the Senior Vice President, Data Science, you will…",IT Jobs,2025-03-15T08:06:07Z,153072.7,153072.7
Product Director - Crossix,Veeva Systems,"New York City, New York","Veeva Systems is a mission-driven organization and pioneer in industry cloud, helping life sciences companies bring therapies to patients faster. As one of the fastest-growing SaaS companies in history, we surpassed $2B in revenue in our last fiscal year with extensive growth potential ahead. At the heart of Veeva are our values: Do the Right Thing, Customer Success, Employee Success, and Speed. We're not just any public company – we made history in 2021 by becoming a public benefit corporation…",IT Jobs,2024-08-01T05:03:06Z,120000.0,200000.0
Senior Data Scientist,Willis Towers Watson,"Fort Lee, Bergen County","TRANZACT is a leading performance sales and marketing agency specializing in the Medicare Advantage, Medicare Supplemental, and Life and Supplemental Insurance space. Our mission is to deliver exceptional results for our clients through innovative marketing strategies and data-driven approaches. We are currently looking for a Senior Data Scientist to drive our data science and analytics group forward You will be joining a group of curious, smart, technically minded yet business savvy data scien…",IT Jobs,2024-06-26T09:45:02Z,142298.28,142298.28
Technical Engagement Manager / Account Manager (AI / SaaS),EvolutionIQ,"New York City, New York","About Us: EvolutionIQ’s mission is to improve the lives of injured and disabled workers and enable them to return to the workforce, saving billions of dollars in avoidable costs and lost productivity to the US and global economies and make insurance more affordable for everyone. We are currently experiencing massive growth and to accomplish our goals, we are hiring world-class talent who want to help build and scale internally, and transform the insurance space. Our team is our 1 priority, and …",Consultancy Jobs,2025-02-23T23:58:25Z,150000.0,175000.0
"Azure Databricks DevOps Administrator New York City, New York",esrhealthcare,"New York City, New York","> > Description: > > Job Location: New York City, New York - Hybrid (3 days onsite) > > Job Title: Azure Databricks DevOps Administrator > > Duration: Long term Contract / CTH > > Target Start Date: ASAP > > Experience > > As an Azure Databricks DevOps Administrator, you will be responsible > for managing and maintaining the Databricks platform, ensuring optimal > performance and security across workspaces, clusters, and jobs. This > role is crucial in overseeing user administration, managing A…",IT Jobs,2025-03-01T07:16:08Z,120444.24,120444.24
"Principal Sales Compensation Manager, Amazon Ads, Sales Incentive Compensation",Amazon,"Grand Central, Manhattan","Description At Amazon Advertising Sales Incentive Compensation team, we are seeking an experienced leader for overseeing Incentive Compensation analytics. The charter for our team is to Enable the growth of Amazon Ads through effective sales compensation design, governance and operations. The ideal candidate for the role will be an exceptionally strong analytical and detailed oriented thinker who excels in written and verbal communication, data analysis, modeling and process improvements. They …",IT Jobs,2025-01-14T18:45:23Z,145368.58,145368.58
VP Client Partner - BCM Clients,EXL Service,"New York City, New York","Company Overview and Culture EXL (NASDAQ: EXLS) is a leading data analytics and digital operations and solutions company. We partner with clients using a data and AI-led approach to reinvent business models, drive better business outcomes and unlock growth with speed. EXL harnesses the power of data, analytics, AI, and deep industry knowledge to transform operations for the world's leading corporations in industries including insurance, healthcare, banking and financial services, media and reta…",Consultancy Jobs,2025-03-18T20:47:53Z,210000.0,250000.0
"Sr. Reporter, Leveraged Loans Job at PitchBook Data in New York",PitchBook Data,"New York City, New York","At PitchBook, we are always looking forward. We continue to innovate, evolve, and invest in ourselves to bring out the best in everyone. We're deeply collaborative and thrive on the excitement, energy, and fun that reverberates throughout the company. Our extensive learning programs and mentorship opportunities help us create a culture of curiosity that pushes us to always find new solutions and better ways of doing things. The combination of a rapidly evolving industry and our high ambitions m…",Accounting & Finance Jobs,2025-02-04T06:21:38Z,129389.21,129389.21
Court Reporter - Debtwire North America,ION Group,"New York City, New York","The Role: Debtwire, an ION Analytics company and the leading provider of news and analysis for the global fixed income markets seeks an experienced reporter to cover the legal beat, focusing on US bankruptcy cases and high-profile distressed debt litigation. The ideal reporter has at least two to three years of experience reporting on the courts, finance, or distressed debt. The reporter will write several articles per day on the bankruptcy beat, writing up various court filings, covering heari…",IT Jobs,2025-03-10T23:27:57Z,80000.0,100000.0
ION Group is hiring: Court Reporter - Debtwire North America in New York,ION Group,"New York City, New York","The Role: Debtwire, an ION Analytics company and the leading provider of news and analysis for the global fixed income markets seeks an experienced reporter to cover the legal beat, focusing on US bankruptcy cases and high-profile distressed debt litigation. The ideal reporter has at least two to three years of experience reporting on the courts, finance, or distressed debt. The reporter will write several articles per day on the bankruptcy beat, writing up various court filings, covering heari…",IT Jobs,2025-03-08T06:27:23Z,123072.11,123072.11
Court Reporter – Debtwire North America Job at ION Group in New York,ION Group,"New York City, New York","Debtwire, an ION Analytics company and the leading provider of news and analysis for the global fixed income markets seeks an experienced reporter to cover the legal beat, focusing on US bankruptcy cases and high-profile distressed debt litigation. The ideal reporter has at least two to three years of experience reporting on the courts, finance, or distressed debt. The reporter will write several articles per day on the bankruptcy beat, writing up various court filings, covering hearings in-per…",IT Jobs,2025-03-10T07:30:07Z,118007.0,118007.0
"Sr Analyst, Advanced PDM",Molina Healthcare,"Grand Central, Manhattan","Job Description Job Summary The Sr. Analyst, Advanced Provider Data Management is responsible for analyzing and understanding business processes, identifying areas for improvement, and developing solutions to optimize performance. The Sr. Analyst often acts as a liaison between the business units and IT, ensuring that technical solutions align with business goals. Knowledge/Skills/Abilities - Collaborate with stakeholders to understand business objectives, gather requirements, and translate the…",IT Jobs,2025-04-10T12:06:05Z,107223.65,107223.65
"Sr Analyst, Advanced PDM",Molina Healthcare,"New York City, New York","Job Description Job Summary The Sr. Analyst, Advanced Provider Data Management is responsible for analyzing and understanding business processes, identifying areas for improvement, and developing solutions to optimize performance. The Sr. Analyst often acts as a liaison between the business units and IT, ensuring that technical solutions align with business goals. Knowledge/Skills/Abilities - Collaborate with stakeholders to understand business objectives, gather requirements, and translate the…",IT Jobs,2025-04-10T12:06:06Z,109595.16,109595.16
"Sr. Economist, Seller Economics-Fixed",Amazon,"Grand Central, Manhattan","Description The Selling Partner Fees team owns the end-to-end fees experience for two million active third party sellers. We own the fee strategy, fee seller experience, fee accuracy and integrity, fee science and analytics, and we provide scalable technology to monetize all services available to third-party sellers. We are looking for a Senior Economist to lead the development of economic models and tools to optimize the structure and magnitude of fees paid by >4MM of heterogeneous Sellers Wor…",IT Jobs,2025-01-29T18:44:11Z,118907.13,118907.13
"Operations Analyst, Capital Marketplace",Capitolis,"New York City, New York","We believe the financial markets can and should work for everyone. Capitolis is the technology company creating safer and more vibrant financial markets by unlocking capital constraints and enabling greater access to more diversified capital and investment opportunities. Rooted in advanced technology and deep financial expertise, Capitolis powers groundbreaking financial solutions that drive growth for global and regional banks – and institutional investors alike. Capitolis is backed by world c…",Accounting & Finance Jobs,2025-04-13T21:25:34Z,90901.87,90901.87
"Sr. Economist, Seller Economics-Fixed, Seller Economics",Amazon,"Grand Central, Manhattan","Description The Selling Partner Fees team owns the end-to-end fees experience for two million active third party sellers. We own the fee strategy, fee seller experience, fee accuracy and integrity, fee science and analytics, and we provide scalable technology to monetize all services available to third-party sellers. We are looking for a Senior Economist to lead the development of economic models and tools to optimize the structure and magnitude of fees paid by >4MM of heterogeneous Sellers Wor…",IT Jobs,2025-01-29T18:44:13Z,108967.45,108967.45
"Azure Databricks DevOps Administrator New York City, New York",ESR Healthcare,"New York City, New York","Azure Databricks DevOps Administrator New York City, New York > > Description: > > Job Location: New York City, New York - Hybrid (3 days onsite) > > Job Title: Azure Databricks DevOps Administrator > > Duration: Long term Contract / CTH > > Target Start Date: ASAP > > Experience > > As an Azure Databricks DevOps Administrator, you will be responsible > for managing and maintaining the Databricks platform, ensuring optimal > performance and security across workspaces, clusters, and jobs. This >…",IT Jobs,2025-03-01T11:33:50Z,150000.0,200000.0
"Digital Media Buyer (Q4 October-December) Long Island City, New York Job at With",WITHIN,"New York City, New York","Digital Media Strategist (Q4 October-December) Long Island City, New York About Us: WITHIN is the world's first Performance Branding company, partnering with some of the biggest brands in the world to drive business growth through innovative marketing strategies. Our integrated operating model collapses the traditional marketing silos between creative and media, performance and brand, and across media channels. With a full suite of offerings including media, creative, SEO, Lifecycle, Retail Med…","PR, Advertising & Marketing Jobs",2025-01-19T06:25:22Z,72992.33,72992.33
Staff Site Reliability Engineer- Data & ML,Datavant,"New York City, New York","Datavant is a data platform company and the world’s leader in health data exchange. Our vision is that every healthcare decision is powered by the right data, at the right time, in the right format. Our platform is powered by the largest, most diverse health data network in the U.S., enabling data to be secure, accessible and usable to inform better health decisions. Datavant is trusted by the world’s leading life sciences companies, government agencies, and those who deliver and pay for care. …",IT Jobs,2025-04-20T00:07:14Z,145566.12,145566.12
"Senior Data Scientist, Finance",Brex,"New York City, New York","Data at Brex Our Scientists and Engineers work together to make data — and insights derived from data — a core asset across Brex. But it's more than just crunching numbers. The Data team at Brex develops infrastructure, statistical models, and products using data. Our work is ingrained in Brex's decision-making process, the efficiency of our operations, our risk management policies, and the unparalleled experience we provide our customers. What You’ll Do Working closely with Finance leadership,…",Accounting & Finance Jobs,2025-03-09T22:51:41Z,192000.0,240000.0
Incident Management Analyst,Matrix Global,US,"Incident Management Analyst Matrix Global Services is looking for an experienced Incident Management Analyst to join a team of professionals who will modify, implement, and deliver ITIL aligned Incident Management services in New York City. We are looking for professionals with the process experience and technical aptitude to enable the team to deliver exceptional service, backed up with quantitative data. An outstanding Incident Analyst will excel at multitasking, remain judicious during major…",IT Jobs,2025-04-06T22:22:10Z,85271.02,85271.02
Sr. Manager/ Associate Director - Analytics Consulting (Banking),Tiger Analytics,"Jersey City, Hudson County","Job Description Job Description Tiger Analytics is an advanced analytics consulting firm. We are the trusted analytics partner for several Fortune 100 companies, enabling them to generate business value from data. Our consultants bring deep expertise in Data Science, Machine Learning, and AI. Our business value and leadership have been recognized by various market research firms, including Forrester and Gartner. We are looking for someone with a good blend of business consulting skills and a da…",IT Jobs,2025-04-06T00:45:41Z,183391.25,183391.25
Global Technology Alliance Director - Remote,Dataiku,"Grand Central, Manhattan","At Dataiku, were not just adapting to the AI revolution, were leading it. Since our beginning in Paris in 2013, weve been pioneering the future of AI with a platform that makes data actionable and accessible. With over 1,000 teammates across 25 countries and backed by a renowned set of investors, were the architects of Everyday AI, enabling data experts and domain experts to work together to build AI into their daily operations, from advanced analytics to Generative AI. Drive Dataikus growth as…",Sales Jobs,2025-03-23T12:25:05Z,111433.3,111433.3
Digital Media Strategist (Senior),Within,"Long Island, Queens","About WITHIN & Brkfst.io WITHIN is the world's first Performance Branding company, partnering with some of the biggest brands in the world to drive business growth through innovative marketing strategies. Our integrated operating model collapses the traditional marketing silos between creative and media, performance and brand, and across media channels. With a full suite of offerings including media, creative, SEO, Lifecycle, Retail Media, Affiliate and Influencer, we’re able to work with our b…",IT Jobs,2024-08-10T06:59:35Z,102500.0,130000.0
"Senior Director, Data Science, ML and AI",Compass,"New York City, New York","At Compass, our mission is to help everyone find their place in the world. Founded in 2012, we’re revolutionizing the real estate industry with our end-to-end platform that empowers residential real estate agents to deliver exceptional service to seller and buyer clients. Data is at the heart of everything we do. Our Data & Analytics organization is integral to the success of Compass, driving strategic initiatives and empowering stakeholders to exceed their goals. As our data capabilities evolv…",IT Jobs,2025-02-04T09:51:48Z,254400.0,286200.0
Enterprise Business Development Representative,Riskified,"New York City, New York","About Us Riskified empowers businesses to unleash ecommerce growth by taking risk off the table. Many of the world’s biggest brands and publicly traded companies selling online rely on Riskified for guaranteed protection against chargebacks, to fight fraud and policy abuse at scale, and to improve customer retention. Developed and managed by the largest team of ecommerce risk analysts, data scientists and researchers, Riskified’s AI-powered fraud and risk intelligence platform analyzes the indi…",Sales Jobs,2025-03-01T19:20:34Z,65000.0,70000.0
Digital Media Buyer,Within,"Long Island, Queens","About WITHIN & Brkfst.io WITHIN is the world's first Performance Branding company, partnering with some of the biggest brands in the world to drive business growth through innovative marketing strategies. Our integrated operating model collapses the traditional marketing silos between creative and media, performance and brand, and across media channels. With a full suite of offerings including media, creative, SEO, Lifecycle, Retail Media, Affiliate and Influencer, we’re able to work with our b…","PR, Advertising & Marketing Jobs",2024-08-10T07:26:42Z,57428.88,57428.88
WITHIN is hiring: Digital Media Buyer 2026 in New York,WITHIN,"New York City, New York","WITHIN is the world's first Performance Branding company, partnering with some of the biggest brands in the world to drive business growth through innovative marketing strategies. Our integrated operating model collapses the traditional marketing silos between creative and media, performance and brand, and across media channels. With a full suite of offerings including media, creative, SEO, Lifecycle, Retail Media, Affiliate and Influencer, we’re able to work with our brand partners in an integ…","PR, Advertising & Marketing Jobs",2025-04-04T15:38:31Z,63040.27,63040.27
WITHIN is hiring: Digital Media Strategist (Senior) in New York,WITHIN,"New York City, New York","About WITHIN & Brkfst.io WITHIN is the world's first Performance Branding company, partnering with some of the biggest brands in the world to drive business growth through innovative marketing strategies. Our integrated operating model collapses the traditional marketing silos between creative and media, performance and brand, and across media channels. With a full suite of offerings including media, creative, SEO, Lifecycle, Retail Media, Affiliate and Influencer, we're able to work with our b…",IT Jobs,2025-03-01T06:13:45Z,70387.35,70387.35
Within is hiring: Digital Media Buyer 2026 Q3 (July-September) in New York,WITHIN,"New York City, New York","WITHIN is the world's first Performance Branding company, partnering with some of the biggest brands in the world to drive business growth through innovative marketing strategies. Our integrated operating model collapses the traditional marketing silos between creative and media, performance and brand, and across media channels. With a full suite of offerings including media, creative, SEO, Lifecycle, Retail Media, Affiliate and Influencer, we’re able to work with our brand partners in an integ…","PR, Advertising & Marketing Jobs",2025-01-20T06:15:56Z,59969.75,59969.75
"Digital Media Buyer (Q2 April-June) Long Island City, New York Job at Within in",WITHIN,"New York City, New York","Long Island City, New York About Us: WITHIN is the world's first Performance Branding company, partnering with some of the biggest brands in the world to drive business growth through innovative marketing strategies. Our integrated operating model collapses the traditional marketing silos between creative and media, performance and brand, and across media channels. With a full suite of offerings including media, creative, SEO, Lifecycle, Retail Media, Affiliate and Influencer, we’re able to wor…","PR, Advertising & Marketing Jobs",2025-01-18T06:21:28Z,68683.83,68683.83
Within is hiring: Digital Media Buyer 2026 Q1 (January-March) in New York,WITHIN,"New York City, New York","WITHIN is the world's first Performance Branding company, partnering with some of the biggest brands in the world to drive business growth through innovative marketing strategies. Our integrated operating model collapses the traditional marketing silos between creative and media, performance and brand, and across media channels. With a full suite of offerings including media, creative, SEO, Lifecycle, Retail Media, Affiliate and Influencer, we’re able to work with our brand partners in an integ…","PR, Advertising & Marketing Jobs",2025-01-20T06:15:56Z,67841.77,67841.77
(Senior) Data Team Lead,IQVIA,"Tyler Park, Hudson County","Why Join IQVIA? IQVIA Data Team Leads are at the heart of the drug development process, using the latest technology to drive projects forward efficiently and with high quality. Additional Benefits: - Home-based remote opportunity (can be located anywhere in the US or Canada) - Work/life balance as well as flexible schedules - Strong team environment and collaboration - Ability to work with leading pharmaceutical companies, across different therapeutic areas - Technical training and tailored dev…",Scientific & QA Jobs,2025-02-12T10:24:57Z,153392.88,153392.88
(Senior) Data Team Lead,IQVIA,"Grand Central, Manhattan","Why Join IQVIA? IQVIA Data Team Leads are at the heart of the drug development process, using the latest technology to drive projects forward efficiently and with high quality. Additional Benefits: - Home-based remote opportunity (can be located anywhere in the US or Canada) - Work/life balance as well as flexible schedules - Strong team environment and collaboration - Ability to work with leading pharmaceutical companies, across different therapeutic areas - Technical training and tailored dev…",Scientific & QA Jobs,2025-02-13T09:35:42Z,157946.06,157946.06
Behavior Technician,Proud Moments ABA,"Flushing, Queens","Part Time Opportunity- Mainly Afternoons Proud Moments ABA is a national behavioral health organization, providing the gold standard of Applied Behavior Analysis (ABA) services for children on the autism spectrum from birth to age 21. We are looking for Behavior Technicians (BT's) to join our growing team. Our BT's are an essential part of the treatment team- providing 1-1 specialized treatment in partnership with our Board Certified Behavior Analysts to our clients in a home-based setting. If …",Healthcare & Nursing Jobs,2025-03-26T20:44:39Z,56364.2,56364.2
Behavior Technician,Proud Moments ABA,"Hollis Hills, Queens","Part Time Opportunity- Mainly Afternoons Proud Moments ABA is a national behavioral health organization, providing the gold standard of Applied Behavior Analysis (ABA) services for children on the autism spectrum from birth to age 21. We are looking for Behavior Technicians (BT's) to join our growing team. Our BT's are an essential part of the treatment team- providing 1-1 specialized treatment in partnership with our Board Certified Behavior Analysts to our clients in a home-based setting. If …",Healthcare & Nursing Jobs,2025-03-26T20:44:39Z,52752.14,52752.14
"Behavior Technician, willing to train",Proud Moments ABA,"Teaneck, Bergen County","Proud Moments ABA is a national behavioral health organization, providing the gold standard of Applied Behavior Analysis (ABA) services for children on the autism spectrum from birth to age 21. We are looking for Behavior Technicians (BT's) to join our growing team. Our BT's are an essential part of the treatment team- providing 1-1 specialized treatment in partnership with our Board Certified Behavior Analysts to our clients in a center-based setting. If you are looking for a career that allow…",Healthcare & Nursing Jobs,2025-04-17T21:01:18Z,54024.14,54024.14
Behavior Technician (BT),Nekton Autism,"Bronx Park and Fordham, Bronx","Nekton Autism - Nekton Autism - is dedicated to providing Applied Behavior Analysis (ABA) services for children on the autism spectrum aged 0 to 21. Our mission is to empower every child on the autism spectrum to thrive and live independently by enabling Behavior Technicians (BTs) to execute their paramount mission of delivering unparalleled Applied Behavior Analysis (ABA). We are actively seeking passionate Behavior Technicians/RBTs to join our expanding team, playing a crucial role in providi…",Healthcare & Nursing Jobs,2025-04-01T06:50:21Z,44245.11,44245.11
Behavior Technician (BT),Nekton Autism,"Staten Island, New York City","Nekton Autism - Nekton Autism - is dedicated to providing Applied Behavior Analysis (ABA) services for children on the autism spectrum aged 0 to 21. Our mission is to empower every child on the autism spectrum to thrive and live independently by enabling Behavior Technicians (BTs) to execute their paramount mission of delivering unparalleled Applied Behavior Analysis (ABA). We are actively seeking passionate Behavior Technicians/RBTs to join our expanding team, playing a crucial role in providi…",Healthcare & Nursing Jobs,2025-04-01T06:50:21Z,42082.27,42082.27
Behavior Technician (BT),Nekton Autism,"Brooklyn Heights, Brooklyn","Nekton Autism - Nekton Autism - is dedicated to providing Applied Behavior Analysis (ABA) services for children on the autism spectrum aged 0 to 21. Our mission is to empower every child on the autism spectrum to thrive and live independently by enabling Behavior Technicians (BTs) to execute their paramount mission of delivering unparalleled Applied Behavior Analysis (ABA). We are actively seeking passionate Behavior Technicians/RBTs to join our expanding team, playing a crucial role in providi…",Healthcare & Nursing Jobs,2025-04-01T06:50:21Z,39240.29,39240.29
Behavior Technician (BT),Nekton Autism,"Elmhurst, Queens","Nekton Autism - Nekton Autism - is dedicated to providing Applied Behavior Analysis (ABA) services for children on the autism spectrum aged 0 to 21. Our mission is to empower every child on the autism spectrum to thrive and live independently by enabling Behavior Technicians (BTs) to execute their paramount mission of delivering unparalleled Applied Behavior Analysis (ABA). We are actively seeking passionate Behavior Technicians/RBTs to join our expanding team, playing a crucial role in providi…",Healthcare & Nursing Jobs,2025-04-01T06:50:21Z,44529.58,44529.58
"Behavior Technician, willing to train",Proud Moments ABA,"Gramercy Park and Murray Hill, Manhattan","Proud Moments ABA is a national behavioral health organization, providing the gold standard of Applied Behavior Analysis (ABA) services for children on the autism spectrum from birth to age 21. We are looking for Behavior Technicians (BT's) to join our growing team. Our BT's are an essential part of the treatment team- providing 1-1 specialized treatment in partnership with our Board Certified Behavior Analysts to our clients in a center-based setting. If you are looking for a career that allow…",Healthcare & Nursing Jobs,2025-04-16T20:58:26Z,56009.1,56009.1
Registered Behavior Technician,Proud Moments ABA,"Gramercy Park and Murray Hill, Manhattan","Proud Moments ABA is a national behavioral health organization, providing the gold standard of Applied Behavior Analysis (ABA) services for children on the autism spectrum from birth to age 21. We are looking for Behavior Technicians (BT's) to join our growing team. Our BT's are an essential part of the treatment team- providing 1-1 specialized treatment in partnership with our Board Certified Behavior Analysts to our clients in a center-based setting. If you are looking for a career that allow…",Healthcare & Nursing Jobs,2025-04-16T20:58:26Z,53584.4,53584.4
Registered Behavior Technician,Proud Moments ABA,"Hollis Hills, Queens","Proud Moments ABA is a national behavioral health organization, providing the gold standard of Applied Behavior Analysis (ABA) services for children on the autism spectrum from birth to age 21. We are looking for Behavior Technicians (BT's) to join our growing team. Our BT's are an essential part of the treatment team- providing 1-1 specialized treatment in partnership with our Board Certified Behavior Analysts to our clients in a home-based setting. If you are looking for a career that allows …",Healthcare & Nursing Jobs,2025-03-26T20:44:39Z,51833.06,51833.06
Lead Data Analytics - SQL/ Databricks,Molina Healthcare,"New York City, New York","Job Description Job Summary The Lead Analyst, Advanced Provider Data Management is responsible for analyzing and understanding business processes, identifying areas for improvement, and developing solutions to optimize performance. This position requires leadership skills, technical expertise, and the ability to mentor and support other analysts. The Lead Analyst often acts as a liaison between the business units and IT, ensuring that technical solutions align with business goals. The Lead Anal…",IT Jobs,2025-03-29T11:30:33Z,138660.88,138660.88
Lead Data Analytics - SQL/ Databricks,Molina Healthcare,"Grand Central, Manhattan","Job Description Job Summary The Lead Analyst, Advanced Provider Data Management is responsible for analyzing and understanding business processes, identifying areas for improvement, and developing solutions to optimize performance. This position requires leadership skills, technical expertise, and the ability to mentor and support other analysts. The Lead Analyst often acts as a liaison between the business units and IT, ensuring that technical solutions align with business goals. The Lead Anal…",IT Jobs,2025-03-29T11:30:33Z,135660.42,135660.42
Behavior Technician,Proud Moments ABA,"Astoria, Queens","Part Time Opportunity - Afternoons Only Proud Moments ABA is a national behavioral health organization, providing the gold standard of Applied Behavior Analysis (ABA) services for children on the autism spectrum from birth to age 21. We are looking for Behavior Technicians (BT's) to join our growing team. Our BT's are an essential part of the treatment team- providing 1-1 specialized treatment in partnership with our Board Certified Behavior Analysts to our clients in a home-based setting. If y…",Healthcare & Nursing Jobs,2025-03-26T20:44:39Z,49464.26,49464.26
Behavior Technician,Proud Moments ABA,"Ozone Park, Queens","Part Time Opportunity- Mainly Afternoons Proud Moments ABA is a national behavioral health organization, providing the gold standard of Applied Behavior Analysis (ABA) services for children on the autism spectrum from birth to age 21. We are looking for Behavior Technicians (BT's) to join our growing team. Our BT's are an essential part of the treatment team- providing 1-1 specialized treatment in partnership with our Board Certified Behavior Analysts to our clients in a home-based setting. If …",Healthcare & Nursing Jobs,2025-03-26T20:44:39Z,58843.21,58843.21
Behavior Technician,Proud Moments ABA,"Jamaica, Queens","Part Time Opportunity- Mainly Afternoons Proud Moments ABA is a national behavioral health organization, providing the gold standard of Applied Behavior Analysis (ABA) services for children on the autism spectrum from birth to age 21. We are looking for Behavior Technicians (BT's) to join our growing team. Our BT's are an essential part of the treatment team- providing 1-1 specialized treatment in partnership with our Board Certified Behavior Analysts to our clients in a home-based setting. If …",Healthcare & Nursing Jobs,2025-03-26T20:44:39Z,58558.93,58558.93
Behavior Technician,Proud Moments ABA,"Jackson Heights, Queens","Part Time Opportunity- Mainly Afternoons Proud Moments ABA is a national behavioral health organization, providing the gold standard of Applied Behavior Analysis (ABA) services for children on the autism spectrum from birth to age 21. We are looking for Behavior Technicians (BT's) to join our growing team. Our BT's are an essential part of the treatment team- providing 1-1 specialized treatment in partnership with our Board Certified Behavior Analysts to our clients in a home-based setting. If …",Healthcare & Nursing Jobs,2025-03-26T20:44:39Z,46887.86,46887.86
Behavior Technician,Proud Moments ABA,"Rego Park, Queens","Part Time Opportunity- Mainly Afternoons Proud Moments ABA is a national behavioral health organization, providing the gold standard of Applied Behavior Analysis (ABA) services for children on the autism spectrum from birth to age 21. We are looking for Behavior Technicians (BT's) to join our growing team. Our BT's are an essential part of the treatment team- providing 1-1 specialized treatment in partnership with our Board Certified Behavior Analysts to our clients in a home-based setting. If …",Healthcare & Nursing Jobs,2025-03-26T20:44:40Z,55880.95,55880.95
"Behavior Technician, willing to train",Proud Moments ABA,"Bushwick and Williamsburg, Brooklyn","Proud Moments ABA is a national behavioral health organization, providing the gold standard of Applied Behavior Analysis (ABA) services for children on the autism spectrum from birth to age 21. We are looking for Behavior Technicians (BT's) to join our growing team. Our BT's are an essential part of the treatment team- providing 1-1 specialized treatment in partnership with our Board Certified Behavior Analysts to our clients in a home-based setting. If you are looking for a career that allows …",Healthcare & Nursing Jobs,2025-04-16T20:58:26Z,61094.08,61094.08
"Behavior Technician, willing to train",Proud Moments ABA,"Long Island City, Queens","Proud Moments ABA is a national behavioral health organization, providing the gold standard of Applied Behavior Analysis (ABA) services for children on the autism spectrum from birth to age 21. We are looking for Behavior Technicians (BT's) to join our growing team. Our BT's are an essential part of the treatment team- providing 1-1 specialized treatment in partnership with our Board Certified Behavior Analysts to our clients in a home-based setting. If you are looking for a career that allows …",Healthcare & Nursing Jobs,2025-04-16T20:58:26Z,54723.55,54723.55
Senior Software Engineer,Morningstar,"New York City, New York","About the Role As a senior software engineer in the Core Analytics Platform, you will be working in a cross-functional team, collaborating with teammates in Toronto, Chicago, New York, and Mumbai. As senior member of the team, you will be working closely with product managers and other engineering leads to work closely with the quantitative analysts (aka data scientists) and calculation engine developers and help them by building a platform to allow them to collaboratively build then easily dep…",IT Jobs,2025-01-25T07:11:31Z,300.0,600.0
Budget Analyst,"The Child Center Of Ny, Inc.","Forest Hills, Queens","The Child Center of NY strengthens children and families with skills, opportunities, and emotional support to build healthy, successful lives. Founded in 1953, The Child Center of NY has become a powerful community presence throughout the city. With 50 locations and 100 programs in NYC’s most under-served communities, our 1,000 results-oriented professionals make a difference for more than 40,000 children and their families each year . In this role you will: SUMMARY The Budget Analyst is respon…",Accounting & Finance Jobs,2024-09-20T10:20:26Z,57281.36,57281.36
"Sr. Data Engineer, Analytics",Quizlet,"New York City, New York","About Quizlet: Quizlet is the popular, global learning platform and app that millions of students, teachers and everyday people use to study any subject imaginable for school, work or as part of their personal interests  including two-thirds of high school students and half of all college students in the US. Combining cognitive science and machine learning, Quizlet guides students through adaptive study activities to confidently reach their learning goals. Valued at $1 billion, Quizlet has rais…",Engineering Jobs,2025-03-26T20:04:49Z,161000.0,207000.0
"Software Engineer 3, Data Platforms",MongoDB,"New York City, New York","MongoDB’s mission is to empower innovators to create, transform, and disrupt industries by unleashing the power of software and data. We enable organizations of all sizes to easily build, scale, and run modern applications by helping them modernize legacy workloads, embrace innovation, and unleash AI. Our industry-leading developer data platform, MongoDB Atlas, is the only globally distributed, multi-cloud database and is available in more than 115 regions across AWS, Google Cloud, and Microsof…",IT Jobs,2025-02-03T14:05:40Z,163730.28,163730.28
Senior Data Scientist - Generative AI (Data Science Lab),Spartan Technologies,"Chelsea and Clinton, Manhattan","Senior Data Scientist (Generative AI), Data Science Lab Direct Hire Hybrid Office locations : NYC, NY | Holmdel, NJ | Stamford, CT | Bethlehem, PA, Boston, MA We are seeking a Senior Data Scientist - Generative AI to be a contributor with a strong background in LLM and Generative AI . You will be responsible developing advanced data science solutions, leveraging machine learning and artificial intelligence, to drive enterprise-wide innovation across various business lines and Company’s products…",IT Jobs,2024-08-01T05:05:06Z,186073.81,186073.81
Enterprise Account Manager,Riskified,"New York City, New York","About Us Riskified empowers businesses to unleash ecommerce growth by taking risk off the table. Many of the world’s biggest brands and publicly traded companies selling online rely on Riskified for guaranteed protection against chargebacks, to fight fraud and policy abuse at scale, and to improve customer retention. Developed and managed by the largest team of ecommerce risk analysts, data scientists and researchers, Riskified’s AI-powered fraud and risk intelligence platform analyzes the indi…",Sales Jobs,2025-03-31T22:52:52Z,130000.0,140000.0
"Staff Product Manager, Data Platform",Squarespace,"New York City, New York","As a Staff Product Manager focused on our Data Platform, you'll play a crucial role in shaping, prioritizing, and delivering data initiatives aligned with strategic business objectives. Your work will directly empower analytics engineers, data scientists, and analysts by providing reliable, scalable data products and services. You'll apply a product-oriented approach to scope, understand, and prioritize development across: Data Collection, Orchestration, and Transformation Data Storage Data Gov…",IT Jobs,2025-04-17T20:31:51Z,185500.0,299000.0
"Lead Director, Data Science",CVS Health,"Grand Central, Manhattan","At CVS Health, we're building a world of health around every consumer and surrounding ourselves with dedicated colleagues who are passionate about transforming health care. As the nation's leading health solutions company, we reach millions of Americans through our local presence, digital channels and more than 300,000 purpose-driven colleagues - caring for people where, when and how they choose in a way that is uniquely more connected, more convenient and more compassionate. And we do it all w…",Consultancy Jobs,2025-03-11T10:45:27Z,152259.56,152259.56
People Operations Specialist,Riskified,"New York City, New York","About Us Riskified empowers businesses to unleash ecommerce growth by taking risk off the table. Many of the world’s biggest brands and publicly traded companies selling online rely on Riskified for guaranteed protection against chargebacks, to fight fraud and policy abuse at scale, and to improve customer retention. Developed and managed by the largest team of ecommerce risk analysts, data scientists and researchers, Riskified’s AI-powered fraud and risk intelligence platform analyzes the indi…",HR & Recruitment Jobs,2025-04-05T20:03:14Z,75000.0,80000.0
Facilities and Office Manager,Riskified,"New York City, New York","About Us Riskified empowers businesses to unleash ecommerce growth by taking risk off the table. Many of the world’s biggest brands and publicly traded companies selling online rely on Riskified for guaranteed protection against chargebacks, to fight fraud and policy abuse at scale, and to improve customer retention. Developed and managed by the largest team of ecommerce risk analysts, data scientists and researchers, Riskified’s AI-powered fraud and risk intelligence platform analyzes the indi…","Energy, Oil & Gas Jobs",2025-04-15T23:58:23Z,90000.0,100000.0
Solutions Engineer,Airbyte,"New York City, New York","Airbyte is the open-source standard for Data Movement. We enable data teams to move data from applications, APIs, unstructured sources, and databases to data warehouses, lakes, AI applications and LLMs. With our approach we are finally solving the need for extensibility and control that every company needs with data. So far, our customers, users, and ourselves have built over 15,000 connectors and have had 200,000 companies install Airbyte. We've raised $181M from the world's top investors (Ben…",IT Jobs,2025-04-19T20:34:10Z,77037.27,77037.27
"Lead Director, Data Science",CVS Health,"New York City, New York","At CVS Health, we’re building a world of health around every consumer and surrounding ourselves with dedicated colleagues who are passionate about transforming health care. As the nation’s leading health solutions company, we reach millions of Americans through our local presence, digital channels and more than 300,000 purpose-driven colleagues – caring for people where, when and how they choose in a way that is uniquely more connected, more convenient and more compassionate. And we do it all w…",IT Jobs,2025-03-07T13:51:28Z,144200.0,288400.0
Data Scientist - NYC Private Equity - Investment Management Firm,"J Harlan Group, LLC","New York City, New York","Job Description Job Description Data Scientist NYC Private Equity - Investment Management Firm J Harlan Group is currently conducting a search for an experienced and highly motivated Data Scientist, at a prominent NYC Private Equity - Investment Manager. An exciting opportunity to join this fast-growing and dynamic investment organization that is experiencing exceptional growth The Data Scientist will play a critical role in driving data-driven decision-making across the firm's investment strat…",Accounting & Finance Jobs,2025-04-20T13:53:34Z,140871.88,140871.88
"Capital One is hiring: Advertiser Promotion Integration Product Manager, Shoppin",Capital One,"New York City, New York","Advertiser Promotion Integration Product Manager, Shopping (Remote - Eligible) We are looking for a Product Manager to join our growing team in Capital One Shopping. If you have a remarkable ability to use data to tell a story, form a hypothesis and define metrics to identify the success of product initiatives - this is the role for you Product Management at Capital One is a booming, vibrant craft that requires reimagining the status quo, finding value creation opportunities, and driving innova…",IT Jobs,2025-03-24T07:06:10Z,172707.84,172707.84
Within is hiring: Digital Media Buyer 2026 in New York,WITHIN,"New York City, New York","WITHIN is the world's first Performance Branding company, partnering with some of the biggest brands in the world to drive business growth through innovative marketing strategies. Our integrated operating model collapses the traditional marketing silos between creative and media, performance and brand, and across media channels. With a full suite of offerings including media, creative, SEO, Lifecycle, Retail Media, Affiliate and Influencer, we’re able to work with our brand partners in an integ…","PR, Advertising & Marketing Jobs",2025-01-20T06:15:56Z,62163.14,62163.14
Senior Systems Analyst,Federal Home Loan Bank of New York,"New York City, New York","The position will define requirements and assist in leading the delivery of information technology systems development services across all areas of the Bank. To do this, they will implement system requirements by defining and analyzing system problems and by designing and testing standards and solutions. Job Function • Research, Analyze, and document Business Systems and their interdependencies to ensure the systems are meeting the Business and Technical requirements of the Bank and functioning…",IT Jobs,2025-03-18T20:27:38Z,150000.0,165000.0
Senior Software Engineer - Media Data Engineering,Bloomberg,"New York City, New York","Our Team Bloomberg Media empowers global business leaders with breaking news, expert opinion and proprietary data distributed with global reach. With over 30 million unique visitors each month, our flagship website bloomberg.com is the go-to destination for those looking to stay ahead of the curve. As one of the top 10 most visited financial and news sites on the web, we take pride in delivering top-quality content that our audience can trust. Media Data Engineering owns a variety of structured…",IT Jobs,2025-04-20T15:31:01Z,128073.89,128073.89
"Associate Actuary, P&C (ACAS)",Milliman,"Greeley Square, Manhattan","Who We Are Independent for over 75 years, Milliman delivers market-leading services and solutions to clients worldwide. Today, we are helping companies take on some of the world’s most critical and complex issues, including retirement funding and healthcare financing, risk management and regulatory compliance, data analytics and business transformation. Milliman invests in skills training and career development and gives all employees access to a variety of learning and mentoring opportunities.…",Accounting & Finance Jobs,2025-03-30T23:00:03Z,86000.0,179000.0
"Consulting Actuary, P&C (FCAS)",Milliman,"Greeley Square, Manhattan","Who We Are Independent for over 75 years, Milliman delivers market-leading services and solutions to clients worldwide. Today, we are helping companies take on some of the world’s most critical and complex issues, including retirement funding and healthcare financing, risk management and regulatory compliance, data analytics and business transformation. Milliman invests in skills training and career development and gives all employees access to a variety of learning and mentoring opportunities.…",Accounting & Finance Jobs,2025-03-31T01:41:50Z,100000.0,209000.0
"Data Governance and Controls - Senior - Financial Services - Consulting - NYC, Charlotte, Dallas",EY,"Grand Central, Manhattan","Location : New York, Dallas, Charlotte At EY, you'll have the chance to build a career as unique as you are, with the global scale, support, inclusive culture and technology to become the best version of you. And we're counting on your unique voice and perspective to help EY become even better. Join us and build an exceptional experience for yourself, and a better working world for all. The exceptional EY experience. It's yours to build. EY focuses on high-ethical standards and integrity among …",Consultancy Jobs,2025-04-15T10:56:09Z,113619.2,113619.2
Digital Strategy Manager,Applecart,"New York City, New York","Applecart is the leading technology company creating a new category of “Decision Maker Marketing”. The most important decisions are made by the hardest people to reach and influence. Historically, C-suite leaders have lacked the tools to reach the stakeholders that matter most to their business. The C-suites of hundreds of Fortune 500 companies, major agencies, trade associations, nonprofits, and governments use Applecart to put their best content in front of business-critical decision makers a…",Consultancy Jobs,2024-08-05T11:07:15Z,100000.0,125000.0
Ab Initio Developer,Capgemini,"Grand Central, Manhattan","Ab Initio Developer Choosing Capgemini means choosing a company where you will be empowered to shape your career in the way you'd like, where you'll be supported and inspired by?a collaborative community of colleagues around the world, and where you'll be able to reimagine what's possible. Join us and help the world's leading organizations?unlock the value of technology and build a more sustainable, more inclusive world. Job Description - Develop and implement ETL solutions using Ab Initio to m…",IT Jobs,2025-03-19T10:42:53Z,104257.18,104257.18
"Big Data Engineer/Developer, AVP (C12)",Citigroup,"Jersey City, Hudson County","About Citi: Citi, the leading global bank, has approximately 200 million customer accounts and does business in more than 160 countries and jurisdictions. Citi provides consumers, corporations, governments, and institutions with a broad range of financial products and services, including consumer banking and credit, corporate and investment banking, securities brokerage, transaction services, and wealth management. As a bank with a brain and a soul, Citi creates economic value that is systemica…",IT Jobs,2025-03-20T11:58:45Z,95053.25,95053.25
Senior Business Intelligence Data Engineer,Oura,"New York City, New York","Job Description Job Description Our mission at Oura is to empower every person to own their inner potential. Our award-winning products help our global community gain a deeper knowledge of their readiness, activity, and sleep quality by using their Oura Ring and its connected app. We've helped millions of people understand and improve their health by providing daily insights and practical steps to inspire healthy lifestyles. Empowering the world starts with living our values and empowering our …",IT Jobs,2025-04-15T23:21:48Z,171442.94,171442.94
"Springer Nature is hiring: Commissioning Editor, Collections Management and Acqu",Springer Nature,"North Bergen, Hudson County","Job Title: Commissioning Editor, Collections Management and Acquisitions Location: New York or Jersey City (Hybrid Working Model) About Springer Nature Group Springer Nature opens the doors to discovery for researchers, educators, clinicians and other professionals. Every day, around the globe, our imprints, books, journals, platforms and technology solutions reach millions of people. For over 180 years our brands and imprints have been a trusted source of knowledge to these communities and tod…",Scientific & QA Jobs,2025-03-23T07:08:30Z,81130.32,81130.32
"Springer Nature is hiring: Commissioning Editor, Collections Management and Acqu",Springer Nature,"Jersey City, Hudson County","Job Title: Commissioning Editor, Collections Management and Acquisitions Location: New York or Jersey City (Hybrid Working Model) About Springer Nature Group Springer Nature opens the doors to discovery for researchers, educators, clinicians and other professionals. Every day, around the globe, our imprints, books, journals, platforms and technology solutions reach millions of people. For over 180 years our brands and imprints have been a trusted source of knowledge to these communities and tod…",Scientific & QA Jobs,2025-03-23T07:08:27Z,79711.57,79711.57
Equity Sales Assistant,Wolfe Research,"New York City, New York","Wolfe Research is seeking a motivated Sales Assistant to join one of our NY-based Sales Teams. The Sales Assistant role is a great opportunity for a strong candidate with a personality that lends itself to Sales and possesses a genuine interest in financial markets. This role will have the unique opportunity for mentorship with eventual progression into a Sales Associate role. Responsibilities: Support to Senior Sales Team Maintaining the client CRM, including extracting client resource utiliza…","PR, Advertising & Marketing Jobs",2025-02-16T11:20:32Z,70000.0,85000.0
Senior Data Scientist,Oscar Health,"New York City, New York","Hi, we're Oscar. We're hiring a Senior Data Scientist to join our Data team. Oscar is the first health insurance company built around a full stack technology platform and a focus on serving our members. We started Oscar in 2012 to create the kind of health insurance company we would want for ourselves—one that behaves like a doctor in the family. About the role The Senior Data Scientist develops models and runs analyses to enhance business operations and support Oscar's goals. You will report t…",IT Jobs,2024-11-23T06:03:58Z,158400.0,207900.0
Senior Data Scientist,Oscar Health,"New York City, New York","Job Description Job Description Hi, we're Oscar. We're hiring a Senior Data Scientist to join our Data team. Oscar is the first health insurance company built around a full stack technology platform and a focus on serving our members. We started Oscar in 2012 to create the kind of health insurance company we would want for ourselves—one that behaves like a doctor in the family. About the role The Senior Data Scientist develops models and runs analyses to enhance business operations and support …",IT Jobs,2025-04-04T12:46:59Z,154098.88,154098.88
Fund Data Analytics & Operations Associate,PDT Partners,"New York City, New York","PDT Partners – a quantitative investment manager – is seeking an intellectually curious, independent, collaborative professional interested in learning about and contributing to a world-class, quantitative trading business to be part of Fund Analytics & Operations. The role provides an opportunity to participate in all aspects of our complex trading operations, to design and execute procedures, as well as to provide analytics and business insights for key management decisions that allow us to g…",Accounting & Finance Jobs,2024-11-23T06:13:56Z,100000.0,130000.0
Associate,ExtensisHR,"New York City, New York","SCALE is an entirely unique management consulting firm that offers a full range of multidisciplinary solutions exclusively to healthcare service organizations including provider platforms, pharma business services, diagnostic labs, hospital systems, and healthcare focused private equity groups. Our multidisciplinary team of experts bring an average of 25 years of senior healthcare management and operational discipline experience to our engagements, providing tailored solutions that help physici…",Consultancy Jobs,2025-04-05T03:00:42Z,80849.48,80849.48
Software Engineer III- AIML,JPMorganChase,"Jersey City, Hudson County","Description Bring your Software Engineering AIML experience and be an integral part of an agile team that's constantly pushing the envelope to enhance, build, and deliver top-notch technology products. The Chief Data & Analytics Office (CDAO) at JPMorgan Chase is responsible for accelerating the firm’s data and analytics journey. This includes ensuring the quality, integrity, and security of the company's data, as well as leveraging this data to generate insights and drive decision-making. The …",IT Jobs,2025-01-04T07:09:56Z,133000.0,185000.0
Senior Lead Software Engineer-Data Lakes AIML,JPMorganChase,"Jersey City, Hudson County","Description Bring your Senior Lead Software Engineering AIML experience and be an integral part of an agile team that's constantly pushing the envelope to enhance, build, and deliver top-notch technology products. The Chief Data & Analytics Office (CDAO) at JPMorgan Chase is responsible for accelerating the firm’s data and analytics journey. This includes ensuring the quality, integrity, and security of the company's data, as well as leveraging this data to generate insights and drive decision-…",IT Jobs,2025-04-09T23:43:25Z,171000.0,260000.0
"Product Manager II, Emerging Cloud Integrations",Datadog,"New York City, New York","As the Product Manager for Emerging Clouds at Datadog, you’ll own the vision, roadmap, and execution for the next set of clouds we should support at Datadog, beyond the hyperscalers. This is an exciting opportunity to understand the broader public cloud ecosystem and identify new cloud opportunities across different categories - full stack cloud providers, clouds at the edge, data and AI clouds, geo-specific clouds, and so on. The public cloud market segment continues to expand, and these emerg…",IT Jobs,2025-02-26T20:46:47Z,145902.05,145902.05
Senior Contracting Analyst - Mount Sinai Health Partners,Mount Sinai Health System,"Grand Central, Manhattan","Description Mount Sinai is one of the largest U.S. health systems with a strong reputation for quality of care and research. We have over 38,000 employees working together to provide billions of dollars in high-quality care each year for millions of patients. We are accelerating a transition to a business model focused on population health management – our goal is to keep entire communities healthy and out of the hospital. Mount Sinai Health Partners (MSHP) is the team driving this transformati…",Accounting & Finance Jobs,2025-04-08T23:36:03Z,102289.72,102289.72
Facilities Associate,Wolfe Research,"New York City, New York","Daily Responsibilities: Pantry supply restocking (cups, plastic cutlery, paper products, etc.) Printer maintenance (paper, toner replacement, paper jams) Conduct safety and facilities patrols: making sure doors are closed and locked as required, check for new maintenance needs, etc. Managing requests for temporary desks from satellite employees Weekly Responsibilities: Stocking the soda machine Deep clean of two coffee machines As Needed: Desk setups and relocations (New hires, terminations, in…",Scientific & QA Jobs,2025-04-20T00:53:30Z,69972.2,69972.2
Finance Data Strategy and Communication- Senior Vice President - NEW YORK,Citigroup,"New York City, New York","The Data Integration Sr Lead Analyst is responsible for overseeing daily activities to develop and drive internal and external communication efforts for Finance Data efforts through collaboration across functions, regions, and lines of business. This role includes developing communications both internally for consumption by senior management and with external stakeholders including Regulators. The role partners with a range of stakeholders, including senior management, and engages in cross func…",Accounting & Finance Jobs,2025-01-18T15:19:10Z,129008.48,129008.48
Digital Media Analyst Job at Moonbug Entertainment in New York,Moonbug Entertainment,"New York City, New York","Thank you for considering the Digital Media Analyst role with Moonbug Entertainment, an award-winning global entertainment company that inspires kids everywhere to laugh, learn, and grow. The company is behind some of the biggest kids' entertainment brands in the world, including CoComelon and Blippi. Moonbug believes every child should have access to our entertaining and enriching content, which is why our shows are available on more than 150 video platforms globally including Netflix, Disney,…","PR, Advertising & Marketing Jobs",2025-03-12T07:36:00Z,88015.41,88015.41
ETL Team Lead,SMBC Group,"Five Corners, Hudson County","SMBC Group is a top-tier global financial group. Headquartered in Tokyo and with a 400-year history, SMBC Group offers a diverse range of financial services, including banking, leasing, securities, credit cards, and consumer finance. The Group has more than 130 offices and 80,000 employees worldwide in nearly 40 countries. Sumitomo Mitsui Financial Group, Inc. (SMFG) is the holding company of SMBC Group, which is one of the three largest banking groups in Japan. SMFG’s shares trade on the Tokyo…",IT Jobs,2025-04-01T12:53:07Z,168008.48,168008.48
"Big Data Engineer/Developer, AVP (C12)",Citigroup,"Tyler Park, Hudson County","About Citi: Citi, the leading global bank, has approximately 200 million customer accounts and does business in more than 160 countries and jurisdictions. Citi provides consumers, corporations, governments, and institutions with a broad range of financial products and services, including consumer banking and credit, corporate and investment banking, securities brokerage, transaction services, and wealth management. As a bank with a brain and a soul, Citi creates economic value that is systemica…",IT Jobs,2025-03-21T11:44:36Z,87623.8,87623.8
ETL Team Lead,SMBC,"Tyler Park, Hudson County","SMBC Group is a top-tier global financial group. Headquartered in Tokyo and with a 400-year history, SMBC Group offers a diverse range of financial services, including banking, leasing, securities, credit cards, and consumer finance. The Group has more than 130 offices and 80,000 employees worldwide in nearly 40 countries. Sumitomo Mitsui Financial Group, Inc. (SMFG) is the holding company of SMBC Group, which is one of the three largest banking groups in Japan. SMFG's shares trade on the Tokyo…",IT Jobs,2025-01-11T18:56:50Z,162540.73,162540.73
"Senior Manager Q Customer Success, Customer Success Team",Amazon,"Grand Central, Manhattan","Description The Senior Manager of Customer Success is responsible for leading a team of technical and non-technical professionals focused on driving successful SaaS platform implementations and enterprise adoption of AWS's GenAI services stack. In this role, you will manage a portfolio of strategic customer projects, aligning cross-functionally to ensure seamless delivery and an exceptional customer experience. AWS Sales, Marketing, and Global Services (SMGS) is responsible for driving revenue,…",IT Jobs,2025-04-02T11:18:53Z,137992.84,137992.84
"Capital One is hiring: In-Store Advertising Product Manager, Shopping (Remote -",Capital One,"New York City, New York","Center 1 (19052), United States of America, McLean, Virginia In-Store Advertising Product Manager, Shopping (Remote - Eligible) We are looking for a Product Manager to join our growing team in Capital One Shopping. If you have a remarkable ability to use data to tell a story, form a hypothesis and define metrics to identify the success of product initiatives - this is the role for you Product Management at Capital One is a booming, vibrant craft that requires reimagining the status quo, finding…",IT Jobs,2025-01-25T06:17:26Z,177412.89,177412.89
Special Inspector,Metropolitan Transportation Authority,"Brooklyn, New York City","Description Position at MABSTOA Job Information: Title: Special Inspector First date of Posting: 10/28/2024 Last date of filing: Open until filled Authority: (OA) Department: Security Division/Unit: Bus Fare Enforcement-EAGLE Teams Reports to: Special Inspector Supervisor Work Location: Various Hours of Work: Various Compensation: (OA): $57,435 - $88,359 Step 1: $57,435 - Entrance Rate Step 2: $61,851 Step 3: $64,061 Step 4: $68,482 Step 5: $75,107 Step 6: $88,359 Responsibilities: MTA, New Yor…",IT Jobs,2025-01-31T13:43:24Z,57435.0,88359.0
"Director, Analytics",GroupM,"Grand Central, Manhattan","EssenceMediacom is a new breed of media agency. Grounded in analytics & insights and powered by data & technology, we believe in the power of media and creative to drive breakthroughs for the world’s best brands. We help clients understand the modern marketing paradox and discover the breakthroughs brands need to win with their consumers. We are designed for the new communications economy — built on data & technology, built for people & algorithms, built around diverse schools of thought, built…","PR, Advertising & Marketing Jobs",2025-03-04T10:35:05Z,128296.62,128296.62
"Senior Manager, Data Science",Oscar Health,"New York City, New York","Job Description Job Description Hi, we're Oscar. We're hiring a Senior Manager to join our Data team. Oscar is the first health insurance company built around a full stack technology platform and a focus on serving our members. We started Oscar in 2012 to create the kind of health insurance company we would want for ourselves—one that behaves like a doctor in the family. About the role As a Lead Data Scientist, you will be responsible for collaborating with clinical programs teams and other sta…",Healthcare & Nursing Jobs,2025-04-12T13:17:27Z,141766.22,141766.22
"Director, Analytics",GroupM,"New York City, New York","Description Position at GroupM Role Summary & Impact In this role, you will drive and shape measurement strategy and testing for one of our largest clients. You will partner with local and global Business Science teams and collaborate with clients and internal product teams to evolve the current practices and products. You will be responsible for advanced analytics (e.g. reporting, path analysis, attribution modeling, etc.), working with brand and sales lift studies, as well as MMM and potentia…","PR, Advertising & Marketing Jobs",2024-12-24T08:20:12Z,100000.0,230000.0
"Senior Manager, Data Science",Oscar Health,"New York City, New York","Hi, we're Oscar. We're hiring a Senior Manager to join our Data team. Oscar is the first health insurance company built around a full stack technology platform and a focus on serving our members. We started Oscar in 2012 to create the kind of health insurance company we would want for ourselves—one that behaves like a doctor in the family. About the role As a Lead Data Scientist, you will be responsible for collaborating with clinical programs teams and other stakeholders to help our members ge…",Healthcare & Nursing Jobs,2024-12-13T06:23:42Z,174400.0,228900.0
Senior Software Engineer - Media Data Engineering,Bloomberg,"Grand Central, Manhattan","Our Team Bloomberg Media empowers global business leaders with breaking news, expert opinion and proprietary data distributed with global reach. With over 30 million unique visitors each month, our flagship website bloomberg.com is the go-to destination for those looking to stay ahead of the curve. As one of the top 10 most visited financial and news sites on the web, we take pride in delivering top-quality content that our audience can trust. Media Data Engineering owns a variety of structured…",IT Jobs,2025-04-03T11:28:28Z,115905.9,115905.9
Finance Data Strategy and Communication- Senior Vice President - NEW YORK Job at,Citigroup Inc.,"New York City, New York","The Data Integration Sr Lead Analyst is responsible for overseeing daily activities to develop and drive internal and external communication efforts for Finance Data efforts through collaboration across functions, regions, and lines of business. This role includes developing communications both internally for consumption by senior management and with external stakeholders including Regulators. The role partners with a range of stakeholders, including senior management, and engages in cross func…",Accounting & Finance Jobs,2025-04-20T15:31:01Z,121687.01,121687.01
Finance Data Strategy and Communication- Senior Vice President - NEW YORK,Citigroup Inc.,"New York City, New York","The Data Integration Sr Lead Analyst is responsible for overseeing daily activities to develop and drive internal and external communication efforts for Finance Data efforts through collaboration across functions, regions, and lines of business. This role includes developing communications both internally for consumption by senior management and with external stakeholders including Regulators. The role partners with a range of stakeholders, including senior management, and engages in cross func…",Accounting & Finance Jobs,2025-04-19T15:41:46Z,127482.88,127482.88
"Citigroup, Inc. is hiring: Finance Data Strategy and Communication- Senior Vice","Citigroup, Inc.","New York City, New York","The Data Integration Sr Lead Analyst is responsible for overseeing daily activities to develop and drive internal and external communication efforts for Finance Data efforts through collaboration across functions, regions, and lines of business. This role includes developing communications both internally for consumption by senior management and with external stakeholders including Regulators. The role partners with a range of stakeholders, including senior management, and engages in cross func…",Accounting & Finance Jobs,2025-03-01T06:13:52Z,123897.64,123897.64
"Senior Data Management Professional - Data Product Owner, Semantic Modeling - Company Financials",Bloomberg,"Grand Central, Manhattan","Bloomberg runs on data, and in Data we're responsible for acquiring and providing it to our clients. We collect, model, analyze, and publish data which is the backbone of the Bloomberg Terminal. We apply problem-solving skills to identify innovative workflow efficiencies, and we implement solutions to enhance our systems, products and processes- all while delivering advanced insights to our clients. We're responsible for delivering this data, news and analytics through innovative technology - q…",IT Jobs,2025-02-16T09:29:56Z,142163.31,142163.31
Senior Data Management Professional - Data Product Owner - Company Financials,Bloomberg,"Grand Central, Manhattan","Bloomberg runs on data, and in Data we're responsible for acquiring and providing it to our clients. We collect, model, analyze, and publish data which is the backbone of the Bloomberg Terminal. We apply problem-solving skills to identify innovative workflow efficiencies, and we implement solutions to enhance our systems, products and processes- all while delivering advanced insights to our clients. We're responsible for delivering this data, news and analytics through innovative technology - q…",IT Jobs,2025-02-16T09:29:56Z,128974.66,128974.66
"Data Engineer II, GTPC Tech, AWS Security Assurance",Amazon,"Grand Central, Manhattan","Description Do you want to innovate on a new platform with Amazon Web Services (AWS)? Come join our team in AWS, you'll help us design and deliver data engineering solutions that enables AWS to expand our operations into new data centers worldwide. Our green-field solutions will support programs in compliance and sustainability, and build a platform that will extend to first-class AWS services. You will collaborate with engineers designing data solutions at scale. Global Trade and Product Compl…",IT Jobs,2025-01-17T18:58:18Z,126009.07,126009.07
OHS Business Analyst,Metropolitan Transportation Authority,"Brooklyn, New York City","Description Position at MTA Headquarters JOB TITLE: OHS Business Analyst SALARY RANGE: $65,000 - $75,000 DEPT/DIV: Occupational Health Services (OHS) HAY POINTS: 342 SUPERVISOR: Deputy Director, OHS Operational Support LOCATION: 300 Cadman Plaza, Brooklyn, NY 11201 HOURS OF WORK: 9:00 am - 5:30 pm (7.5 hours/day)  DEADLINE: Open until filled This position is eligible for telework which is currently one day per week. New hires are eligible to apply for telework 30 days after their effective date…",Scientific & QA Jobs,2025-03-13T23:45:32Z,65000.0,75000.0
Finance Data Strategy and Communication- Senior Vice President - NEW YORK,Citigroup,"Grand Central, Manhattan","The Data Integration Sr Lead Analyst is responsible for overseeing daily activities to develop and drive internal and external communication efforts for Finance Data efforts through collaboration across functions, regions, and lines of business. This role includes developing communications both internally for consumption by senior management and with external stakeholders including Regulators. The role partners with a range of stakeholders, including senior management, and engages in cross func…",Accounting & Finance Jobs,2025-01-18T19:01:21Z,106996.68,106996.68
Equity Research Associate- Large & SMID Cap Internet,Wolfe Research,"New York City, New York","About the Role: Wolfe Research is seeking an Associate to join its NY Based Institutional Investor-ranked Large & SMID Cap Internet Team. They will report to the Senior Analyst and will be responsible for assisting in all aspects of the franchise including modeling, note writing, and helping to create differentiated research analyses. As they develop, responsibilities will expand to include communicating with clients and sales/traders, as well as participating in the creative process. The role …",Accounting & Finance Jobs,2025-04-18T00:49:24Z,95000.0,130000.0
"Director, Analytics",Group M,"New York City, New York","EssenceMediacom is a new breed of media agency. Grounded in analytics & insights and powered by data & technology, we believe in the power of media and creative to drive breakthroughs for the world’s best brands. We help clients understand the modern marketing paradox and discover the breakthroughs brands need to win with their consumers. We are designed for the new communications economy — built on data & technology, built for people & algorithms, built around diverse schools of thought, built…","PR, Advertising & Marketing Jobs",2025-02-10T20:33:31Z,145202.31,145202.31
Equity Research Associate- Semiconductors,Wolfe Research,"New York City, New York","About the Role: Wolfe Research is seeking an Associate to join its NY Based Institutional Investor-ranked Semiconductors Team. They will report to the Senior Analyst and will be responsible for assisting in all aspects of the franchise including modeling, note writing, and helping to create differentiated research analyses. As they develop, responsibilities will expand to include communicating with clients and sales/traders, as well as participating in the creative process. The role requires ac…",Accounting & Finance Jobs,2025-03-21T19:16:28Z,95000.0,120000.0
"Director, Analytics",GroupM Choreograph,"New York City, New York","Description Position at GroupM Choreograph EssenceMediacom is a new breed of media agency. Grounded in analytics & insights and powered by data & technology, we believe in the power of media and creative to drive breakthroughs for the world’s best brands. We help clients understand the modern marketing paradox and discover the breakthroughs brands need to win with their consumers. We are designed for the new communications economy — built on data & technology, built for people & algorithms, bui…","PR, Advertising & Marketing Jobs",2025-03-08T20:55:57Z,100000.0,230000.0
Equity Research Associate-Metals & Mining,Wolfe Research,"New York City, New York","About the Role: Wolfe Research is seeking an Associate to join its NY Based Institutional Investor-ranked Metals & Mining Team. They will report to the Senior Analyst and will be responsible for assisting in all aspects of the franchise including modeling, note writing, and helping to create differentiated research analyses. As they develop, responsibilities will expand to include communicating with clients and sales/traders, as well as participating in the creative process. The role requires a…",Accounting & Finance Jobs,2025-04-19T19:20:26Z,85000.0,120000.0
Customer Success,Spade,"New York City, New York","What is Spade? Spade is building the next generation of fintech infrastructure by providing real-time merchant intelligence for the card ecosystem. We leverage a proprietary, ground-truth database to link any card transaction to a real merchant identity – providing granular merchant, category, and geolocation information. Our API leads the market in terms of merchant coverage, data accuracy, and speed of transaction enrichment. We’re a fast growing, Series A company backed by industry experts a…",Accounting & Finance Jobs,2025-02-23T20:06:04Z,130000.0,160000.0
Senior Product Manager,Horizon Media,"New York City, New York","Job Description Horizon Media, founded in 1989 by Bill Koenigsberg, is recognized as one of the most innovative marketing and advertising firms. We are headquartered in New York City, with offices in Los Angeles and Toronto. A leader in driving business solutions for marketers, Horizon is known for its highly personal approach to client service. Renowned for its incredible culture, Horizon is consistently named to all the prestigious annual Best Places to Work lists published by Fortune, AdAge,…",IT Jobs,2025-03-20T20:54:47Z,135000.0,150000.0
"Business Analyst, Marketing, GCIPM Strategy and Operations",Amazon,"New York City, New York","Description Amazon Web Services (AWS), a subsidiary of Amazon.com and a leader in cloud computing, is seeking an experienced and data-driven Marketing Business Analyst to join our high-performing marketing team. In this pivotal role, you will be responsible for analyzing marketing data, uncovering insights, and providing strategic recommendations to drive business growth and optimize marketing performance. Key job responsibilities Collect, analyze, and interpret complex data sets from various s…","PR, Advertising & Marketing Jobs",2025-04-01T16:44:23Z,124720.38,124720.38
"Manager, Product Owner",Girl Scouts of the USA,"Chelsea and Clinton, Manhattan","Girl Scouts of the USA Founded in 1912, Girl Scouts of the USA (GSUSA) is the preeminent leadership development organization for girls and the leading authority on their healthy development. Millions of Girl Scout alums across the country and the world have gone on to achieve incredible things and make a tremendous impact in fields ranging from public policy, medicine, journalism, and athletics to international relations, science, technology, art, and entertainment. As a mission-driven organiza…",IT Jobs,2025-02-19T06:48:05Z,143775.45,143775.45
Integration Engineer,Lindblad Expeditions,"New York City, New York","WHO WE ARE Lindblad Expeditions is a true pioneer in Expedition Travel. From taking the first citizen explorers to Antarctica in 1966, opening the Galapagos and Easter Island to tourism in 1967, leading the first tourist expedition through the Northwest Passage in 1984, and launching our innovative partnership with National Geographic in 2004, we're now taking almost 30,000 guests a year to some of the world’s most remote and pristine locations on our fleet of 21 ships, and are committed to ens…",IT Jobs,2025-03-18T22:29:48Z,94177.28,94177.28
Senior Associate,Impendi Analytics,"New York City, New York","COMPANY OVERVIEW Impendi Analytics is a boutique, data-driven management consulting company focused exclusively on deliveringCost Reduction Programs, Strategic Sourcing, and Spend Visibility solutions. Founded by former partners of one of the world’s largest Big Data firms, our vision is to help our customers level the playing field between sophisticated sellers and under-resourced procurement organizations. We are a team of professionals located in the UnitedStates, United Kingdom and India, w…",Consultancy Jobs,2024-08-19T13:07:26Z,114904.26,114904.26
"CRM Data Warehouse Manager, BI & Analytics",NYU,"New York City, New York","University Development and Alumni Relations (UDAR) is dedicated to soliciting the private funding necessary to support the strategic goals of the University in teaching, learning, and research. The personnel of UDAR work university-wide as well as within individual schools and colleges of the University to discover, motivate, cultivate, solicit, and steward alumni, parents, faculty, and friends for immediate, long-range, and future financial support, through gifts and pledges to the University,…",IT Jobs,2025-01-30T11:42:34Z,103503.96,103503.96
Control Manager - Global Data - Finance & Administration,Bloomberg,"Grand Central, Manhattan","The energy of a newsroom, the pace of a trading floor, the buzz of a recent tech breakthrough; we work hard, and we work fast - while keeping up the quality and accuracy we're known for. It's what keeps us inventing and reinventing, all the time. Our culture is wide open, just like our spaces. We bring out the best in each other through collaboration. Through our countless volunteer projects, we also help network with the communities around us, too. You can do amazing work here. Work you couldn…",Accounting & Finance Jobs,2025-03-26T10:46:14Z,97188.29,97188.29
Epic Tableau SQL Developer,Deloitte,"Grand Central, Manhattan","Are you an experienced, passionate pioneer in technology who wants to work in a collaborative environment? As an experienced Epic Tableau SQL Developer you will have the ability to share new ideas and collaborate on projects as a consultant without the extensive demands of travel. If so, consider an opportunity with Deloitte under our Project Delivery Talent Model. Project Delivery Model (PDM) is a talent model that is tailored specifically for long-term, onsite client service delivery. Work yo…",IT Jobs,2025-04-05T11:20:14Z,116129.84,116129.84
Epic Tableau SQL Developer,Deloitte,"Tyler Park, Hudson County","Are you an experienced, passionate pioneer in technology who wants to work in a collaborative environment? As an experienced Epic Tableau SQL Developer you will have the ability to share new ideas and collaborate on projects as a consultant without the extensive demands of travel. If so, consider an opportunity with Deloitte under our Project Delivery Talent Model. Project Delivery Model (PDM) is a talent model that is tailored specifically for long-term, onsite client service delivery. Work yo…",IT Jobs,2025-04-05T12:00:31Z,123194.71,123194.71
Data Science Summer Intern,AllianceBernstein LP,"New York City, New York","Data Science Summer Intern Location: New York, NY We are seeking a talented, highly motivated individual who have demonstrated significant academic achievement, intellectual curiosity and an interest in financial services. The internship is designed to give the candidate exposure to data science through projects with senior analysts and researchers on topical research, which may include AI, text mining, machine learning and leading edge technologies. The specific assignments can vary and will b…",IT Jobs,2024-12-09T07:30:13Z,75712.12,75712.12
